source,direction,mcs_table,mcs_index,prb_count,sinr_db,tbler,tbs_bits,code_block_size_bits,code_block_count
ns-3-5g-lena,PDSCH,Table 1,0,10,-2.16,0.9903846,288,400,1
ns-3-5g-lena,PDSCH,Table 1,0,10,-1.425,0.5223029,288,400,1
ns-3-5g-lena,PDSCH,Table 1,0,10,-0.69,0.00649999999999995,288,400,1
ns-3-5g-lena,PDSCH,Table 1,0,10,0.045,0.0,288,400,1
ns-3-5g-lena,PDSCH,Table 1,0,100,-1.83,1.0,2792,2880,1
ns-3-5g-lena,PDSCH,Table 1,0,100,-1.2975,0.5567686,2792,2880,1
ns-3-5g-lena,PDSCH,Table 1,0,100,-0.765,0.0031999999999999806,2792,2880,1
ns-3-5g-lena,PDSCH,Table 1,0,100,-0.2325,9.999999999998899e-05,2792,2880,1
ns-3-5g-lena,PDSCH,Table 1,0,100,0.3,0.0,2792,2880,1
ns-3-5g-lena,PDSCH,Table 1,0,200,-1.83,1.0,5640,2880,2
ns-3-5g-lena,PDSCH,Table 1,0,200,-1.2975,0.80354592605404,5640,2880,2
ns-3-5g-lena,PDSCH,Table 1,0,200,-0.765,0.006389759999999911,5640,2880,2
ns-3-5g-lena,PDSCH,Table 1,0,200,-0.2325,0.00019998999999992773,5640,2880,2
ns-3-5g-lena,PDSCH,Table 1,0,200,0.3,0.0,5640,2880,2
ns-3-5g-lena,PDSCH,Table 1,1,10,-1.3225,0.9923077,368,520,1
ns-3-5g-lena,PDSCH,Table 1,1,10,-0.92307,0.8690878,368,520,1
ns-3-5g-lena,PDSCH,Table 1,1,10,-0.52364,0.4392241,368,520,1
ns-3-5g-lena,PDSCH,Table 1,1,10,-0.12421,0.06810000000000005,368,520,1
ns-3-5g-lena,PDSCH,Table 1,1,10,0.27522,0.0026000000000000467,368,520,1
ns-3-5g-lena,PDSCH,Table 1,1,10,0.67,0.0,368,520,1
ns-3-5g-lena,PDSCH,Table 1,1,100,-1.4,0.9038462,3752,3840,1
ns-3-5g-lena,PDSCH,Table 1,1,100,-0.3,0.5473404,3752,3840,1
ns-3-5g-lena,PDSCH,Table 1,1,100,0.8,0.12148740000000002,3752,3840,1
ns-3-5g-lena,PDSCH,Table 1,1,100,1.9,0.0042999999999999705,3752,3840,1
ns-3-5g-lena,PDSCH,Table 1,1,100,3.0,0.0,3752,3840,1
ns-3-5g-lena,PDSCH,Table 1,1,200,-1.4,0.99075444674556,7304,3840,2
ns-3-5g-lena,PDSCH,Table 1,1,200,-0.3,0.7950992865278399,7304,3840,2
ns-3-5g-lena,PDSCH,Table 1,1,200,0.8,0.22821561164124005,7304,3840,2
ns-3-5g-lena,PDSCH,Table 1,1,200,1.9,0.008581509999999959,7304,3840,2
ns-3-5g-lena,PDSCH,Table 1,1,200,3.0,0.0,7304,3840,2
ns-3-5g-lena,PDSCH,Table 1,2,10,-0.5899,0.9865385,456,600,1
ns-3-5g-lena,PDSCH,Table 1,2,10,-0.15397,0.7434211,456,600,1
ns-3-5g-lena,PDSCH,Table 1,2,10,0.28195,0.20360619999999996,456,600,1
ns-3-5g-lena,PDSCH,Table 1,2,10,0.71787,0.010399999999999965,456,600,1
ns-3-5g-lena,PDSCH,Table 1,2,10,1.1538,0.0,456,600,1
ns-3-5g-lena,PDSCH,Table 1,2,100,-0.47077,0.99984375,4488,2400,2
ns-3-5g-lena,PDSCH,Table 1,2,100,-0.1837,0.96062255859375,4488,2400,2
ns-3-5g-lena,PDSCH,Table 1,2,100,0.10338,0.4453946536451101,4488,2400,2
ns-3-5g-lena,PDSCH,Table 1,2,100,0.39045,0.028395509999999957,4488,2400,2
ns-3-5g-lena,PDSCH,Table 1,2,100,0.67753,0.000399959999999977,4488,2400,2
ns-3-5g-lena,PDSCH,Table 1,2,200,-0.7,1.0,8976,3200,3
ns-3-5g-lena,PDSCH,Table 1,2,200,-0.225,0.9992821450173022,8976,3200,3
ns-3-5g-lena,PDSCH,Table 1,2,200,0.09,0.6517855790402927,8976,3200,3
ns-3-5g-lena,PDSCH,Table 1,2,200,0.25,0.20082124800000012,8976,3200,3
ns-3-5g-lena,PDSCH,Table 1,2,200,0.41,0.024988912703999944,8976,3200,3
ns-3-5g-lena,PDSCH,Table 1,2,200,0.725,0.0008997300269999453,8976,3200,3
ns-3-5g-lena,PDSCH,Table 1,2,200,1.2,0.0005998800079999311,8976,3200,3
ns-3-5g-lena,PDSCH,Table 1,3,10,0.45644,0.9730769,608,720,1
ns-3-5g-lena,PDSCH,Table 1,3,10,0.86921,0.6666667,608,720,1
ns-3-5g-lena,PDSCH,Table 1,3,10,1.282,0.13963210000000004,608,720,1
ns-3-5g-lena,PDSCH,Table 1,3,10,1.6947,0.00550000000000006,608,720,1
ns-3-5g-lena,PDSCH,Table 1,3,10,2.1075,0.0,608,720,1
ns-3-5g-lena,PDSCH,Table 1,3,100,0.51455,1.0,5896,3200,2
ns-3-5g-lena,PDSCH,Table 1,3,100,0.91014,0.87696370431591,5896,3200,2
ns-3-5g-lena,PDSCH,Table 1,3,100,1.3057,0.049569990000000064,5896,3200,2
ns-3-5g-lena,PDSCH,Table 1,3,100,1.7013,0.0,5896,3200,2
ns-3-5g-lena,PDSCH,Table 1,3,200,0.51455,1.0,11784,3200,4
ns-3-5g-lena,PDSCH,Table 1,3,200,0.91014,0.9848620699443372,11784,3200,4
ns-3-5g-lena,PDSCH,Table 1,3,200,1.3057,0.09668279609139996,11784,3200,4
ns-3-5g-lena,PDSCH,Table 1,3,200,1.7013,0.0,11784,3200,4
ns-3-5g-lena,PDSCH,Table 1,4,10,1.2475,1.0,736,800,1
ns-3-5g-lena,PDSCH,Table 1,4,10,1.73,0.6107143,736,800,1
ns-3-5g-lena,PDSCH,Table 1,4,10,1.965,0.13367130000000005,736,800,1
ns-3-5g-lena,PDSCH,Table 1,4,10,2.2,0.005800000000000027,736,800,1
ns-3-5g-lena,PDSCH,Table 1,4,10,2.6825,0.0,736,800,1
ns-3-5g-lena,PDSCH,Table 1,4,100,1.2,1.0,7168,7744,1
ns-3-5g-lena,PDSCH,Table 1,4,100,1.55,0.9257246,7168,7744,1
ns-3-5g-lena,PDSCH,Table 1,4,100,1.725,0.5852535,7168,7744,1
ns-3-5g-lena,PDSCH,Table 1,4,100,1.9,0.1739583,7168,7744,1
ns-3-5g-lena,PDSCH,Table 1,4,100,2.25,0.00029999999999996696,7168,7744,1
ns-3-5g-lena,PDSCH,Table 1,4,100,2.775,0.0,7168,7744,1
ns-3-5g-lena,PDSCH,Table 1,4,200,1.2,1.0,14344,7744,2
ns-3-5g-lena,PDSCH,Table 1,4,200,1.55,0.99448316495484,14344,7744,2
ns-3-5g-lena,PDSCH,Table 1,4,200,1.725,0.82798534073775,14344,7744,2
ns-3-5g-lena,PDSCH,Table 1,4,200,1.9,0.31765510986111,14344,7744,2
ns-3-5g-lena,PDSCH,Table 1,4,200,2.25,0.0005999099999999258,14344,7744,2
ns-3-5g-lena,PDSCH,Table 1,4,200,2.775,0.0,14344,7744,2
ns-3-5g-lena,PDSCH,Table 1,5,10,1.66,1.0,888,960,1
ns-3-5g-lena,PDSCH,Table 1,5,10,2.07,0.9961538,888,960,1
ns-3-5g-lena,PDSCH,Table 1,5,10,2.48,0.7266949,888,960,1
ns-3-5g-lena,PDSCH,Table 1,5,10,2.89,0.04200000000000004,888,960,1
ns-3-5g-lena,PDSCH,Table 1,5,10,3.3,0.0,888,960,1
ns-3-5g-lena,PDSCH,Table 1,5,100,1.6,1.0,8968,4576,2
ns-3-5g-lena,PDSCH,Table 1,5,100,2.16,0.99981878801775,8968,4576,2
ns-3-5g-lena,PDSCH,Table 1,5,100,2.4325,0.93162073106751,8968,4576,2
ns-3-5g-lena,PDSCH,Table 1,5,100,2.71,0.30684950779644005,8968,4576,2
ns-3-5g-lena,PDSCH,Table 1,5,100,3.265,0.0,8968,4576,2
ns-3-5g-lena,PDSCH,Table 1,5,200,1.4,1.0,17928,6336,3
ns-3-5g-lena,PDSCH,Table 1,5,200,2.2,0.9999998888749217,17928,6336,3
ns-3-5g-lena,PDSCH,Table 1,5,200,2.73,0.44385931670049217,17928,6336,3
ns-3-5g-lena,PDSCH,Table 1,5,200,3.0,0.01046329287500014,17928,6336,3
ns-3-5g-lena,PDSCH,Table 1,5,200,3.27,0.0,17928,6336,3
ns-3-5g-lena,PDSCH,Table 1,6,10,2.5,1.0,1064,1120,1
ns-3-5g-lena,PDSCH,Table 1,6,10,2.9375,0.9836538,1064,1120,1
ns-3-5g-lena,PDSCH,Table 1,6,10,3.375,0.3882979,1064,1120,1
ns-3-5g-lena,PDSCH,Table 1,6,10,3.8125,0.0036000000000000476,1064,1120,1
ns-3-5g-lena,PDSCH,Table 1,6,10,4.25,0.0,1064,1120,1
ns-3-5g-lena,PDSCH,Table 1,6,100,2.1,1.0,10504,5632,2
ns-3-5g-lena,PDSCH,Table 1,6,100,3.0,0.998001194736,10504,5632,2
ns-3-5g-lena,PDSCH,Table 1,6,100,3.3,0.6613300074470398,10504,5632,2
ns-3-5g-lena,PDSCH,Table 1,6,100,3.6,0.03822751000000002,10504,5632,2
ns-3-5g-lena,PDSCH,Table 1,6,100,3.9,0.0,10504,5632,2
ns-3-5g-lena,PDSCH,Table 1,6,200,2.88,0.9999999991111104,21000,7040,3
ns-3-5g-lena,PDSCH,Table 1,6,200,3.2175,0.978584783053049,21000,7040,3
ns-3-5g-lena,PDSCH,Table 1,6,200,3.555,0.16410311200000016,21000,7040,3
ns-3-5g-lena,PDSCH,Table 1,6,200,3.8925,0.0,21000,7040,3
ns-3-5g-lena,PDSCH,Table 1,7,10,3.21,1.0,1256,1280,1
ns-3-5g-lena,PDSCH,Table 1,7,10,3.67,0.9498175,1256,1280,1
ns-3-5g-lena,PDSCH,Table 1,7,10,3.905,0.59375,1256,1280,1
ns-3-5g-lena,PDSCH,Table 1,7,10,4.14,0.1341561,1256,1280,1
ns-3-5g-lena,PDSCH,Table 1,7,10,4.6,0.0,1256,1280,1
ns-3-5g-lena,PDSCH,Table 1,7,100,3.2176,1.0,12296,6336,2
ns-3-5g-lena,PDSCH,Table 1,7,100,3.6,0.99959227102071,12296,6336,2
ns-3-5g-lena,PDSCH,Table 1,7,100,3.7972,0.93010966632316,12296,6336,2
ns-3-5g-lena,PDSCH,Table 1,7,100,3.99,0.41262368253696,12296,6336,2
ns-3-5g-lena,PDSCH,Table 1,7,100,4.3769,0.0005999099999999258,12296,6336,2
ns-3-5g-lena,PDSCH,Table 1,7,100,4.9565,0.0,12296,6336,2
ns-3-5g-lena,PDSCH,Table 1,7,200,3.21,1.0,24576,8448,3
ns-3-5g-lena,PDSCH,Table 1,7,200,3.67,0.9998736262479841,24576,8448,3
ns-3-5g-lena,PDSCH,Table 1,7,200,3.905,0.932952880859375,24576,8448,3
ns-3-5g-lena,PDSCH,Table 1,7,200,4.14,0.3508892450925921,24576,8448,3
ns-3-5g-lena,PDSCH,Table 1,7,200,4.6,0.0,24576,8448,3
ns-3-5g-lena,PDSCH,Table 1,8,10,4.4,0.9546296,1416,1440,1
ns-3-5g-lena,PDSCH,Table 1,8,10,4.675,0.5407839,1416,1440,1
ns-3-5g-lena,PDSCH,Table 1,8,10,4.95,0.0756,1416,1440,1
ns-3-5g-lena,PDSCH,Table 1,8,10,5.225,0.0018000000000000238,1416,1440,1
ns-3-5g-lena,PDSCH,Table 1,8,10,5.5,0.0,1416,1440,1
ns-3-5g-lena,PDSCH,Table 1,8,100,4.2,1.0,14088,7744,2
ns-3-5g-lena,PDSCH,Table 1,8,100,4.6,0.950466601279,14088,7744,2
ns-3-5g-lena,PDSCH,Table 1,8,100,5.0,0.04175479000000004,14088,7744,2
ns-3-5g-lena,PDSCH,Table 1,8,100,5.4,0.0,14088,7744,2
ns-3-5g-lena,PDSCH,Table 1,8,200,4.2,1.0,28168,7744,4
ns-3-5g-lena,PDSCH,Table 1,8,200,4.6,0.9975464424111464,28168,7744,4
ns-3-5g-lena,PDSCH,Table 1,8,200,5.0,0.08176611751205598,28168,7744,4
ns-3-5g-lena,PDSCH,Table 1,8,200,5.4,0.0,28168,7744,4
ns-3-5g-lena,PDSCH,Table 1,9,10,4.5,1.0,1608,1760,1
ns-3-5g-lena,PDSCH,Table 1,9,10,4.9,0.9990385,1608,1760,1
ns-3-5g-lena,PDSCH,Table 1,9,10,5.3,0.8559603,1608,1760,1
ns-3-5g-lena,PDSCH,Table 1,9,10,5.7,0.11851420000000001,1608,1760,1
ns-3-5g-lena,PDSCH,Table 1,9,10,6.1,0.0007000000000000339,1608,1760,1
ns-3-5g-lena,PDSCH,Table 1,9,100,4.5,1.0,15880,8448,2
ns-3-5g-lena,PDSCH,Table 1,9,100,4.9,0.99999907551775,15880,8448,2
ns-3-5g-lena,PDSCH,Table 1,9,100,5.3,0.97925256482391,15880,8448,2
ns-3-5g-lena,PDSCH,Table 1,9,100,5.7,0.22298278439836006,15880,8448,2
ns-3-5g-lena,PDSCH,Table 1,9,100,6.1,0.0013995100000000482,15880,8448,2
ns-3-5g-lena,PDSCH,Table 1,9,200,4.5,1.0,31752,8448,4
ns-3-5g-lena,PDSCH,Table 1,9,200,4.9,0.9999999999991454,31752,8448,4
ns-3-5g-lena,PDSCH,Table 1,9,200,5.3,0.999569543933614,31752,8448,4
ns-3-5g-lena,PDSCH,Table 1,9,200,5.7,0.3962442466586745,31752,8448,4
ns-3-5g-lena,PDSCH,Table 1,9,200,6.1,0.0027970613717600568,31752,8448,4
ns-3-5g-lena,PDSCH,Table 1,10,10,5.4275,1.0,1608,1760,1
ns-3-5g-lena,PDSCH,Table 1,10,10,6.08,0.7362717,1608,1760,1
ns-3-5g-lena,PDSCH,Table 1,10,10,6.4076,0.08079999999999998,1608,1760,1
ns-3-5g-lena,PDSCH,Table 1,10,10,6.73,0.00039999999999995595,1608,1760,1
ns-3-5g-lena,PDSCH,Table 1,10,10,7.3877,0.0,1608,1760,1
ns-3-5g-lena,PDSCH,Table 1,10,100,5.4275,1.0,15880,8448,2
ns-3-5g-lena,PDSCH,Table 1,10,100,6.08,0.93044738377911,15880,8448,2
ns-3-5g-lena,PDSCH,Table 1,10,100,6.4076,0.15507136,15880,8448,2
ns-3-5g-lena,PDSCH,Table 1,10,100,6.73,0.0007998399999998851,15880,8448,2
ns-3-5g-lena,PDSCH,Table 1,10,100,7.3877,0.0,15880,8448,2
ns-3-5g-lena,PDSCH,Table 1,10,200,5.4275,1.0,31752,8448,4
ns-3-5g-lena,PDSCH,Table 1,10,200,6.08,0.9951624335768295,31752,8448,4
ns-3-5g-lena,PDSCH,Table 1,10,200,6.4076,0.28609559330775036,31752,8448,4
ns-3-5g-lena,PDSCH,Table 1,10,200,6.73,0.0015990402559742378,31752,8448,4
ns-3-5g-lena,PDSCH,Table 1,10,200,7.3877,0.0,31752,8448,4
ns-3-5g-lena,PDSCH,Table 1,11,10,6.1395,1.0,1800,1920,1
ns-3-5g-lena,PDSCH,Table 1,11,10,6.4796,0.9770992,1800,1920,1
ns-3-5g-lena,PDSCH,Table 1,11,10,6.8196,0.48745170000000004,1800,1920,1
ns-3-5g-lena,PDSCH,Table 1,11,10,7.1597,0.014100000000000001,1800,1920,1
ns-3-5g-lena,PDSCH,Table 1,11,10,7.4998,0.0,1800,1920,1
ns-3-5g-lena,PDSCH,Table 1,11,100,6.0081,1.0,17928,6336,3
ns-3-5g-lena,PDSCH,Table 1,11,100,6.4469,0.9999588831478436,17928,6336,3
ns-3-5g-lena,PDSCH,Table 1,11,100,6.74,0.7584735820486703,17928,6336,3
ns-3-5g-lena,PDSCH,Table 1,11,100,6.8857,0.22029587833600006,17928,6336,3
ns-3-5g-lena,PDSCH,Table 1,11,100,7.03,0.02203612522399989,17928,6336,3
ns-3-5g-lena,PDSCH,Table 1,11,100,7.3245,0.0,17928,6336,3
ns-3-5g-lena,PDSCH,Table 1,11,200,6.3,1.0,35856,7744,5
ns-3-5g-lena,PDSCH,Table 1,11,200,6.7062,0.9975477900437506,35856,7744,5
ns-3-5g-lena,PDSCH,Table 1,11,200,7.1125,0.009463968524864308,35856,7744,5
ns-3-5g-lena,PDSCH,Table 1,11,200,7.5187,0.0,35856,7744,5
ns-3-5g-lena,PDSCH,Table 1,12,10,7.0361,0.9990385,2088,2240,1
ns-3-5g-lena,PDSCH,Table 1,12,10,7.3634,0.9001736,2088,2240,1
ns-3-5g-lena,PDSCH,Table 1,12,10,7.6906,0.23054030000000003,2088,2240,1
ns-3-5g-lena,PDSCH,Table 1,12,10,8.0179,0.0020999999999999908,2088,2240,1
ns-3-5g-lena,PDSCH,Table 1,12,10,8.3451,0.0,2088,2240,1
ns-3-5g-lena,PDSCH,Table 1,12,100,7.0,1.0,20496,7040,3
ns-3-5g-lena,PDSCH,Table 1,12,100,7.37,0.9999770716698558,20496,7040,3
ns-3-5g-lena,PDSCH,Table 1,12,100,7.55,0.9745992238445332,20496,7040,3
ns-3-5g-lena,PDSCH,Table 1,12,100,7.73,0.45742860833391286,20496,7040,3
ns-3-5g-lena,PDSCH,Table 1,12,100,8.1,0.0005998800079999311,20496,7040,3
ns-3-5g-lena,PDSCH,Table 1,12,100,8.65,0.0,20496,7040,3
ns-3-5g-lena,PDSCH,Table 1,12,200,7.0361,0.9999999999999992,40976,8448,5
ns-3-5g-lena,PDSCH,Table 1,12,200,7.3634,0.9999900864991531,40976,8448,5
ns-3-5g-lena,PDSCH,Table 1,12,200,7.6906,0.7302699119076421,40976,8448,5
ns-3-5g-lena,PDSCH,Table 1,12,200,8.0179,0.010455992512800272,40976,8448,5
ns-3-5g-lena,PDSCH,Table 1,12,200,8.3451,0.0,40976,8448,5
ns-3-5g-lena,PDSCH,Table 1,13,10,7.5,1.0,2280,2400,1
ns-3-5g-lena,PDSCH,Table 1,13,10,7.875,0.9971154,2280,2400,1
ns-3-5g-lena,PDSCH,Table 1,13,10,8.25,0.580518,2280,2400,1
ns-3-5g-lena,PDSCH,Table 1,13,10,8.625,0.02100000000000002,2280,2400,1
ns-3-5g-lena,PDSCH,Table 1,13,10,9.0,9.999999999998899e-05,2280,2400,1
ns-3-5g-lena,PDSCH,Table 1,13,100,7.98,0.9999999928877731,23040,7744,3
ns-3-5g-lena,PDSCH,Table 1,13,100,8.42,0.7511034714183781,23040,7744,3
ns-3-5g-lena,PDSCH,Table 1,13,100,8.635,0.055635121269000054,23040,7744,3
ns-3-5g-lena,PDSCH,Table 1,13,100,8.85,0.00029997000100001614,23040,7744,3
ns-3-5g-lena,PDSCH,Table 1,13,100,9.29,0.0,23040,7744,3
ns-3-5g-lena,PDSCH,Table 1,13,200,7.98,1.0,46104,7744,6
ns-3-5g-lena,PDSCH,Table 1,13,200,8.42,0.9380505180600178,46104,7744,6
ns-3-5g-lena,PDSCH,Table 1,13,200,8.635,0.10817497581938385,46104,7744,6
ns-3-5g-lena,PDSCH,Table 1,13,200,8.85,0.0005998500199984047,46104,7744,6
ns-3-5g-lena,PDSCH,Table 1,13,200,9.29,0.0,46104,7744,6
ns-3-5g-lena,PDSCH,Table 1,14,10,8.075,1.0,2600,2880,1
ns-3-5g-lena,PDSCH,Table 1,14,10,8.66,0.9990385,2600,2880,1
ns-3-5g-lena,PDSCH,Table 1,14,10,8.95,0.8827055,2600,2880,1
ns-3-5g-lena,PDSCH,Table 1,14,10,9.24,0.3225703,2600,2880,1
ns-3-5g-lena,PDSCH,Table 1,14,10,9.825,9.999999999998899e-05,2600,2880,1
ns-3-5g-lena,PDSCH,Table 1,14,10,10.7,0.0,2600,2880,1
ns-3-5g-lena,PDSCH,Table 1,14,100,8.7365,0.9999999999991454,26120,7040,4
ns-3-5g-lena,PDSCH,Table 1,14,100,9.08,0.9956222051603965,26120,7040,4
ns-3-5g-lena,PDSCH,Table 1,14,100,9.43,0.1274156220549374,26120,7040,4
ns-3-5g-lena,PDSCH,Table 1,14,100,9.7787,0.00039994000399989904,26120,7040,4
ns-3-5g-lena,PDSCH,Table 1,14,100,10.8209,0.0,26120,7040,4
ns-3-5g-lena,PDSCH,Table 1,14,200,8.7365,1.0,52224,7744,7
ns-3-5g-lena,PDSCH,Table 1,14,200,9.06,0.9999999496253802,52224,7744,7
ns-3-5g-lena,PDSCH,Table 1,14,200,9.28,0.9542274516076786,52224,7744,7
ns-3-5g-lena,PDSCH,Table 1,14,200,9.39,0.5838421077986117,52224,7744,7
ns-3-5g-lena,PDSCH,Table 1,14,200,9.5,0.14236129046337476,52224,7744,7
ns-3-5g-lena,PDSCH,Table 1,14,200,9.7169,0.0006997900349964281,52224,7744,7
ns-3-5g-lena,PDSCH,Table 1,14,200,10.6972,0.0,52224,7744,7
ns-3-5g-lena,PDSCH,Table 1,15,10,8.5901,1.0,2976,3200,1
ns-3-5g-lena,PDSCH,Table 1,15,10,9.77,0.9790076,2976,3200,1
ns-3-5g-lena,PDSCH,Table 1,15,10,10.16,0.5559211,2976,3200,1
ns-3-5g-lena,PDSCH,Table 1,15,10,10.357,0.18493399999999993,2976,3200,1
ns-3-5g-lena,PDSCH,Table 1,15,10,10.56,0.023499999999999965,2976,3200,1
ns-3-5g-lena,PDSCH,Table 1,15,10,10.95,0.0,2976,3200,1
ns-3-5g-lena,PDSCH,Table 1,15,100,9.2091,1.0,28680,7744,4
ns-3-5g-lena,PDSCH,Table 1,15,100,9.87,0.9999999755859375,28680,7744,4
ns-3-5g-lena,PDSCH,Table 1,15,100,10.2022,0.8940515870118563,28680,7744,4
ns-3-5g-lena,PDSCH,Table 1,15,100,10.53,0.023784862704000043,28680,7744,4
ns-3-5g-lena,PDSCH,Table 1,15,100,11.1953,0.0,28680,7744,4
ns-3-5g-lena,PDSCH,Table 1,15,200,8.5901,1.0,57376,8448,7
ns-3-5g-lena,PDSCH,Table 1,15,200,9.77,0.9999999999982034,57376,8448,7
ns-3-5g-lena,PDSCH,Table 1,15,200,10.16,0.9965941856583826,57376,8448,7
ns-3-5g-lena,PDSCH,Table 1,15,200,10.357,0.7610266673090872,57376,8448,7
ns-3-5g-lena,PDSCH,Table 1,15,200,10.56,0.1533464506554545,57376,8448,7
ns-3-5g-lena,PDSCH,Table 1,15,200,10.95,0.0,57376,8448,7
ns-3-5g-lena,PDSCH,Table 1,16,10,10.3,0.976145,3104,3200,1
ns-3-5g-lena,PDSCH,Table 1,16,10,10.6825,0.5619469,3104,3200,1
ns-3-5g-lena,PDSCH,Table 1,16,10,11.065,0.03500000000000003,3104,3200,1
ns-3-5g-lena,PDSCH,Table 1,16,10,11.4475,0.00019999999999997797,3104,3200,1
ns-3-5g-lena,PDSCH,Table 1,16,10,11.83,0.0,3104,3200,1
ns-3-5g-lena,PDSCH,Table 1,16,100,10.1725,1.0,30728,7744,4
ns-3-5g-lena,PDSCH,Table 1,16,100,10.7,0.9945819536498371,30728,7744,4
ns-3-5g-lena,PDSCH,Table 1,16,100,10.9682,0.3813355861268468,30728,7744,4
ns-3-5g-lena,PDSCH,Table 1,16,100,11.23,0.0063846563774465626,30728,7744,4
ns-3-5g-lena,PDSCH,Table 1,16,100,11.7638,0.0,30728,7744,4
ns-3-5g-lena,PDSCH,Table 1,16,200,10.1725,1.0,61480,7744,8
ns-3-5g-lena,PDSCH,Table 1,16,200,10.7,0.9999706447737475,61480,7744,8
ns-3-5g-lena,PDSCH,Table 1,16,200,10.9682,0.6172543430069879,61480,7744,8
ns-3-5g-lena,PDSCH,Table 1,16,200,11.23,0.012728548917835147,61480,7744,8
ns-3-5g-lena,PDSCH,Table 1,16,200,11.7638,0.0,61480,7744,8
ns-3-5g-lena,PDSCH,Table 1,17,10,11.0,0.9942308,3104,3200,1
ns-3-5g-lena,PDSCH,Table 1,17,10,11.375,0.7226124,3104,3200,1
ns-3-5g-lena,PDSCH,Table 1,17,10,11.75,0.07889999999999997,3104,3200,1
ns-3-5g-lena,PDSCH,Table 1,17,10,12.125,0.0004999999999999449,3104,3200,1
ns-3-5g-lena,PDSCH,Table 1,17,10,12.5,0.0,3104,3200,1
ns-3-5g-lena,PDSCH,Table 1,17,100,10.8279,1.0,30728,7744,4
ns-3-5g-lena,PDSCH,Table 1,17,100,11.38,0.9999220194155904,30728,7744,4
ns-3-5g-lena,PDSCH,Table 1,17,100,11.6626,0.6521277611145118,30728,7744,4
ns-3-5g-lena,PDSCH,Table 1,17,100,11.94,0.019062201837158455,30728,7744,4
ns-3-5g-lena,PDSCH,Table 1,17,100,12.4973,0.0,30728,7744,4
ns-3-5g-lena,PDSCH,Table 1,17,200,10.8279,1.0,61480,7744,8
ns-3-5g-lena,PDSCH,Table 1,17,200,11.38,0.9999999939190285,61480,7744,8
ns-3-5g-lena,PDSCH,Table 1,17,200,11.6626,0.8789849054127978,61480,7744,8
ns-3-5g-lena,PDSCH,Table 1,17,200,11.94,0.037761036135436465,61480,7744,8
ns-3-5g-lena,PDSCH,Table 1,17,200,12.4973,0.0,61480,7744,8
ns-3-5g-lena,PDSCH,Table 1,18,10,10.4255,1.0,3368,3520,1
ns-3-5g-lena,PDSCH,Table 1,18,10,11.46,0.9961538,3368,3520,1
ns-3-5g-lena,PDSCH,Table 1,18,10,11.9846,0.5806818,3368,3520,1
ns-3-5g-lena,PDSCH,Table 1,18,10,12.5,0.006000000000000005,3368,3520,1
ns-3-5g-lena,PDSCH,Table 1,18,10,13.5437,0.0,3368,3520,1
ns-3-5g-lena,PDSCH,Table 1,18,100,10.4255,1.0,32776,8448,4
ns-3-5g-lena,PDSCH,Table 1,18,100,11.46,0.9999999997811596,32776,8448,4
ns-3-5g-lena,PDSCH,Table 1,18,100,11.9846,0.9690846013272832,32776,8448,4
ns-3-5g-lena,PDSCH,Table 1,18,100,12.5,0.023784862704000043,32776,8448,4
ns-3-5g-lena,PDSCH,Table 1,18,100,13.5437,0.0,32776,8448,4
ns-3-5g-lena,PDSCH,Table 1,18,200,10.4255,1.0,65576,8448,8
ns-3-5g-lena,PDSCH,Table 1,18,200,11.46,1.0,65576,8448,8
ns-3-5g-lena,PDSCH,Table 1,18,200,11.9846,0.999044238124907,65576,8448,8
ns-3-5g-lena,PDSCH,Table 1,18,200,12.5,0.047004005714151864,65576,8448,8
ns-3-5g-lena,PDSCH,Table 1,18,200,13.5437,0.0,65576,8448,8
ns-3-5g-lena,PDSCH,Table 1,19,10,12.1365,1.0,3624,3840,1
ns-3-5g-lena,PDSCH,Table 1,19,10,12.85,0.7626488,3624,3840,1
ns-3-5g-lena,PDSCH,Table 1,19,10,13.2112,0.13776070000000007,3624,3840,1
ns-3-5g-lena,PDSCH,Table 1,19,10,13.57,0.0011999999999999789,3624,3840,1
ns-3-5g-lena,PDSCH,Table 1,19,10,14.2859,0.0,3624,3840,1
ns-3-5g-lena,PDSCH,Table 1,19,100,12.58,0.9999999999514673,35856,7744,5
ns-3-5g-lena,PDSCH,Table 1,19,100,12.8942,0.9975425105980007,35856,7744,5
ns-3-5g-lena,PDSCH,Table 1,19,100,13.2112,0.22377245524998435,35856,7744,5
ns-3-5g-lena,PDSCH,Table 1,19,100,13.5282,0.0009996000799918914,35856,7744,5
ns-3-5g-lena,PDSCH,Table 1,19,100,13.8451,0.0,35856,7744,5
ns-3-5g-lena,PDSCH,Table 1,19,200,12.1365,1.0,71688,8448,9
ns-3-5g-lena,PDSCH,Table 1,19,200,12.85,0.9999976093120866,71688,8448,9
ns-3-5g-lena,PDSCH,Table 1,19,200,13.2112,0.7365790430762909,71688,8448,9
ns-3-5g-lena,PDSCH,Table 1,19,200,13.57,0.010748304891039506,71688,8448,9
ns-3-5g-lena,PDSCH,Table 1,19,200,14.2859,0.0,71688,8448,9
ns-3-5g-lena,PDSCH,Table 1,20,10,12.6707,1.0,3968,4224,1
ns-3-5g-lena,PDSCH,Table 1,20,10,13.35,0.9990385,3968,4224,1
ns-3-5g-lena,PDSCH,Table 1,20,10,13.6952,0.8509934,3968,4224,1
ns-3-5g-lena,PDSCH,Table 1,20,10,14.04,0.23233939999999997,3968,4224,1
ns-3-5g-lena,PDSCH,Table 1,20,10,14.7196,9.999999999998899e-05,3968,4224,1
ns-3-5g-lena,PDSCH,Table 1,20,10,15.7441,0.0,3968,4224,1
ns-3-5g-lena,PDSCH,Table 1,20,100,13.19,0.9999999999999737,39936,8448,5
ns-3-5g-lena,PDSCH,Table 1,20,100,13.67,0.9997294548939049,39936,8448,5
ns-3-5g-lena,PDSCH,Table 1,20,100,13.9072,0.9284201612109813,39936,8448,5
ns-3-5g-lena,PDSCH,Table 1,20,100,14.15,0.35088711461995825,39936,8448,5
ns-3-5g-lena,PDSCH,Table 1,20,100,14.6226,0.0009996000799918914,39936,8448,5
ns-3-5g-lena,PDSCH,Table 1,20,100,15.3379,0.0,39936,8448,5
ns-3-5g-lena,PDSCH,Table 1,20,200,13.19,1.0,79896,8448,10
ns-3-5g-lena,PDSCH,Table 1,20,200,13.67,0.9999999268053456,79896,8448,10
ns-3-5g-lena,PDSCH,Table 1,20,200,13.9072,0.9948763266789381,79896,8448,10
ns-3-5g-lena,PDSCH,Table 1,20,200,14.15,0.5786524620335969,79896,8448,10
ns-3-5g-lena,PDSCH,Table 1,20,200,14.6226,0.001998200959663854,79896,8448,10
ns-3-5g-lena,PDSCH,Table 1,20,200,15.3379,0.0,79896,8448,10
ns-3-5g-lena,PDSCH,Table 1,21,10,14.12,0.9990385,4352,4576,1
ns-3-5g-lena,PDSCH,Table 1,21,10,14.54,0.8176752,4352,4576,1
ns-3-5g-lena,PDSCH,Table 1,21,10,14.7561,0.40375399999999995,4352,4576,1
ns-3-5g-lena,PDSCH,Table 1,21,10,14.97,0.09073397999999999,4352,4576,1
ns-3-5g-lena,PDSCH,Table 1,21,10,15.3907,0.00029999999999996696,4352,4576,1
ns-3-5g-lena,PDSCH,Table 1,21,10,16.0252,9.999999999998899e-05,4352,4576,1
ns-3-5g-lena,PDSCH,Table 1,21,10,16.6598,0.0,4352,4576,1
ns-3-5g-lena,PDSCH,Table 1,21,100,14.02,1.0,43032,7744,6
ns-3-5g-lena,PDSCH,Table 1,21,100,14.46,0.9999999999992096,43032,7744,6
ns-3-5g-lena,PDSCH,Table 1,21,100,14.6712,0.999874342493675,43032,7744,6
ns-3-5g-lena,PDSCH,Table 1,21,100,14.89,0.8167535759045357,43032,7744,6
ns-3-5g-lena,PDSCH,Table 1,21,100,15.327,0.0,43032,7744,6
ns-3-5g-lena,PDSCH,Table 1,21,200,13.81,1.0,86040,8448,11
ns-3-5g-lena,PDSCH,Table 1,21,200,14.42,1.0,86040,8448,11
ns-3-5g-lena,PDSCH,Table 1,21,200,14.7246,0.9999999971943356,86040,8448,11
ns-3-5g-lena,PDSCH,Table 1,21,200,15.03,0.988564516336871,86040,8448,11
ns-3-5g-lena,PDSCH,Table 1,21,200,15.6412,0.0,86040,8448,11
ns-3-5g-lena,PDSCH,Table 1,22,10,14.94,1.0,4608,4928,1
ns-3-5g-lena,PDSCH,Table 1,22,10,15.4559,0.8417208,4608,4928,1
ns-3-5g-lena,PDSCH,Table 1,22,10,15.9719,0.028699999999999948,4608,4928,1
ns-3-5g-lena,PDSCH,Table 1,22,10,16.4879,0.0,4608,4928,1
ns-3-5g-lena,PDSCH,Table 1,22,100,15.32,0.9999999973010867,47112,8448,6
ns-3-5g-lena,PDSCH,Table 1,22,100,15.5861,0.9994957684265504,47112,8448,6
ns-3-5g-lena,PDSCH,Table 1,22,100,15.8511,0.7893532096428717,47112,8448,6
ns-3-5g-lena,PDSCH,Table 1,22,100,16.1161,0.11956732720384,47112,8448,6
ns-3-5g-lena,PDSCH,Table 1,22,100,16.381,0.0035946043180566933,47112,8448,6
ns-3-5g-lena,PDSCH,Table 1,22,100,16.646,0.0,47112,8448,6
ns-3-5g-lena,PDSCH,Table 1,22,200,15.32,1.0,94248,8448,12
ns-3-5g-lena,PDSCH,Table 1,22,200,15.5861,0.9999997457505203,94248,8448,12
ns-3-5g-lena,PDSCH,Table 1,22,200,15.8511,0.9556279297122401,94248,8448,12
ns-3-5g-lena,PDSCH,Table 1,22,200,16.1161,0.2248383086730098,94248,8448,12
ns-3-5g-lena,PDSCH,Table 1,22,200,16.381,0.007176287455910035,94248,8448,12
ns-3-5g-lena,PDSCH,Table 1,22,200,16.646,0.0,94248,8448,12
ns-3-5g-lena,PDSCH,Table 1,23,10,16.23,0.9568015,4992,5280,1
ns-3-5g-lena,PDSCH,Table 1,23,10,16.64,0.3684402,4992,5280,1
ns-3-5g-lena,PDSCH,Table 1,23,10,17.0524,0.00649999999999995,4992,5280,1
ns-3-5g-lena,PDSCH,Table 1,23,10,17.4666,0.0,4992,5280,1
ns-3-5g-lena,PDSCH,Table 1,23,100,15.8,0.9999999999809234,50184,8448,6
ns-3-5g-lena,PDSCH,Table 1,23,100,16.175,0.9999999620453709,50184,8448,6
ns-3-5g-lena,PDSCH,Table 1,23,100,16.55,0.9999908557031932,50184,8448,6
ns-3-5g-lena,PDSCH,Table 1,23,100,16.925,0.9991041516260653,50184,8448,6
ns-3-5g-lena,PDSCH,Table 1,23,100,17.3,0.980362943544714,50184,8448,6
ns-3-5g-lena,PDSCH,Table 1,23,100,17.68,0.8690435683452322,50184,8448,6
ns-3-5g-lena,PDSCH,Table 1,23,100,18.05,0.5835653414527351,50184,8448,6
ns-3-5g-lena,PDSCH,Table 1,23,100,18.43,0.2635142036409702,50184,8448,6
ns-3-5g-lena,PDSCH,Table 1,23,100,18.8,0.07663194636552462,50184,8448,6
ns-3-5g-lena,PDSCH,Table 1,23,100,19.18,0.01904705378914806,50184,8448,6
ns-3-5g-lena,PDSCH,Table 1,23,100,19.55,0.00419265685639969,50184,8448,6
ns-3-5g-lena,PDSCH,Table 1,23,100,19.93,0.0023976012796157464,50184,8448,6
ns-3-5g-lena,PDSCH,Table 1,23,100,20.3,0.0005998500199984047,50184,8448,6
ns-3-5g-lena,PDSCH,Table 1,23,100,20.68,0.0,50184,8448,6
ns-3-5g-lena,PDSCH,Table 1,23,200,15.8,1.0,100392,8448,12
ns-3-5g-lena,PDSCH,Table 1,23,200,16.175,0.9999999999999986,100392,8448,12
ns-3-5g-lena,PDSCH,Table 1,23,200,16.55,0.9999999999163819,100392,8448,12
ns-3-5g-lena,PDSCH,Table 1,23,200,16.925,0.9999991974556909,100392,8448,12
ns-3-5g-lena,PDSCH,Table 1,23,200,17.3,0.999614386013772,100392,8448,12
ns-3-5g-lena,PDSCH,Table 1,23,200,17.68,0.9828504130082502,100392,8448,12
ns-3-5g-lena,PDSCH,Table 1,23,200,18.05,0.8265821751606229,100392,8448,12
ns-3-5g-lena,PDSCH,Table 1,23,200,18.43,0.4575886717614056,100392,8448,12
ns-3-5g-lena,PDSCH,Table 1,23,200,18.8,0.14739143752728068,100392,8448,12
ns-3-5g-lena,PDSCH,Table 1,23,200,19.18,0.03773131732024948,100392,8448,12
ns-3-5g-lena,PDSCH,Table 1,23,200,19.55,0.008367735341283877,100392,8448,12
ns-3-5g-lena,PDSCH,Table 1,23,200,19.93,0.004789454067335552,100392,8448,12
ns-3-5g-lena,PDSCH,Table 1,23,200,20.3,0.0011993402199503844,100392,8448,12
ns-3-5g-lena,PDSCH,Table 1,23,200,20.68,0.0,100392,8448,12
ns-3-5g-lena,PDSCH,Table 1,24,10,17.22,0.9894231,5376,5632,1
ns-3-5g-lena,PDSCH,Table 1,24,10,17.67,0.5080321,5376,5632,1
ns-3-5g-lena,PDSCH,Table 1,24,10,17.9,0.12388719999999998,5376,5632,1
ns-3-5g-lena,PDSCH,Table 1,24,10,18.12,0.010399999999999965,5376,5632,1
ns-3-5g-lena,PDSCH,Table 1,24,10,18.575,0.0,5376,5632,1
ns-3-5g-lena,PDSCH,Table 1,24,100,17.3,0.9999999996391524,54296,8448,7
ns-3-5g-lena,PDSCH,Table 1,24,100,17.6938,0.9999997553065931,54296,8448,7
ns-3-5g-lena,PDSCH,Table 1,24,100,18.0875,0.9999535418183713,54296,8448,7
ns-3-5g-lena,PDSCH,Table 1,24,100,18.4812,0.9951622441335134,54296,8448,7
ns-3-5g-lena,PDSCH,Table 1,24,100,18.875,0.9388426495789013,54296,8448,7
ns-3-5g-lena,PDSCH,Table 1,24,100,19.27,0.7011007739365221,54296,8448,7
ns-3-5g-lena,PDSCH,Table 1,24,100,19.66,0.36729153982073803,54296,8448,7
ns-3-5g-lena,PDSCH,Table 1,24,100,20.06,0.12065116136340015,54296,8448,7
ns-3-5g-lena,PDSCH,Table 1,24,100,20.45,0.026982658086879052,54296,8448,7
ns-3-5g-lena,PDSCH,Table 1,24,100,20.84,0.005586577905671075,54296,8448,7
ns-3-5g-lena,PDSCH,Table 1,24,100,21.24,0.0006997900349964281,54296,8448,7
ns-3-5g-lena,PDSCH,Table 1,24,100,21.63,0.0,54296,8448,7
ns-3-5g-lena,PDSCH,Table 1,24,200,17.3,1.0,108552,8448,13
ns-3-5g-lena,PDSCH,Table 1,24,200,17.6938,0.9999999999994731,108552,8448,13
ns-3-5g-lena,PDSCH,Table 1,24,200,18.0875,0.9999999910233245,108552,8448,13
ns-3-5g-lena,PDSCH,Table 1,24,200,18.4812,0.9999498751545287,108552,8448,13
ns-3-5g-lena,PDSCH,Table 1,24,200,18.875,0.9944247826829561,108552,8448,13
ns-3-5g-lena,PDSCH,Table 1,24,200,19.27,0.8938366508115998,108552,8448,13
ns-3-5g-lena,PDSCH,Table 1,24,200,19.66,0.5726273133528208,108552,8448,13
ns-3-5g-lena,PDSCH,Table 1,24,200,20.06,0.2124115094606468,108552,8448,13
ns-3-5g-lena,PDSCH,Table 1,24,200,20.45,0.04953042097813942,108552,8448,13
ns-3-5g-lena,PDSCH,Table 1,24,200,20.84,0.010350226139557606,108552,8448,13
ns-3-5g-lena,PDSCH,Table 1,24,200,21.24,0.0012992202859283264,108552,8448,13
ns-3-5g-lena,PDSCH,Table 1,24,200,21.63,0.0,108552,8448,13
ns-3-5g-lena,PDSCH,Table 1,25,10,18.26,0.9294643,5760,6336,1
ns-3-5g-lena,PDSCH,Table 1,25,10,18.54,0.49134619999999996,5760,6336,1
ns-3-5g-lena,PDSCH,Table 1,25,10,18.68,0.2075783,5760,6336,1
ns-3-5g-lena,PDSCH,Table 1,25,10,18.82,0.057499999999999996,5760,6336,1
ns-3-5g-lena,PDSCH,Table 1,25,10,19.1,0.0009000000000000119,5760,6336,1
ns-3-5g-lena,PDSCH,Table 1,25,10,19.525,0.0,5760,6336,1
ns-3-5g-lena,PDSCH,Table 1,25,100,17.9596,0.9999999999907857,57376,8448,7
ns-3-5g-lena,PDSCH,Table 1,25,100,18.3578,0.9999999900254238,57376,8448,7
ns-3-5g-lena,PDSCH,Table 1,25,100,18.7559,0.9999945393637709,57376,8448,7
ns-3-5g-lena,PDSCH,Table 1,25,100,19.1541,0.9991249705094116,57376,8448,7
ns-3-5g-lena,PDSCH,Table 1,25,100,19.5523,0.9787518992011016,57376,8448,7
ns-3-5g-lena,PDSCH,Table 1,25,100,19.95,0.8491662923666452,57376,8448,7
ns-3-5g-lena,PDSCH,Table 1,25,100,20.35,0.5538912364646937,57376,8448,7
ns-3-5g-lena,PDSCH,Table 1,25,100,20.75,0.22185404616202142,57376,8448,7
ns-3-5g-lena,PDSCH,Table 1,25,100,21.15,0.06595574550003547,57376,8448,7
ns-3-5g-lena,PDSCH,Table 1,25,100,21.54,0.022186103217022746,57376,8448,7
ns-3-5g-lena,PDSCH,Table 1,25,100,21.94,0.0006997900349964281,57376,8448,7
ns-3-5g-lena,PDSCH,Table 1,25,100,22.34,0.0006997900349964281,57376,8448,7
ns-3-5g-lena,PDSCH,Table 1,25,100,22.74,0.0,57376,8448,7
ns-3-5g-lena,PDSCH,Table 1,25,200,17.9596,1.0,114776,8448,14
ns-3-5g-lena,PDSCH,Table 1,25,200,18.3578,0.9999999999999999,114776,8448,14
ns-3-5g-lena,PDSCH,Table 1,25,200,18.7559,0.9999999999701814,114776,8448,14
ns-3-5g-lena,PDSCH,Table 1,25,200,19.1541,0.9999992343233906,114776,8448,14
ns-3-5g-lena,PDSCH,Table 1,25,200,19.5523,0.9995485182124398,114776,8448,14
ns-3-5g-lena,PDSCH,Table 1,25,200,19.95,0.9772491926415756,114776,8448,14
ns-3-5g-lena,PDSCH,Table 1,25,200,20.35,0.8009869710970001,114776,8448,14
ns-3-5g-lena,PDSCH,Table 1,25,200,20.75,0.39448887452558246,114776,8448,14
ns-3-5g-lena,PDSCH,Table 1,25,200,21.15,0.1275613306356056,114776,8448,14
ns-3-5g-lena,PDSCH,Table 1,25,200,21.54,0.04387998325808917,114776,8448,14
ns-3-5g-lena,PDSCH,Table 1,25,200,21.94,0.0013990903638997354,114776,8448,14
ns-3-5g-lena,PDSCH,Table 1,25,200,22.34,0.0013990903638997354,114776,8448,14
ns-3-5g-lena,PDSCH,Table 1,25,200,22.74,0.0,114776,8448,14
ns-3-5g-lena,PDSCH,Table 1,26,10,18.8,1.0,6144,6336,1
ns-3-5g-lena,PDSCH,Table 1,26,10,19.47,0.535865,6144,6336,1
ns-3-5g-lena,PDSCH,Table 1,26,10,19.8,0.047800000000000065,6144,6336,1
ns-3-5g-lena,PDSCH,Table 1,26,10,20.13,0.0004999999999999449,6144,6336,1
ns-3-5g-lena,PDSCH,Table 1,26,10,20.8,0.0,6144,6336,1
ns-3-5g-lena,PDSCH,Table 1,26,100,19.3,0.9999999996345476,61480,7744,8
ns-3-5g-lena,PDSCH,Table 1,26,100,19.63,0.968918963524369,61480,7744,8
ns-3-5g-lena,PDSCH,Table 1,26,100,19.97,0.08394486208635454,61480,7744,8
ns-3-5g-lena,PDSCH,Table 1,26,100,20.3,0.0,61480,7744,8
ns-3-5g-lena,PDSCH,Table 1,26,200,19.07,1.0,122976,8448,15
ns-3-5g-lena,PDSCH,Table 1,26,200,19.7523,0.9999999996806197,122976,8448,15
ns-3-5g-lena,PDSCH,Table 1,26,200,20.4394,0.999823473574618,122976,8448,15
ns-3-5g-lena,PDSCH,Table 1,26,200,21.1264,0.9241228949508697,122976,8448,15
ns-3-5g-lena,PDSCH,Table 1,26,200,21.8134,0.38984820206205184,122976,8448,15
ns-3-5g-lena,PDSCH,Table 1,26,200,22.5005,0.044067175161094374,122976,8448,15
ns-3-5g-lena,PDSCH,Table 1,26,200,23.19,0.001498950454863368,122976,8448,15
ns-3-5g-lena,PDSCH,Table 1,27,10,20.2,0.9884615,6400,7040,1
ns-3-5g-lena,PDSCH,Table 1,27,10,20.525,0.7005495,6400,7040,1
ns-3-5g-lena,PDSCH,Table 1,27,10,20.85,0.13323589999999996,6400,7040,1
ns-3-5g-lena,PDSCH,Table 1,27,10,21.175,0.0039000000000000146,6400,7040,1
ns-3-5g-lena,PDSCH,Table 1,27,10,21.5,0.0,6400,7040,1
ns-3-5g-lena,PDSCH,Table 1,27,100,20.253,0.9999999999547613,63528,8448,8
ns-3-5g-lena,PDSCH,Table 1,27,100,20.5588,0.9999999829505201,63528,8448,8
ns-3-5g-lena,PDSCH,Table 1,27,100,20.8646,0.9999969441865901,63528,8448,8
ns-3-5g-lena,PDSCH,Table 1,27,100,21.1704,0.9998860600213852,63528,8448,8
ns-3-5g-lena,PDSCH,Table 1,27,100,21.4762,0.997998179528634,63528,8448,8
ns-3-5g-lena,PDSCH,Table 1,27,100,21.78,0.9877163616489044,63528,8448,8
ns-3-5g-lena,PDSCH,Table 1,27,100,22.09,0.929053247040095,63528,8448,8
ns-3-5g-lena,PDSCH,Table 1,27,100,22.39,0.7945610042208939,63528,8448,8
ns-3-5g-lena,PDSCH,Table 1,27,100,22.7,0.572850115181332,63528,8448,8
ns-3-5g-lena,PDSCH,Table 1,27,100,23.01,0.3404801869574259,63528,8448,8
ns-3-5g-lena,PDSCH,Table 1,27,100,23.31,0.19268221166653,63528,8448,8
ns-3-5g-lena,PDSCH,Table 1,27,100,23.62,0.08911847442236831,63528,8448,8
ns-3-5g-lena,PDSCH,Table 1,27,100,23.92,0.04162176211220259,63528,8448,8
ns-3-5g-lena,PDSCH,Table 1,27,100,24.23,0.011145273395388622,63528,8448,8
ns-3-5g-lena,PDSCH,Table 1,27,100,24.53,0.0023974815114328196,63528,8448,8
ns-3-5g-lena,PDSCH,Table 1,27,200,20.253,1.0,127080,8448,16
ns-3-5g-lena,PDSCH,Table 1,27,200,20.5588,0.9999999999999997,127080,8448,16
ns-3-5g-lena,PDSCH,Table 1,27,200,20.8646,0.999999999990662,127080,8448,16
ns-3-5g-lena,PDSCH,Table 1,27,200,21.1704,0.9999999870176812,127080,8448,16
ns-3-5g-lena,PDSCH,Table 1,27,200,21.4762,0.9999959927148004,127080,8448,16
ns-3-5g-lena,PDSCH,Table 1,27,200,21.78,0.9998491122288595,127080,8448,16
ns-3-5g-lena,PDSCH,Table 1,27,200,22.09,0.9949665582444462,127080,8448,16
ns-3-5g-lena,PDSCH,Table 1,27,200,22.39,0.9577948190132725,127080,8448,16
ns-3-5g-lena,PDSCH,Table 1,27,200,22.7,0.8175429758993986,127080,8448,16
ns-3-5g-lena,PDSCH,Table 1,27,200,23.01,0.565033616204288,127080,8448,16
ns-3-5g-lena,PDSCH,Table 1,27,200,23.31,0.3482379886403545,127080,8448,16
ns-3-5g-lena,PDSCH,Table 1,27,200,23.62,0.17029484636136638,127080,8448,16
ns-3-5g-lena,PDSCH,Table 1,27,200,23.92,0.08151115314308044,127080,8448,16
ns-3-5g-lena,PDSCH,Table 1,27,200,24.23,0.022166329671719276,127080,8448,16
ns-3-5g-lena,PDSCH,Table 1,27,200,24.53,0.004789215105268085,127080,8448,16
ns-3-5g-lena,PDSCH,Table 1,28,10,19.6879,1.0,6656,7040,1
ns-3-5g-lena,PDSCH,Table 1,28,10,20.7987,0.9961538,6656,7040,1
ns-3-5g-lena,PDSCH,Table 1,28,10,21.9094,0.9366071,6656,7040,1
ns-3-5g-lena,PDSCH,Table 1,28,10,23.0202,0.6135266,6656,7040,1
ns-3-5g-lena,PDSCH,Table 1,28,10,24.131,0.252505,6656,7040,1
ns-3-5g-lena,PDSCH,Table 1,28,10,25.24,0.0605,6656,7040,1
ns-3-5g-lena,PDSCH,Table 1,28,10,26.35,0.010299999999999976,6656,7040,1
ns-3-5g-lena,PDSCH,Table 1,28,10,27.46,0.0011999999999999789,6656,7040,1
ns-3-5g-lena,PDSCH,Table 1,28,10,28.57,0.00019999999999997797,6656,7040,1
ns-3-5g-lena,PDSCH,Table 1,28,10,29.68,0.0,6656,7040,1
ns-3-5g-lena,PDSCH,Table 1,28,100,19.6879,1.0,67584,7744,9
ns-3-5g-lena,PDSCH,Table 1,28,100,20.7987,1.0,67584,7744,9
ns-3-5g-lena,PDSCH,Table 1,28,100,21.9094,0.9999999999834664,67584,7744,9
ns-3-5g-lena,PDSCH,Table 1,28,100,23.0202,0.9998076569621857,67584,7744,9
ns-3-5g-lena,PDSCH,Table 1,28,100,24.131,0.9271424390878688,67584,7744,9
ns-3-5g-lena,PDSCH,Table 1,28,100,25.24,0.4297424289343267,67584,7744,9
ns-3-5g-lena,PDSCH,Table 1,28,100,26.35,0.08897114543389373,67584,7744,9
ns-3-5g-lena,PDSCH,Table 1,28,100,27.46,0.010748304891039506,67584,7744,9
ns-3-5g-lena,PDSCH,Table 1,28,100,28.57,0.0017985606717982883,67584,7744,9
ns-3-5g-lena,PDSCH,Table 1,28,100,29.68,0.0,67584,7744,9
ns-3-5g-lena,PDSCH,Table 1,28,200,19.6879,1.0,135296,8448,17
ns-3-5g-lena,PDSCH,Table 1,28,200,20.7987,1.0,135296,8448,17
ns-3-5g-lena,PDSCH,Table 1,28,200,21.9094,1.0,135296,8448,17
ns-3-5g-lena,PDSCH,Table 1,28,200,23.0202,0.9999999042732457,135296,8448,17
ns-3-5g-lena,PDSCH,Table 1,28,200,24.131,0.9928986492457275,135296,8448,17
ns-3-5g-lena,PDSCH,Table 1,28,200,25.24,0.6538651438448947,135296,8448,17
ns-3-5g-lena,PDSCH,Table 1,28,200,26.35,0.1613887300676654,135296,8448,17
ns-3-5g-lena,PDSCH,Table 1,28,200,27.46,0.020205330120192433,135296,8448,17
ns-3-5g-lena,PDSCH,Table 1,28,200,28.57,0.003394565436193653,135296,8448,17
ns-3-5g-lena,PDSCH,Table 1,28,200,29.68,0.0,135296,8448,17
ns-3-5g-lena,PDSCH,Table 2,0,10,-2.16,0.9903846,288,400,1
ns-3-5g-lena,PDSCH,Table 2,0,10,-1.425,0.5223029,288,400,1
ns-3-5g-lena,PDSCH,Table 2,0,10,-0.69,0.00649999999999995,288,400,1
ns-3-5g-lena,PDSCH,Table 2,0,10,0.045,0.0,288,400,1
ns-3-5g-lena,PDSCH,Table 2,0,100,-1.83,1.0,2792,2880,1
ns-3-5g-lena,PDSCH,Table 2,0,100,-1.2975,0.5567686,2792,2880,1
ns-3-5g-lena,PDSCH,Table 2,0,100,-0.765,0.0031999999999999806,2792,2880,1
ns-3-5g-lena,PDSCH,Table 2,0,100,-0.2325,9.999999999998899e-05,2792,2880,1
ns-3-5g-lena,PDSCH,Table 2,0,100,0.3,0.0,2792,2880,1
ns-3-5g-lena,PDSCH,Table 2,0,200,-1.83,1.0,5640,2880,2
ns-3-5g-lena,PDSCH,Table 2,0,200,-1.2975,0.80354592605404,5640,2880,2
ns-3-5g-lena,PDSCH,Table 2,0,200,-0.765,0.006389759999999911,5640,2880,2
ns-3-5g-lena,PDSCH,Table 2,0,200,-0.2325,0.00019998999999992773,5640,2880,2
ns-3-5g-lena,PDSCH,Table 2,0,200,0.3,0.0,5640,2880,2
ns-3-5g-lena,PDSCH,Table 2,1,10,-0.5899,0.9865385,456,600,1
ns-3-5g-lena,PDSCH,Table 2,1,10,-0.15397,0.7434211,456,600,1
ns-3-5g-lena,PDSCH,Table 2,1,10,0.28195,0.20360619999999996,456,600,1
ns-3-5g-lena,PDSCH,Table 2,1,10,0.71787,0.010399999999999965,456,600,1
ns-3-5g-lena,PDSCH,Table 2,1,10,1.1538,0.0,456,600,1
ns-3-5g-lena,PDSCH,Table 2,1,100,-0.47077,0.99984375,4488,2400,2
ns-3-5g-lena,PDSCH,Table 2,1,100,-0.1837,0.96062255859375,4488,2400,2
ns-3-5g-lena,PDSCH,Table 2,1,100,0.10338,0.4453946536451101,4488,2400,2
ns-3-5g-lena,PDSCH,Table 2,1,100,0.39045,0.028395509999999957,4488,2400,2
ns-3-5g-lena,PDSCH,Table 2,1,100,0.67753,0.000399959999999977,4488,2400,2
ns-3-5g-lena,PDSCH,Table 2,1,200,-0.7,1.0,8976,3200,3
ns-3-5g-lena,PDSCH,Table 2,1,200,-0.225,0.9992821450173022,8976,3200,3
ns-3-5g-lena,PDSCH,Table 2,1,200,0.09,0.6517855790402927,8976,3200,3
ns-3-5g-lena,PDSCH,Table 2,1,200,0.25,0.20082124800000012,8976,3200,3
ns-3-5g-lena,PDSCH,Table 2,1,200,0.41,0.024988912703999944,8976,3200,3
ns-3-5g-lena,PDSCH,Table 2,1,200,0.725,0.0008997300269999453,8976,3200,3
ns-3-5g-lena,PDSCH,Table 2,1,200,1.2,0.0005998800079999311,8976,3200,3
ns-3-5g-lena,PDSCH,Table 2,2,10,1.2475,1.0,736,800,1
ns-3-5g-lena,PDSCH,Table 2,2,10,1.73,0.6107143,736,800,1
ns-3-5g-lena,PDSCH,Table 2,2,10,1.965,0.13367130000000005,736,800,1
ns-3-5g-lena,PDSCH,Table 2,2,10,2.2,0.005800000000000027,736,800,1
ns-3-5g-lena,PDSCH,Table 2,2,10,2.6825,0.0,736,800,1
ns-3-5g-lena,PDSCH,Table 2,2,100,1.2,1.0,7168,7744,1
ns-3-5g-lena,PDSCH,Table 2,2,100,1.55,0.9257246,7168,7744,1
ns-3-5g-lena,PDSCH,Table 2,2,100,1.725,0.5852535,7168,7744,1
ns-3-5g-lena,PDSCH,Table 2,2,100,1.9,0.1739583,7168,7744,1
ns-3-5g-lena,PDSCH,Table 2,2,100,2.25,0.00029999999999996696,7168,7744,1
ns-3-5g-lena,PDSCH,Table 2,2,100,2.775,0.0,7168,7744,1
ns-3-5g-lena,PDSCH,Table 2,2,200,1.2,1.0,14344,7744,2
ns-3-5g-lena,PDSCH,Table 2,2,200,1.55,0.99448316495484,14344,7744,2
ns-3-5g-lena,PDSCH,Table 2,2,200,1.725,0.82798534073775,14344,7744,2
ns-3-5g-lena,PDSCH,Table 2,2,200,1.9,0.31765510986111,14344,7744,2
ns-3-5g-lena,PDSCH,Table 2,2,200,2.25,0.0005999099999999258,14344,7744,2
ns-3-5g-lena,PDSCH,Table 2,2,200,2.775,0.0,14344,7744,2
ns-3-5g-lena,PDSCH,Table 2,3,10,2.5,1.0,1064,1120,1
ns-3-5g-lena,PDSCH,Table 2,3,10,2.9375,0.9836538,1064,1120,1
ns-3-5g-lena,PDSCH,Table 2,3,10,3.375,0.3882979,1064,1120,1
ns-3-5g-lena,PDSCH,Table 2,3,10,3.8125,0.0036000000000000476,1064,1120,1
ns-3-5g-lena,PDSCH,Table 2,3,10,4.25,0.0,1064,1120,1
ns-3-5g-lena,PDSCH,Table 2,3,100,2.1,1.0,10504,5632,2
ns-3-5g-lena,PDSCH,Table 2,3,100,3.0,0.998001194736,10504,5632,2
ns-3-5g-lena,PDSCH,Table 2,3,100,3.3,0.6613300074470398,10504,5632,2
ns-3-5g-lena,PDSCH,Table 2,3,100,3.6,0.03822751000000002,10504,5632,2
ns-3-5g-lena,PDSCH,Table 2,3,100,3.9,0.0,10504,5632,2
ns-3-5g-lena,PDSCH,Table 2,3,200,2.88,0.9999999991111104,21000,7040,3
ns-3-5g-lena,PDSCH,Table 2,3,200,3.2175,0.978584783053049,21000,7040,3
ns-3-5g-lena,PDSCH,Table 2,3,200,3.555,0.16410311200000016,21000,7040,3
ns-3-5g-lena,PDSCH,Table 2,3,200,3.8925,0.0,21000,7040,3
ns-3-5g-lena,PDSCH,Table 2,4,10,4.4,0.9546296,1416,1440,1
ns-3-5g-lena,PDSCH,Table 2,4,10,4.675,0.5407839,1416,1440,1
ns-3-5g-lena,PDSCH,Table 2,4,10,4.95,0.0756,1416,1440,1
ns-3-5g-lena,PDSCH,Table 2,4,10,5.225,0.0018000000000000238,1416,1440,1
ns-3-5g-lena,PDSCH,Table 2,4,10,5.5,0.0,1416,1440,1
ns-3-5g-lena,PDSCH,Table 2,4,100,4.2,1.0,14088,7744,2
ns-3-5g-lena,PDSCH,Table 2,4,100,4.6,0.950466601279,14088,7744,2
ns-3-5g-lena,PDSCH,Table 2,4,100,5.0,0.04175479000000004,14088,7744,2
ns-3-5g-lena,PDSCH,Table 2,4,100,5.4,0.0,14088,7744,2
ns-3-5g-lena,PDSCH,Table 2,4,200,4.2,1.0,28168,7744,4
ns-3-5g-lena,PDSCH,Table 2,4,200,4.6,0.9975464424111464,28168,7744,4
ns-3-5g-lena,PDSCH,Table 2,4,200,5.0,0.08176611751205598,28168,7744,4
ns-3-5g-lena,PDSCH,Table 2,4,200,5.4,0.0,28168,7744,4
ns-3-5g-lena,PDSCH,Table 2,5,10,6.1395,1.0,1800,1920,1
ns-3-5g-lena,PDSCH,Table 2,5,10,6.4796,0.9770992,1800,1920,1
ns-3-5g-lena,PDSCH,Table 2,5,10,6.8196,0.48745170000000004,1800,1920,1
ns-3-5g-lena,PDSCH,Table 2,5,10,7.1597,0.014100000000000001,1800,1920,1
ns-3-5g-lena,PDSCH,Table 2,5,10,7.4998,0.0,1800,1920,1
ns-3-5g-lena,PDSCH,Table 2,5,100,6.0081,1.0,17928,6336,3
ns-3-5g-lena,PDSCH,Table 2,5,100,6.4469,0.9999588831478436,17928,6336,3
ns-3-5g-lena,PDSCH,Table 2,5,100,6.74,0.7584735820486703,17928,6336,3
ns-3-5g-lena,PDSCH,Table 2,5,100,6.8857,0.22029587833600006,17928,6336,3
ns-3-5g-lena,PDSCH,Table 2,5,100,7.03,0.02203612522399989,17928,6336,3
ns-3-5g-lena,PDSCH,Table 2,5,100,7.3245,0.0,17928,6336,3
ns-3-5g-lena,PDSCH,Table 2,5,200,6.3,1.0,35856,7744,5
ns-3-5g-lena,PDSCH,Table 2,5,200,6.7062,0.9975477900437506,35856,7744,5
ns-3-5g-lena,PDSCH,Table 2,5,200,7.1125,0.009463968524864308,35856,7744,5
ns-3-5g-lena,PDSCH,Table 2,5,200,7.5187,0.0,35856,7744,5
ns-3-5g-lena,PDSCH,Table 2,6,10,7.0361,0.9990385,2088,2240,1
ns-3-5g-lena,PDSCH,Table 2,6,10,7.3634,0.9001736,2088,2240,1
ns-3-5g-lena,PDSCH,Table 2,6,10,7.6906,0.23054030000000003,2088,2240,1
ns-3-5g-lena,PDSCH,Table 2,6,10,8.0179,0.0020999999999999908,2088,2240,1
ns-3-5g-lena,PDSCH,Table 2,6,10,8.3451,0.0,2088,2240,1
ns-3-5g-lena,PDSCH,Table 2,6,100,7.0,1.0,20496,7040,3
ns-3-5g-lena,PDSCH,Table 2,6,100,7.37,0.9999770716698558,20496,7040,3
ns-3-5g-lena,PDSCH,Table 2,6,100,7.55,0.9745992238445332,20496,7040,3
ns-3-5g-lena,PDSCH,Table 2,6,100,7.73,0.45742860833391286,20496,7040,3
ns-3-5g-lena,PDSCH,Table 2,6,100,8.1,0.0005998800079999311,20496,7040,3
ns-3-5g-lena,PDSCH,Table 2,6,100,8.65,0.0,20496,7040,3
ns-3-5g-lena,PDSCH,Table 2,6,200,7.0361,0.9999999999999992,40976,8448,5
ns-3-5g-lena,PDSCH,Table 2,6,200,7.3634,0.9999900864991531,40976,8448,5
ns-3-5g-lena,PDSCH,Table 2,6,200,7.6906,0.7302699119076421,40976,8448,5
ns-3-5g-lena,PDSCH,Table 2,6,200,8.0179,0.010455992512800272,40976,8448,5
ns-3-5g-lena,PDSCH,Table 2,6,200,8.3451,0.0,40976,8448,5
ns-3-5g-lena,PDSCH,Table 2,7,10,7.5,1.0,2280,2400,1
ns-3-5g-lena,PDSCH,Table 2,7,10,7.875,0.9971154,2280,2400,1
ns-3-5g-lena,PDSCH,Table 2,7,10,8.25,0.580518,2280,2400,1
ns-3-5g-lena,PDSCH,Table 2,7,10,8.625,0.02100000000000002,2280,2400,1
ns-3-5g-lena,PDSCH,Table 2,7,10,9.0,9.999999999998899e-05,2280,2400,1
ns-3-5g-lena,PDSCH,Table 2,7,100,7.98,0.9999999928877731,23040,7744,3
ns-3-5g-lena,PDSCH,Table 2,7,100,8.42,0.7511034714183781,23040,7744,3
ns-3-5g-lena,PDSCH,Table 2,7,100,8.635,0.055635121269000054,23040,7744,3
ns-3-5g-lena,PDSCH,Table 2,7,100,8.85,0.00029997000100001614,23040,7744,3
ns-3-5g-lena,PDSCH,Table 2,7,100,9.29,0.0,23040,7744,3
ns-3-5g-lena,PDSCH,Table 2,7,200,7.98,1.0,46104,7744,6
ns-3-5g-lena,PDSCH,Table 2,7,200,8.42,0.9380505180600178,46104,7744,6
ns-3-5g-lena,PDSCH,Table 2,7,200,8.635,0.10817497581938385,46104,7744,6
ns-3-5g-lena,PDSCH,Table 2,7,200,8.85,0.0005998500199984047,46104,7744,6
ns-3-5g-lena,PDSCH,Table 2,7,200,9.29,0.0,46104,7744,6
ns-3-5g-lena,PDSCH,Table 2,8,10,8.075,1.0,2600,2880,1
ns-3-5g-lena,PDSCH,Table 2,8,10,8.66,0.9990385,2600,2880,1
ns-3-5g-lena,PDSCH,Table 2,8,10,8.95,0.8827055,2600,2880,1
ns-3-5g-lena,PDSCH,Table 2,8,10,9.24,0.3225703,2600,2880,1
ns-3-5g-lena,PDSCH,Table 2,8,10,9.825,9.999999999998899e-05,2600,2880,1
ns-3-5g-lena,PDSCH,Table 2,8,10,10.7,0.0,2600,2880,1
ns-3-5g-lena,PDSCH,Table 2,8,100,8.7365,0.9999999999991454,26120,7040,4
ns-3-5g-lena,PDSCH,Table 2,8,100,9.08,0.9956222051603965,26120,7040,4
ns-3-5g-lena,PDSCH,Table 2,8,100,9.43,0.1274156220549374,26120,7040,4
ns-3-5g-lena,PDSCH,Table 2,8,100,9.7787,0.00039994000399989904,26120,7040,4
ns-3-5g-lena,PDSCH,Table 2,8,100,10.8209,0.0,26120,7040,4
ns-3-5g-lena,PDSCH,Table 2,8,200,8.7365,1.0,52224,7744,7
ns-3-5g-lena,PDSCH,Table 2,8,200,9.06,0.9999999496253802,52224,7744,7
ns-3-5g-lena,PDSCH,Table 2,8,200,9.28,0.9542274516076786,52224,7744,7
ns-3-5g-lena,PDSCH,Table 2,8,200,9.39,0.5838421077986117,52224,7744,7
ns-3-5g-lena,PDSCH,Table 2,8,200,9.5,0.14236129046337476,52224,7744,7
ns-3-5g-lena,PDSCH,Table 2,8,200,9.7169,0.0006997900349964281,52224,7744,7
ns-3-5g-lena,PDSCH,Table 2,8,200,10.6972,0.0,52224,7744,7
ns-3-5g-lena,PDSCH,Table 2,9,10,8.5901,1.0,2976,3200,1
ns-3-5g-lena,PDSCH,Table 2,9,10,9.77,0.9790076,2976,3200,1
ns-3-5g-lena,PDSCH,Table 2,9,10,10.16,0.5559211,2976,3200,1
ns-3-5g-lena,PDSCH,Table 2,9,10,10.357,0.18493399999999993,2976,3200,1
ns-3-5g-lena,PDSCH,Table 2,9,10,10.56,0.023499999999999965,2976,3200,1
ns-3-5g-lena,PDSCH,Table 2,9,10,10.95,0.0,2976,3200,1
ns-3-5g-lena,PDSCH,Table 2,9,100,9.2091,1.0,28680,7744,4
ns-3-5g-lena,PDSCH,Table 2,9,100,9.87,0.9999999755859375,28680,7744,4
ns-3-5g-lena,PDSCH,Table 2,9,100,10.2022,0.8940515870118563,28680,7744,4
ns-3-5g-lena,PDSCH,Table 2,9,100,10.53,0.023784862704000043,28680,7744,4
ns-3-5g-lena,PDSCH,Table 2,9,100,11.1953,0.0,28680,7744,4
ns-3-5g-lena,PDSCH,Table 2,9,200,8.5901,1.0,57376,8448,7
ns-3-5g-lena,PDSCH,Table 2,9,200,9.77,0.9999999999982034,57376,8448,7
ns-3-5g-lena,PDSCH,Table 2,9,200,10.16,0.9965941856583826,57376,8448,7
ns-3-5g-lena,PDSCH,Table 2,9,200,10.357,0.7610266673090872,57376,8448,7
ns-3-5g-lena,PDSCH,Table 2,9,200,10.56,0.1533464506554545,57376,8448,7
ns-3-5g-lena,PDSCH,Table 2,9,200,10.95,0.0,57376,8448,7
ns-3-5g-lena,PDSCH,Table 2,10,10,10.3,0.976145,3104,3200,1
ns-3-5g-lena,PDSCH,Table 2,10,10,10.6825,0.5619469,3104,3200,1
ns-3-5g-lena,PDSCH,Table 2,10,10,11.065,0.03500000000000003,3104,3200,1
ns-3-5g-lena,PDSCH,Table 2,10,10,11.4475,0.00019999999999997797,3104,3200,1
ns-3-5g-lena,PDSCH,Table 2,10,10,11.83,0.0,3104,3200,1
ns-3-5g-lena,PDSCH,Table 2,10,100,10.1725,1.0,30728,7744,4
ns-3-5g-lena,PDSCH,Table 2,10,100,10.7,0.9945819536498371,30728,7744,4
ns-3-5g-lena,PDSCH,Table 2,10,100,10.9682,0.3813355861268468,30728,7744,4
ns-3-5g-lena,PDSCH,Table 2,10,100,11.23,0.0063846563774465626,30728,7744,4
ns-3-5g-lena,PDSCH,Table 2,10,100,11.7638,0.0,30728,7744,4
ns-3-5g-lena,PDSCH,Table 2,10,200,10.1725,1.0,61480,7744,8
ns-3-5g-lena,PDSCH,Table 2,10,200,10.7,0.9999706447737475,61480,7744,8
ns-3-5g-lena,PDSCH,Table 2,10,200,10.9682,0.6172543430069879,61480,7744,8
ns-3-5g-lena,PDSCH,Table 2,10,200,11.23,0.012728548917835147,61480,7744,8
ns-3-5g-lena,PDSCH,Table 2,10,200,11.7638,0.0,61480,7744,8
ns-3-5g-lena,PDSCH,Table 2,11,10,10.4255,1.0,3368,3520,1
ns-3-5g-lena,PDSCH,Table 2,11,10,11.46,0.9961538,3368,3520,1
ns-3-5g-lena,PDSCH,Table 2,11,10,11.9846,0.5806818,3368,3520,1
ns-3-5g-lena,PDSCH,Table 2,11,10,12.5,0.006000000000000005,3368,3520,1
ns-3-5g-lena,PDSCH,Table 2,11,10,13.5437,0.0,3368,3520,1
ns-3-5g-lena,PDSCH,Table 2,11,100,10.4255,1.0,32776,8448,4
ns-3-5g-lena,PDSCH,Table 2,11,100,11.46,0.9999999997811596,32776,8448,4
ns-3-5g-lena,PDSCH,Table 2,11,100,11.9846,0.9690846013272832,32776,8448,4
ns-3-5g-lena,PDSCH,Table 2,11,100,12.5,0.023784862704000043,32776,8448,4
ns-3-5g-lena,PDSCH,Table 2,11,100,13.5437,0.0,32776,8448,4
ns-3-5g-lena,PDSCH,Table 2,11,200,10.4255,1.0,65576,8448,8
ns-3-5g-lena,PDSCH,Table 2,11,200,11.46,1.0,65576,8448,8
ns-3-5g-lena,PDSCH,Table 2,11,200,11.9846,0.999044238124907,65576,8448,8
ns-3-5g-lena,PDSCH,Table 2,11,200,12.5,0.047004005714151864,65576,8448,8
ns-3-5g-lena,PDSCH,Table 2,11,200,13.5437,0.0,65576,8448,8
ns-3-5g-lena,PDSCH,Table 2,12,10,12.1365,1.0,3624,3840,1
ns-3-5g-lena,PDSCH,Table 2,12,10,12.85,0.7626488,3624,3840,1
ns-3-5g-lena,PDSCH,Table 2,12,10,13.2112,0.13776070000000007,3624,3840,1
ns-3-5g-lena,PDSCH,Table 2,12,10,13.57,0.0011999999999999789,3624,3840,1
ns-3-5g-lena,PDSCH,Table 2,12,10,14.2859,0.0,3624,3840,1
ns-3-5g-lena,PDSCH,Table 2,12,100,12.58,0.9999999999514673,35856,7744,5
ns-3-5g-lena,PDSCH,Table 2,12,100,12.8942,0.9975425105980007,35856,7744,5
ns-3-5g-lena,PDSCH,Table 2,12,100,13.2112,0.22377245524998435,35856,7744,5
ns-3-5g-lena,PDSCH,Table 2,12,100,13.5282,0.0009996000799918914,35856,7744,5
ns-3-5g-lena,PDSCH,Table 2,12,100,13.8451,0.0,35856,7744,5
ns-3-5g-lena,PDSCH,Table 2,12,200,12.1365,1.0,71688,8448,9
ns-3-5g-lena,PDSCH,Table 2,12,200,12.85,0.9999976093120866,71688,8448,9
ns-3-5g-lena,PDSCH,Table 2,12,200,13.2112,0.7365790430762909,71688,8448,9
ns-3-5g-lena,PDSCH,Table 2,12,200,13.57,0.010748304891039506,71688,8448,9
ns-3-5g-lena,PDSCH,Table 2,12,200,14.2859,0.0,71688,8448,9
ns-3-5g-lena,PDSCH,Table 2,13,10,12.6707,1.0,3968,4224,1
ns-3-5g-lena,PDSCH,Table 2,13,10,13.35,0.9990385,3968,4224,1
ns-3-5g-lena,PDSCH,Table 2,13,10,13.6952,0.8509934,3968,4224,1
ns-3-5g-lena,PDSCH,Table 2,13,10,14.04,0.23233939999999997,3968,4224,1
ns-3-5g-lena,PDSCH,Table 2,13,10,14.7196,9.999999999998899e-05,3968,4224,1
ns-3-5g-lena,PDSCH,Table 2,13,10,15.7441,0.0,3968,4224,1
ns-3-5g-lena,PDSCH,Table 2,13,100,13.19,0.9999999999999737,39936,8448,5
ns-3-5g-lena,PDSCH,Table 2,13,100,13.67,0.9997294548939049,39936,8448,5
ns-3-5g-lena,PDSCH,Table 2,13,100,13.9072,0.9284201612109813,39936,8448,5
ns-3-5g-lena,PDSCH,Table 2,13,100,14.15,0.35088711461995825,39936,8448,5
ns-3-5g-lena,PDSCH,Table 2,13,100,14.6226,0.0009996000799918914,39936,8448,5
ns-3-5g-lena,PDSCH,Table 2,13,100,15.3379,0.0,39936,8448,5
ns-3-5g-lena,PDSCH,Table 2,13,200,13.19,1.0,79896,8448,10
ns-3-5g-lena,PDSCH,Table 2,13,200,13.67,0.9999999268053456,79896,8448,10
ns-3-5g-lena,PDSCH,Table 2,13,200,13.9072,0.9948763266789381,79896,8448,10
ns-3-5g-lena,PDSCH,Table 2,13,200,14.15,0.5786524620335969,79896,8448,10
ns-3-5g-lena,PDSCH,Table 2,13,200,14.6226,0.001998200959663854,79896,8448,10
ns-3-5g-lena,PDSCH,Table 2,13,200,15.3379,0.0,79896,8448,10
ns-3-5g-lena,PDSCH,Table 2,14,10,14.12,0.9990385,4352,4576,1
ns-3-5g-lena,PDSCH,Table 2,14,10,14.54,0.8176752,4352,4576,1
ns-3-5g-lena,PDSCH,Table 2,14,10,14.7561,0.40375399999999995,4352,4576,1
ns-3-5g-lena,PDSCH,Table 2,14,10,14.97,0.09073397999999999,4352,4576,1
ns-3-5g-lena,PDSCH,Table 2,14,10,15.3907,0.00029999999999996696,4352,4576,1
ns-3-5g-lena,PDSCH,Table 2,14,10,16.0252,9.999999999998899e-05,4352,4576,1
ns-3-5g-lena,PDSCH,Table 2,14,10,16.6598,0.0,4352,4576,1
ns-3-5g-lena,PDSCH,Table 2,14,100,14.02,1.0,43032,7744,6
ns-3-5g-lena,PDSCH,Table 2,14,100,14.46,0.9999999999992096,43032,7744,6
ns-3-5g-lena,PDSCH,Table 2,14,100,14.6712,0.999874342493675,43032,7744,6
ns-3-5g-lena,PDSCH,Table 2,14,100,14.89,0.8167535759045357,43032,7744,6
ns-3-5g-lena,PDSCH,Table 2,14,100,15.327,0.0,43032,7744,6
ns-3-5g-lena,PDSCH,Table 2,14,200,13.81,1.0,86040,8448,11
ns-3-5g-lena,PDSCH,Table 2,14,200,14.42,1.0,86040,8448,11
ns-3-5g-lena,PDSCH,Table 2,14,200,14.7246,0.9999999971943356,86040,8448,11
ns-3-5g-lena,PDSCH,Table 2,14,200,15.03,0.988564516336871,86040,8448,11
ns-3-5g-lena,PDSCH,Table 2,14,200,15.6412,0.0,86040,8448,11
ns-3-5g-lena,PDSCH,Table 2,15,10,14.94,1.0,4608,4928,1
ns-3-5g-lena,PDSCH,Table 2,15,10,15.4559,0.8417208,4608,4928,1
ns-3-5g-lena,PDSCH,Table 2,15,10,15.9719,0.028699999999999948,4608,4928,1
ns-3-5g-lena,PDSCH,Table 2,15,10,16.4879,0.0,4608,4928,1
ns-3-5g-lena,PDSCH,Table 2,15,100,15.32,0.9999999973010867,47112,8448,6
ns-3-5g-lena,PDSCH,Table 2,15,100,15.5861,0.9994957684265504,47112,8448,6
ns-3-5g-lena,PDSCH,Table 2,15,100,15.8511,0.7893532096428717,47112,8448,6
ns-3-5g-lena,PDSCH,Table 2,15,100,16.1161,0.11956732720384,47112,8448,6
ns-3-5g-lena,PDSCH,Table 2,15,100,16.381,0.0035946043180566933,47112,8448,6
ns-3-5g-lena,PDSCH,Table 2,15,100,16.646,0.0,47112,8448,6
ns-3-5g-lena,PDSCH,Table 2,15,200,15.32,1.0,94248,8448,12
ns-3-5g-lena,PDSCH,Table 2,15,200,15.5861,0.9999997457505203,94248,8448,12
ns-3-5g-lena,PDSCH,Table 2,15,200,15.8511,0.9556279297122401,94248,8448,12
ns-3-5g-lena,PDSCH,Table 2,15,200,16.1161,0.2248383086730098,94248,8448,12
ns-3-5g-lena,PDSCH,Table 2,15,200,16.381,0.007176287455910035,94248,8448,12
ns-3-5g-lena,PDSCH,Table 2,15,200,16.646,0.0,94248,8448,12
ns-3-5g-lena,PDSCH,Table 2,16,10,16.23,0.9568015,4992,5280,1
ns-3-5g-lena,PDSCH,Table 2,16,10,16.64,0.3684402,4992,5280,1
ns-3-5g-lena,PDSCH,Table 2,16,10,17.0524,0.00649999999999995,4992,5280,1
ns-3-5g-lena,PDSCH,Table 2,16,10,17.4666,0.0,4992,5280,1
ns-3-5g-lena,PDSCH,Table 2,16,100,15.8,0.9999999999809234,50184,8448,6
ns-3-5g-lena,PDSCH,Table 2,16,100,16.175,0.9999999620453709,50184,8448,6
ns-3-5g-lena,PDSCH,Table 2,16,100,16.55,0.9999908557031932,50184,8448,6
ns-3-5g-lena,PDSCH,Table 2,16,100,16.925,0.9991041516260653,50184,8448,6
ns-3-5g-lena,PDSCH,Table 2,16,100,17.3,0.980362943544714,50184,8448,6
ns-3-5g-lena,PDSCH,Table 2,16,100,17.68,0.8690435683452322,50184,8448,6
ns-3-5g-lena,PDSCH,Table 2,16,100,18.05,0.5835653414527351,50184,8448,6
ns-3-5g-lena,PDSCH,Table 2,16,100,18.43,0.2635142036409702,50184,8448,6
ns-3-5g-lena,PDSCH,Table 2,16,100,18.8,0.07663194636552462,50184,8448,6
ns-3-5g-lena,PDSCH,Table 2,16,100,19.18,0.01904705378914806,50184,8448,6
ns-3-5g-lena,PDSCH,Table 2,16,100,19.55,0.00419265685639969,50184,8448,6
ns-3-5g-lena,PDSCH,Table 2,16,100,19.93,0.0023976012796157464,50184,8448,6
ns-3-5g-lena,PDSCH,Table 2,16,100,20.3,0.0005998500199984047,50184,8448,6
ns-3-5g-lena,PDSCH,Table 2,16,100,20.68,0.0,50184,8448,6
ns-3-5g-lena,PDSCH,Table 2,16,200,15.8,1.0,100392,8448,12
ns-3-5g-lena,PDSCH,Table 2,16,200,16.175,0.9999999999999986,100392,8448,12
ns-3-5g-lena,PDSCH,Table 2,16,200,16.55,0.9999999999163819,100392,8448,12
ns-3-5g-lena,PDSCH,Table 2,16,200,16.925,0.9999991974556909,100392,8448,12
ns-3-5g-lena,PDSCH,Table 2,16,200,17.3,0.999614386013772,100392,8448,12
ns-3-5g-lena,PDSCH,Table 2,16,200,17.68,0.9828504130082502,100392,8448,12
ns-3-5g-lena,PDSCH,Table 2,16,200,18.05,0.8265821751606229,100392,8448,12
ns-3-5g-lena,PDSCH,Table 2,16,200,18.43,0.4575886717614056,100392,8448,12
ns-3-5g-lena,PDSCH,Table 2,16,200,18.8,0.14739143752728068,100392,8448,12
ns-3-5g-lena,PDSCH,Table 2,16,200,19.18,0.03773131732024948,100392,8448,12
ns-3-5g-lena,PDSCH,Table 2,16,200,19.55,0.008367735341283877,100392,8448,12
ns-3-5g-lena,PDSCH,Table 2,16,200,19.93,0.004789454067335552,100392,8448,12
ns-3-5g-lena,PDSCH,Table 2,16,200,20.3,0.0011993402199503844,100392,8448,12
ns-3-5g-lena,PDSCH,Table 2,16,200,20.68,0.0,100392,8448,12
ns-3-5g-lena,PDSCH,Table 2,17,10,17.22,0.9894231,5376,5632,1
ns-3-5g-lena,PDSCH,Table 2,17,10,17.67,0.5080321,5376,5632,1
ns-3-5g-lena,PDSCH,Table 2,17,10,17.9,0.12388719999999998,5376,5632,1
ns-3-5g-lena,PDSCH,Table 2,17,10,18.12,0.010399999999999965,5376,5632,1
ns-3-5g-lena,PDSCH,Table 2,17,10,18.575,0.0,5376,5632,1
ns-3-5g-lena,PDSCH,Table 2,17,100,17.3,0.9999999996391524,54296,8448,7
ns-3-5g-lena,PDSCH,Table 2,17,100,17.6938,0.9999997553065931,54296,8448,7
ns-3-5g-lena,PDSCH,Table 2,17,100,18.0875,0.9999535418183713,54296,8448,7
ns-3-5g-lena,PDSCH,Table 2,17,100,18.4812,0.9951622441335134,54296,8448,7
ns-3-5g-lena,PDSCH,Table 2,17,100,18.875,0.9388426495789013,54296,8448,7
ns-3-5g-lena,PDSCH,Table 2,17,100,19.27,0.7011007739365221,54296,8448,7
ns-3-5g-lena,PDSCH,Table 2,17,100,19.66,0.36729153982073803,54296,8448,7
ns-3-5g-lena,PDSCH,Table 2,17,100,20.06,0.12065116136340015,54296,8448,7
ns-3-5g-lena,PDSCH,Table 2,17,100,20.45,0.026982658086879052,54296,8448,7
ns-3-5g-lena,PDSCH,Table 2,17,100,20.84,0.005586577905671075,54296,8448,7
ns-3-5g-lena,PDSCH,Table 2,17,100,21.24,0.0006997900349964281,54296,8448,7
ns-3-5g-lena,PDSCH,Table 2,17,100,21.63,0.0,54296,8448,7
ns-3-5g-lena,PDSCH,Table 2,17,200,17.3,1.0,108552,8448,13
ns-3-5g-lena,PDSCH,Table 2,17,200,17.6938,0.9999999999994731,108552,8448,13
ns-3-5g-lena,PDSCH,Table 2,17,200,18.0875,0.9999999910233245,108552,8448,13
ns-3-5g-lena,PDSCH,Table 2,17,200,18.4812,0.9999498751545287,108552,8448,13
ns-3-5g-lena,PDSCH,Table 2,17,200,18.875,0.9944247826829561,108552,8448,13
ns-3-5g-lena,PDSCH,Table 2,17,200,19.27,0.8938366508115998,108552,8448,13
ns-3-5g-lena,PDSCH,Table 2,17,200,19.66,0.5726273133528208,108552,8448,13
ns-3-5g-lena,PDSCH,Table 2,17,200,20.06,0.2124115094606468,108552,8448,13
ns-3-5g-lena,PDSCH,Table 2,17,200,20.45,0.04953042097813942,108552,8448,13
ns-3-5g-lena,PDSCH,Table 2,17,200,20.84,0.010350226139557606,108552,8448,13
ns-3-5g-lena,PDSCH,Table 2,17,200,21.24,0.0012992202859283264,108552,8448,13
ns-3-5g-lena,PDSCH,Table 2,17,200,21.63,0.0,108552,8448,13
ns-3-5g-lena,PDSCH,Table 2,18,10,18.26,0.9294643,5760,6336,1
ns-3-5g-lena,PDSCH,Table 2,18,10,18.54,0.49134619999999996,5760,6336,1
ns-3-5g-lena,PDSCH,Table 2,18,10,18.68,0.2075783,5760,6336,1
ns-3-5g-lena,PDSCH,Table 2,18,10,18.82,0.057499999999999996,5760,6336,1
ns-3-5g-lena,PDSCH,Table 2,18,10,19.1,0.0009000000000000119,5760,6336,1
ns-3-5g-lena,PDSCH,Table 2,18,10,19.525,0.0,5760,6336,1
ns-3-5g-lena,PDSCH,Table 2,18,100,17.9596,0.9999999999907857,57376,8448,7
ns-3-5g-lena,PDSCH,Table 2,18,100,18.3578,0.9999999900254238,57376,8448,7
ns-3-5g-lena,PDSCH,Table 2,18,100,18.7559,0.9999945393637709,57376,8448,7
ns-3-5g-lena,PDSCH,Table 2,18,100,19.1541,0.9991249705094116,57376,8448,7
ns-3-5g-lena,PDSCH,Table 2,18,100,19.5523,0.9787518992011016,57376,8448,7
ns-3-5g-lena,PDSCH,Table 2,18,100,19.95,0.8491662923666452,57376,8448,7
ns-3-5g-lena,PDSCH,Table 2,18,100,20.35,0.5538912364646937,57376,8448,7
ns-3-5g-lena,PDSCH,Table 2,18,100,20.75,0.22185404616202142,57376,8448,7
ns-3-5g-lena,PDSCH,Table 2,18,100,21.15,0.06595574550003547,57376,8448,7
ns-3-5g-lena,PDSCH,Table 2,18,100,21.54,0.022186103217022746,57376,8448,7
ns-3-5g-lena,PDSCH,Table 2,18,100,21.94,0.0006997900349964281,57376,8448,7
ns-3-5g-lena,PDSCH,Table 2,18,100,22.34,0.0006997900349964281,57376,8448,7
ns-3-5g-lena,PDSCH,Table 2,18,100,22.74,0.0,57376,8448,7
ns-3-5g-lena,PDSCH,Table 2,18,200,17.9596,1.0,114776,8448,14
ns-3-5g-lena,PDSCH,Table 2,18,200,18.3578,0.9999999999999999,114776,8448,14
ns-3-5g-lena,PDSCH,Table 2,18,200,18.7559,0.9999999999701814,114776,8448,14
ns-3-5g-lena,PDSCH,Table 2,18,200,19.1541,0.9999992343233906,114776,8448,14
ns-3-5g-lena,PDSCH,Table 2,18,200,19.5523,0.9995485182124398,114776,8448,14
ns-3-5g-lena,PDSCH,Table 2,18,200,19.95,0.9772491926415756,114776,8448,14
ns-3-5g-lena,PDSCH,Table 2,18,200,20.35,0.8009869710970001,114776,8448,14
ns-3-5g-lena,PDSCH,Table 2,18,200,20.75,0.39448887452558246,114776,8448,14
ns-3-5g-lena,PDSCH,Table 2,18,200,21.15,0.1275613306356056,114776,8448,14
ns-3-5g-lena,PDSCH,Table 2,18,200,21.54,0.04387998325808917,114776,8448,14
ns-3-5g-lena,PDSCH,Table 2,18,200,21.94,0.0013990903638997354,114776,8448,14
ns-3-5g-lena,PDSCH,Table 2,18,200,22.34,0.0013990903638997354,114776,8448,14
ns-3-5g-lena,PDSCH,Table 2,18,200,22.74,0.0,114776,8448,14
ns-3-5g-lena,PDSCH,Table 2,19,10,18.8,1.0,6144,6336,1
ns-3-5g-lena,PDSCH,Table 2,19,10,19.47,0.535865,6144,6336,1
ns-3-5g-lena,PDSCH,Table 2,19,10,19.8,0.047800000000000065,6144,6336,1
ns-3-5g-lena,PDSCH,Table 2,19,10,20.13,0.0004999999999999449,6144,6336,1
ns-3-5g-lena,PDSCH,Table 2,19,10,20.8,0.0,6144,6336,1
ns-3-5g-lena,PDSCH,Table 2,19,100,19.3,0.9999999996345476,61480,7744,8
ns-3-5g-lena,PDSCH,Table 2,19,100,19.63,0.968918963524369,61480,7744,8
ns-3-5g-lena,PDSCH,Table 2,19,100,19.97,0.08394486208635454,61480,7744,8
ns-3-5g-lena,PDSCH,Table 2,19,100,20.3,0.0,61480,7744,8
ns-3-5g-lena,PDSCH,Table 2,19,200,19.07,1.0,122976,8448,15
ns-3-5g-lena,PDSCH,Table 2,19,200,19.7523,0.9999999996806197,122976,8448,15
ns-3-5g-lena,PDSCH,Table 2,19,200,20.4394,0.999823473574618,122976,8448,15
ns-3-5g-lena,PDSCH,Table 2,19,200,21.1264,0.9241228949508697,122976,8448,15
ns-3-5g-lena,PDSCH,Table 2,19,200,21.8134,0.38984820206205184,122976,8448,15
ns-3-5g-lena,PDSCH,Table 2,19,200,22.5005,0.044067175161094374,122976,8448,15
ns-3-5g-lena,PDSCH,Table 2,19,200,23.19,0.001498950454863368,122976,8448,15
ns-3-5g-lena,PDSCH,Table 2,20,10,19.9167,1.0,6400,7040,1
ns-3-5g-lena,PDSCH,Table 2,20,10,20.3333,0.9923077,6400,7040,1
ns-3-5g-lena,PDSCH,Table 2,20,10,20.75,0.5247934,6400,7040,1
ns-3-5g-lena,PDSCH,Table 2,20,10,21.1667,0.016100000000000003,6400,7040,1
ns-3-5g-lena,PDSCH,Table 2,20,10,21.5833,0.0,6400,7040,1
ns-3-5g-lena,PDSCH,Table 2,20,100,19.5,1.0,63528,8448,8
ns-3-5g-lena,PDSCH,Table 2,20,100,19.9167,1.0,63528,8448,8
ns-3-5g-lena,PDSCH,Table 2,20,100,20.3333,0.9999791537621943,63528,8448,8
ns-3-5g-lena,PDSCH,Table 2,20,100,20.75,0.5583394642039252,63528,8448,8
ns-3-5g-lena,PDSCH,Table 2,20,100,21.1667,0.005586299191202682,63528,8448,8
ns-3-5g-lena,PDSCH,Table 2,20,100,21.5833,0.0,63528,8448,8
ns-3-5g-lena,PDSCH,Table 2,20,200,19.5,1.0,127080,8448,16
ns-3-5g-lena,PDSCH,Table 2,20,200,19.9167,1.0,127080,8448,16
ns-3-5g-lena,PDSCH,Table 2,20,200,20.3333,0.9999999995654344,127080,8448,16
ns-3-5g-lena,PDSCH,Table 2,20,200,20.75,0.8049359711203241,127080,8448,16
ns-3-5g-lena,PDSCH,Table 2,20,200,21.1667,0.011141391643751719,127080,8448,16
ns-3-5g-lena,PDSCH,Table 2,20,200,21.5833,0.0,127080,8448,16
ns-3-5g-lena,PDSCH,Table 2,21,10,20.5,1.0,6656,7040,1
ns-3-5g-lena,PDSCH,Table 2,21,10,20.8333,0.9865385,6656,7040,1
ns-3-5g-lena,PDSCH,Table 2,21,10,21.1667,0.7064917,6656,7040,1
ns-3-5g-lena,PDSCH,Table 2,21,10,21.5,0.11716559999999998,6656,7040,1
ns-3-5g-lena,PDSCH,Table 2,21,10,21.8333,0.0018000000000000238,6656,7040,1
ns-3-5g-lena,PDSCH,Table 2,21,10,22.1667,0.0,6656,7040,1
ns-3-5g-lena,PDSCH,Table 2,21,100,20.8333,1.0,67584,7744,9
ns-3-5g-lena,PDSCH,Table 2,21,100,21.1667,0.9999999992841272,67584,7744,9
ns-3-5g-lena,PDSCH,Table 2,21,100,21.5,0.9788707736259853,67584,7744,9
ns-3-5g-lena,PDSCH,Table 2,21,100,21.8333,0.12717721598056553,67584,7744,9
ns-3-5g-lena,PDSCH,Table 2,21,100,22.1667,0.0,67584,7744,9
ns-3-5g-lena,PDSCH,Table 2,21,200,20.5,1.0,135296,8448,17
ns-3-5g-lena,PDSCH,Table 2,21,200,20.8333,1.0,135296,8448,17
ns-3-5g-lena,PDSCH,Table 2,21,200,21.1667,1.0,135296,8448,17
ns-3-5g-lena,PDSCH,Table 2,21,200,21.5,0.9999999999999823,135296,8448,17
ns-3-5g-lena,PDSCH,Table 2,21,200,21.8333,0.9999999997747367,135296,8448,17
ns-3-5g-lena,PDSCH,Table 2,21,200,22.1667,0.9999995642357621,135296,8448,17
ns-3-5g-lena,PDSCH,Table 2,21,200,22.5,0.9998109915148709,135296,8448,17
ns-3-5g-lena,PDSCH,Table 2,21,200,22.83,0.9893479105555144,135296,8448,17
ns-3-5g-lena,PDSCH,Table 2,21,200,23.17,0.9004424340846847,135296,8448,17
ns-3-5g-lena,PDSCH,Table 2,21,200,23.5,0.6613046941821021,135296,8448,17
ns-3-5g-lena,PDSCH,Table 2,21,200,23.83,0.3196376394633843,135296,8448,17
ns-3-5g-lena,PDSCH,Table 2,21,200,24.17,0.13061975544152837,135296,8448,17
ns-3-5g-lena,PDSCH,Table 2,21,200,24.5,0.04817265744902399,135296,8448,17
ns-3-5g-lena,PDSCH,Table 2,21,200,24.83,0.011833592669601156,135296,8448,17
ns-3-5g-lena,PDSCH,Table 2,21,200,25.17,0.001698640679761887,135296,8448,17
ns-3-5g-lena,PDSCH,Table 2,21,200,25.5,0.0,135296,8448,17
ns-3-5g-lena,PDSCH,Table 2,22,10,21.5,1.0,7040,7744,1
ns-3-5g-lena,PDSCH,Table 2,22,10,21.9167,0.9855769,7040,7744,1
ns-3-5g-lena,PDSCH,Table 2,22,10,22.3333,0.35034719999999997,7040,7744,1
ns-3-5g-lena,PDSCH,Table 2,22,10,22.75,0.0029000000000000137,7040,7744,1
ns-3-5g-lena,PDSCH,Table 2,22,10,23.1667,0.0,7040,7744,1
ns-3-5g-lena,PDSCH,Table 2,22,100,21.5,0.9999999999999785,71688,8448,9
ns-3-5g-lena,PDSCH,Table 2,22,100,21.9167,0.9999999999034186,71688,8448,9
ns-3-5g-lena,PDSCH,Table 2,22,100,22.3333,0.9999998460632057,71688,8448,9
ns-3-5g-lena,PDSCH,Table 2,22,100,22.75,0.9999373285494286,71688,8448,9
ns-3-5g-lena,PDSCH,Table 2,22,100,23.1667,0.9951632802967629,71688,8448,9
ns-3-5g-lena,PDSCH,Table 2,22,100,23.5833,0.9369004478566063,71688,8448,9
ns-3-5g-lena,PDSCH,Table 2,22,100,24.0,0.6624244759216308,71688,8448,9
ns-3-5g-lena,PDSCH,Table 2,22,100,24.42,0.3009463800009552,71688,8448,9
ns-3-5g-lena,PDSCH,Table 2,22,100,24.83,0.1029585703672955,71688,8448,9
ns-3-5g-lena,PDSCH,Table 2,22,100,25.25,0.028434099342130703,71688,8448,9
ns-3-5g-lena,PDSCH,Table 2,22,100,25.67,0.007177002956431866,71688,8448,9
ns-3-5g-lena,PDSCH,Table 2,22,100,26.08,0.000899640083987352,71688,8448,9
ns-3-5g-lena,PDSCH,Table 2,22,100,26.5,0.000899640083987352,71688,8448,9
ns-3-5g-lena,PDSCH,Table 2,22,100,26.92,0.0,71688,8448,9
ns-3-5g-lena,PDSCH,Table 2,22,200,21.5,1.0,143400,8448,18
ns-3-5g-lena,PDSCH,Table 2,22,200,21.9167,1.0,143400,8448,18
ns-3-5g-lena,PDSCH,Table 2,22,200,22.3333,0.9999999999999764,143400,8448,18
ns-3-5g-lena,PDSCH,Table 2,22,200,22.75,0.9999999960722893,143400,8448,18
ns-3-5g-lena,PDSCH,Table 2,22,200,23.1667,0.9999766061425123,143400,8448,18
ns-3-5g-lena,PDSCH,Table 2,22,200,23.5833,0.9960184465193032,143400,8448,18
ns-3-5g-lena,PDSCH,Table 2,22,200,24.0,0.8860427655432144,143400,8448,18
ns-3-5g-lena,PDSCH,Table 2,22,200,24.42,0.511324036366231,143400,8448,18
ns-3-5g-lena,PDSCH,Table 2,22,200,24.83,0.1953166735225137,143400,8448,18
ns-3-5g-lena,PDSCH,Table 2,22,200,25.25,0.056059700678863345,143400,8448,18
ns-3-5g-lena,PDSCH,Table 2,22,200,25.67,0.014302496541427123,143400,8448,18
ns-3-5g-lena,PDSCH,Table 2,22,200,26.08,0.0017984708156938423,143400,8448,18
ns-3-5g-lena,PDSCH,Table 2,22,200,26.5,0.0017984708156938423,143400,8448,18
ns-3-5g-lena,PDSCH,Table 2,22,200,26.92,0.0,143400,8448,18
ns-3-5g-lena,PDSCH,Table 2,23,10,22.5,1.0,7424,7744,1
ns-3-5g-lena,PDSCH,Table 2,23,10,22.8333,0.9586466,7424,7744,1
ns-3-5g-lena,PDSCH,Table 2,23,10,23.1667,0.5075,7424,7744,1
ns-3-5g-lena,PDSCH,Table 2,23,10,23.5,0.05390000000000006,7424,7744,1
ns-3-5g-lena,PDSCH,Table 2,23,10,23.8333,0.00029999999999996696,7424,7744,1
ns-3-5g-lena,PDSCH,Table 2,23,10,24.1667,9.999999999998899e-05,7424,7744,1
ns-3-5g-lena,PDSCH,Table 2,23,10,24.5,0.0,7424,7744,1
ns-3-5g-lena,PDSCH,Table 2,23,100,22.5,1.0,73776,8448,9
ns-3-5g-lena,PDSCH,Table 2,23,100,22.8333,0.9999999999999994,73776,8448,9
ns-3-5g-lena,PDSCH,Table 2,23,100,23.1667,0.9999999999880772,73776,8448,9
ns-3-5g-lena,PDSCH,Table 2,23,100,23.5,0.9999999934136394,73776,8448,9
ns-3-5g-lena,PDSCH,Table 2,23,100,23.8333,0.9999986093049303,73776,8448,9
ns-3-5g-lena,PDSCH,Table 2,23,100,24.1667,0.9998934060690685,73776,8448,9
ns-3-5g-lena,PDSCH,Table 2,23,100,24.5,0.9973087927673107,73776,8448,9
ns-3-5g-lena,PDSCH,Table 2,23,100,24.83,0.9705355967875414,73776,8448,9
ns-3-5g-lena,PDSCH,Table 2,23,100,25.17,0.8619963979826719,73776,8448,9
ns-3-5g-lena,PDSCH,Table 2,23,100,25.5,0.6086591168097889,73776,8448,9
ns-3-5g-lena,PDSCH,Table 2,23,100,25.83,0.3552750448944817,73776,8448,9
ns-3-5g-lena,PDSCH,Table 2,23,100,26.17,0.15314487731089954,73776,8448,9
ns-3-5g-lena,PDSCH,Table 2,23,100,26.5,0.05700184503777317,73776,8448,9
ns-3-5g-lena,PDSCH,Table 2,23,100,26.83,0.02139379704563893,73776,8448,9
ns-3-5g-lena,PDSCH,Table 2,23,100,27.17,0.00896408387412595,73776,8448,9
ns-3-5g-lena,PDSCH,Table 2,23,100,27.5,0.0026967622669794578,73776,8448,9
ns-3-5g-lena,PDSCH,Table 2,23,100,27.83,0.0017985606717982883,73776,8448,9
ns-3-5g-lena,PDSCH,Table 2,23,200,22.5,1.0,147576,8448,18
ns-3-5g-lena,PDSCH,Table 2,23,200,22.8333,1.0,147576,8448,18
ns-3-5g-lena,PDSCH,Table 2,23,200,23.1667,1.0,147576,8448,18
ns-3-5g-lena,PDSCH,Table 2,23,200,23.5,1.0,147576,8448,18
ns-3-5g-lena,PDSCH,Table 2,23,200,23.8333,0.999999999998066,147576,8448,18
ns-3-5g-lena,PDSCH,Table 2,23,200,24.1667,0.9999999886377339,147576,8448,18
ns-3-5g-lena,PDSCH,Table 2,23,200,24.5,0.9999927574036307,147576,8448,18
ns-3-5g-lena,PDSCH,Table 2,23,200,24.83,0.9991318489433336,147576,8448,18
ns-3-5g-lena,PDSCH,Table 2,23,200,25.17,0.980955005830243,147576,8448,18
ns-3-5g-lena,PDSCH,Table 2,23,200,25.5,0.8468523131439056,147576,8448,18
ns-3-5g-lena,PDSCH,Table 2,23,200,25.83,0.5843297322641874,147576,8448,18
ns-3-5g-lena,PDSCH,Table 2,23,200,26.17,0.28283640117522857,147576,8448,18
ns-3-5g-lena,PDSCH,Table 2,23,200,26.5,0.11075447973783603,147576,8448,18
ns-3-5g-lena,PDSCH,Table 2,23,200,26.83,0.04232989953924782,147576,8448,18
ns-3-5g-lena,PDSCH,Table 2,23,200,27.17,0.017847812948549535,147576,8448,18
ns-3-5g-lena,PDSCH,Table 2,23,200,27.5,0.0053862520072341935,147576,8448,18
ns-3-5g-lena,PDSCH,Table 2,23,200,27.83,0.0035938865231063266,147576,8448,18
ns-3-5g-lena,PDSCH,Table 2,24,10,23.5,0.9894231,7808,8448,1
ns-3-5g-lena,PDSCH,Table 2,24,10,23.9167,0.9659091,7808,8448,1
ns-3-5g-lena,PDSCH,Table 2,24,10,24.3333,0.9244604,7808,8448,1
ns-3-5g-lena,PDSCH,Table 2,24,10,24.75,0.8275316,7808,8448,1
ns-3-5g-lena,PDSCH,Table 2,24,10,25.1667,0.6679688,7808,8448,1
ns-3-5g-lena,PDSCH,Table 2,24,10,25.5833,0.459692,7808,8448,1
ns-3-5g-lena,PDSCH,Table 2,24,10,26.0,0.27910199999999996,7808,8448,1
ns-3-5g-lena,PDSCH,Table 2,24,10,26.42,0.14291809999999994,7808,8448,1
ns-3-5g-lena,PDSCH,Table 2,24,10,26.83,0.05379999999999996,7808,8448,1
ns-3-5g-lena,PDSCH,Table 2,24,10,27.25,0.017000000000000015,7808,8448,1
ns-3-5g-lena,PDSCH,Table 2,24,10,27.67,0.0028000000000000247,7808,8448,1
ns-3-5g-lena,PDSCH,Table 2,24,10,28.08,0.00039999999999995595,7808,8448,1
ns-3-5g-lena,PDSCH,Table 2,24,10,28.5,0.0,7808,8448,1
ns-3-5g-lena,PDSCH,Table 2,24,100,23.5,1.0,77896,8448,10
ns-3-5g-lena,PDSCH,Table 2,24,100,23.9167,0.9999999999999979,77896,8448,10
ns-3-5g-lena,PDSCH,Table 2,24,100,24.3333,0.9999999999939502,77896,8448,10
ns-3-5g-lena,PDSCH,Table 2,24,100,24.75,0.9999999767139758,77896,8448,10
ns-3-5g-lena,PDSCH,Table 2,24,100,25.1667,0.9999837149554855,77896,8448,10
ns-3-5g-lena,PDSCH,Table 2,24,100,25.5833,0.9978796186333093,77896,8448,10
ns-3-5g-lena,PDSCH,Table 2,24,100,26.0,0.962091359784549,77896,8448,10
ns-3-5g-lena,PDSCH,Table 2,24,100,26.42,0.7860938668289382,77896,8448,10
ns-3-5g-lena,PDSCH,Table 2,24,100,26.83,0.4247860140004889,77896,8448,10
ns-3-5g-lena,PDSCH,Table 2,24,100,27.25,0.1575673733740025,77896,8448,10
ns-3-5g-lena,PDSCH,Table 2,24,100,27.67,0.027649821375493322,77896,8448,10
ns-3-5g-lena,PDSCH,Table 2,24,100,28.08,0.003992807674626175,77896,8448,10
ns-3-5g-lena,PDSCH,Table 2,24,100,28.5,0.0,77896,8448,10
ns-3-5g-lena,PDSCH,Table 2,24,200,23.5,1.0,155776,8448,19
ns-3-5g-lena,PDSCH,Table 2,24,200,23.9167,1.0,155776,8448,19
ns-3-5g-lena,PDSCH,Table 2,24,200,24.3333,1.0,155776,8448,19
ns-3-5g-lena,PDSCH,Table 2,24,200,24.75,0.9999999999999969,155776,8448,19
ns-3-5g-lena,PDSCH,Table 2,24,200,25.1667,0.9999999992012718,155776,8448,19
ns-3-5g-lena,PDSCH,Table 2,24,200,25.5833,0.9999916787885055,155776,8448,19
ns-3-5g-lena,PDSCH,Table 2,24,200,26.0,0.9980065626441126,155776,8448,19
ns-3-5g-lena,PDSCH,Table 2,24,200,26.42,0.9466143972843248,155776,8448,19
ns-3-5g-lena,PDSCH,Table 2,24,200,26.83,0.6503158637820273,155776,8448,19
ns-3-5g-lena,PDSCH,Table 2,24,200,27.25,0.27803384496034866,155776,8448,19
ns-3-5g-lena,PDSCH,Table 2,24,200,27.67,0.05188039523554955,155776,8448,19
ns-3-5g-lena,PDSCH,Table 2,24,200,28.08,0.007572701916892521,155776,8448,19
ns-3-5g-lena,PDSCH,Table 2,24,200,28.5,0.0,155776,8448,19
ns-3-5g-lena,PDSCH,Table 2,25,10,24.5,0.9971154,8192,8448,1
ns-3-5g-lena,PDSCH,Table 2,25,10,24.9167,0.9818702,8192,8448,1
ns-3-5g-lena,PDSCH,Table 2,25,10,25.3333,0.9494485,8192,8448,1
ns-3-5g-lena,PDSCH,Table 2,25,10,25.75,0.8905172,8192,8448,1
ns-3-5g-lena,PDSCH,Table 2,25,10,26.1667,0.7617647,8192,8448,1
ns-3-5g-lena,PDSCH,Table 2,25,10,26.5833,0.5925926,8192,8448,1
ns-3-5g-lena,PDSCH,Table 2,25,10,27.0,0.395768,8192,8448,1
ns-3-5g-lena,PDSCH,Table 2,25,10,27.42,0.23267099999999996,8192,8448,1
ns-3-5g-lena,PDSCH,Table 2,25,10,27.83,0.11793120000000001,8192,8448,1
ns-3-5g-lena,PDSCH,Table 2,25,10,28.25,0.044499999999999984,8192,8448,1
ns-3-5g-lena,PDSCH,Table 2,25,10,28.67,0.01529999999999998,8192,8448,1
ns-3-5g-lena,PDSCH,Table 2,25,10,29.08,0.0040000000000000036,8192,8448,1
ns-3-5g-lena,PDSCH,Table 2,25,10,29.5,0.0007000000000000339,8192,8448,1
ns-3-5g-lena,PDSCH,Table 2,25,10,29.92,0.00019999999999997797,8192,8448,1
ns-3-5g-lena,PDSCH,Table 2,25,10,30.33,0.0,8192,8448,1
ns-3-5g-lena,PDSCH,Table 2,25,100,24.5,1.0,83976,8448,10
ns-3-5g-lena,PDSCH,Table 2,25,100,24.9167,1.0,83976,8448,10
ns-3-5g-lena,PDSCH,Table 2,25,100,25.3333,0.999999999999891,83976,8448,10
ns-3-5g-lena,PDSCH,Table 2,25,100,25.75,0.9999999997525663,83976,8448,10
ns-3-5g-lena,PDSCH,Table 2,25,100,26.1667,0.9999994110734609,83976,8448,10
ns-3-5g-lena,PDSCH,Table 2,25,100,26.5833,0.9998740236181072,83976,8448,10
ns-3-5g-lena,PDSCH,Table 2,25,100,27.0,0.9935130997927588,83976,8448,10
ns-3-5g-lena,PDSCH,Table 2,25,100,27.42,0.9292353896083588,83976,8448,10
ns-3-5g-lena,PDSCH,Table 2,25,100,27.83,0.7148820186778789,83976,8448,10
ns-3-5g-lena,PDSCH,Table 2,25,100,28.25,0.36568217761688526,83976,8448,10
ns-3-5g-lena,PDSCH,Table 2,25,100,28.67,0.1428844402423628,83976,8448,10
ns-3-5g-lena,PDSCH,Table 2,25,100,29.08,0.039287626497189865,83976,8448,10
ns-3-5g-lena,PDSCH,Table 2,25,100,29.5,0.006977991109621717,83976,8448,10
ns-3-5g-lena,PDSCH,Table 2,25,100,29.92,0.001998200959663854,83976,8448,10
ns-3-5g-lena,PDSCH,Table 2,25,100,30.33,0.0,83976,8448,10
ns-3-5g-lena,PDSCH,Table 2,25,200,24.5,1.0,167976,8448,20
ns-3-5g-lena,PDSCH,Table 2,25,200,24.9167,1.0,167976,8448,20
ns-3-5g-lena,PDSCH,Table 2,25,200,25.3333,1.0,167976,8448,20
ns-3-5g-lena,PDSCH,Table 2,25,200,25.75,1.0,167976,8448,20
ns-3-5g-lena,PDSCH,Table 2,25,200,26.1667,0.9999999999996532,167976,8448,20
ns-3-5g-lena,PDSCH,Table 2,25,200,26.5833,0.9999999841299512,167976,8448,20
ns-3-5g-lena,PDSCH,Table 2,25,200,27.0,0.9999579201257013,167976,8448,20
ns-3-5g-lena,PDSCH,Table 2,25,200,27.42,0.9949923699161193,167976,8448,20
ns-3-5g-lena,PDSCH,Table 2,25,200,27.83,0.9187077367267986,167976,8448,20
ns-3-5g-lena,PDSCH,Table 2,25,200,28.25,0.5976409002071432,167976,8448,20
ns-3-5g-lena,PDSCH,Table 2,25,200,28.67,0.26535291722135224,167976,8448,20
ns-3-5g-lena,PDSCH,Table 2,25,200,29.08,0.07703173539859698,167976,8448,20
ns-3-5g-lena,PDSCH,Table 2,25,200,29.5,0.013907289859317329,167976,8448,20
ns-3-5g-lena,PDSCH,Table 2,25,200,29.92,0.003992409112252515,167976,8448,20
ns-3-5g-lena,PDSCH,Table 2,25,200,30.33,0.0,167976,8448,20
ns-3-5g-lena,PDSCH,Table 2,26,10,25.08,0.99999907551775,8456,4576,2
ns-3-5g-lena,PDSCH,Table 2,26,10,25.5,0.988037109375,8456,4576,2
ns-3-5g-lena,PDSCH,Table 2,26,10,25.9167,0.50458799820399,8456,4576,2
ns-3-5g-lena,PDSCH,Table 2,26,10,26.3333,0.019305910000000037,8456,4576,2
ns-3-5g-lena,PDSCH,Table 2,26,10,26.75,0.0,8456,4576,2
ns-3-5g-lena,PDSCH,Table 2,26,100,25.5,0.9999999999999016,86040,8448,11
ns-3-5g-lena,PDSCH,Table 2,26,100,25.9167,0.9999999987028241,86040,8448,11
ns-3-5g-lena,PDSCH,Table 2,26,100,26.3333,0.9999980923290882,86040,8448,11
ns-3-5g-lena,PDSCH,Table 2,26,100,26.75,0.9996472160130686,86040,8448,11
ns-3-5g-lena,PDSCH,Table 2,26,100,27.1667,0.9861590591123203,86040,8448,11
ns-3-5g-lena,PDSCH,Table 2,26,100,27.5833,0.890277797554159,86040,8448,11
ns-3-5g-lena,PDSCH,Table 2,26,100,28.0,0.6079417242389711,86040,8448,11
ns-3-5g-lena,PDSCH,Table 2,26,100,28.42,0.2903563187539805,86040,8448,11
ns-3-5g-lena,PDSCH,Table 2,26,100,28.83,0.10167275887005978,86040,8448,11
ns-3-5g-lena,PDSCH,Table 2,26,100,29.25,0.018541857895356006,86040,8448,11
ns-3-5g-lena,PDSCH,Table 2,26,100,29.67,0.007673106515844963,86040,8448,11
ns-3-5g-lena,PDSCH,Table 2,26,100,30.08,0.0010994501649669308,86040,8448,11
ns-3-5g-lena,PDSCH,Table 2,26,100,30.5,0.0,86040,8448,11
ns-3-5g-lena,PDSCH,Table 2,26,200,25.5,1.0,172176,8448,21
ns-3-5g-lena,PDSCH,Table 2,26,200,25.9167,1.0,172176,8448,21
ns-3-5g-lena,PDSCH,Table 2,26,200,26.3333,0.9999999999879507,172176,8448,21
ns-3-5g-lena,PDSCH,Table 2,26,200,26.75,0.9999997436221161,172176,8448,21
ns-3-5g-lena,PDSCH,Table 2,26,200,27.1667,0.9997173062727804,172176,8448,21
ns-3-5g-lena,PDSCH,Table 2,26,200,27.5833,0.9852824680867709,172176,8448,21
ns-3-5g-lena,PDSCH,Table 2,26,200,28.0,0.8326331755305847,172176,8448,21
ns-3-5g-lena,PDSCH,Table 2,26,200,28.42,0.4804558399541916,172176,8448,21
ns-3-5g-lena,PDSCH,Table 2,26,200,28.83,0.18510367347659318,172176,8448,21
ns-3-5g-lena,PDSCH,Table 2,26,200,29.25,0.03509958459030382,172176,8448,21
ns-3-5g-lena,PDSCH,Table 2,26,200,29.67,0.014597554756415887,172176,8448,21
ns-3-5g-lena,PDSCH,Table 2,26,200,30.08,0.0020979013294014637,172176,8448,21
ns-3-5g-lena,PDSCH,Table 2,26,200,30.5,0.0,172176,8448,21
ns-3-5g-lena,PDSCH,Table 2,27,10,26.25,0.99764702244375,8968,4576,2
ns-3-5g-lena,PDSCH,Table 2,27,10,26.5,0.95005454416896,8968,4576,2
ns-3-5g-lena,PDSCH,Table 2,27,10,26.75,0.71986786851999,8968,4576,2
ns-3-5g-lena,PDSCH,Table 2,27,10,27.0,0.26347370783679,8968,4576,2
ns-3-5g-lena,PDSCH,Table 2,27,10,27.25,0.0411673600000001,8968,4576,2
ns-3-5g-lena,PDSCH,Table 2,27,10,27.5,0.0025983099999998815,8968,4576,2
ns-3-5g-lena,PDSCH,Table 2,27,10,27.75,0.0,8968,4576,2
ns-3-5g-lena,PDSCH,Table 2,27,100,27.5,1.0,88064,8448,11
ns-3-5g-lena,PDSCH,Table 2,27,100,27.75,1.0,88064,8448,11
ns-3-5g-lena,PDSCH,Table 2,27,100,28.0,1.0,88064,8448,11
ns-3-5g-lena,PDSCH,Table 2,27,100,28.25,1.0,88064,8448,11
ns-3-5g-lena,PDSCH,Table 2,27,100,28.5,1.0,88064,8448,11
ns-3-5g-lena,PDSCH,Table 2,27,100,28.75,1.0,88064,8448,11
ns-3-5g-lena,PDSCH,Table 2,27,100,29.0,0.9999999999999899,88064,8448,11
ns-3-5g-lena,PDSCH,Table 2,27,100,29.25,0.9999999999935042,88064,8448,11
ns-3-5g-lena,PDSCH,Table 2,27,100,29.5,0.9999999995347203,88064,8448,11
ns-3-5g-lena,PDSCH,Table 2,27,100,29.75,0.9999999753260569,88064,8448,11
ns-3-5g-lena,PDSCH,Table 2,27,100,30.0,0.9999990223898797,88064,8448,11
ns-3-5g-lena,PDSCH,Table 2,27,100,30.25,0.9999840734638258,88064,8448,11
ns-3-5g-lena,PDSCH,Table 2,27,100,30.5,0.9998988321068043,88064,8448,11
ns-3-5g-lena,PDSCH,Table 2,27,100,30.75,0.9992425724127804,88064,8448,11
ns-3-5g-lena,PDSCH,Table 2,27,100,31.0,0.9964504320122427,88064,8448,11
ns-3-5g-lena,PDSCH,Table 2,27,100,31.25,0.9863248316607676,88064,8448,11
ns-3-5g-lena,PDSCH,Table 2,27,100,31.5,0.9615150039500037,88064,8448,11
ns-3-5g-lena,PDSCH,Table 2,27,100,31.75,0.9187450381208881,88064,8448,11
ns-3-5g-lena,PDSCH,Table 2,27,100,32.0,0.846096070363943,88064,8448,11
ns-3-5g-lena,PDSCH,Table 2,27,100,32.25,0.7540962543292922,88064,8448,11
ns-3-5g-lena,PDSCH,Table 2,27,100,32.5,0.6565488134633599,88064,8448,11
ns-3-5g-lena,PDSCH,Table 2,27,100,32.75,0.5380445612518951,88064,8448,11
ns-3-5g-lena,PDSCH,Table 2,27,100,33.0,0.4357932344250882,88064,8448,11
ns-3-5g-lena,PDSCH,Table 2,27,100,33.25,0.3326528916562437,88064,8448,11
ns-3-5g-lena,PDSCH,Table 2,27,100,33.5,0.24563656968397773,88064,8448,11
ns-3-5g-lena,PDSCH,Table 2,27,100,33.75,0.18202532038618613,88064,8448,11
ns-3-5g-lena,PDSCH,Table 2,27,100,34.0,0.12630622767090893,88064,8448,11
ns-3-5g-lena,PDSCH,Table 2,27,100,34.25,0.07947482611606382,88064,8448,11
ns-3-5g-lena,PDSCH,Table 2,27,100,34.5,0.05573576078411424,88064,8448,11
ns-3-5g-lena,PDSCH,Table 2,27,100,34.75,0.03250942838192994,88064,8448,11
ns-3-5g-lena,PDSCH,Table 2,27,100,35.0,0.023935549213309315,88064,8448,11
ns-3-5g-lena,PDSCH,Table 2,27,100,35.25,0.015292651494752785,88064,8448,11
ns-3-5g-lena,PDSCH,Table 2,27,100,35.5,0.012033669132590075,88064,8448,11
ns-3-5g-lena,PDSCH,Table 2,27,100,35.75,0.006580235597268391,88064,8448,11
ns-3-5g-lena,PDSCH,Table 2,27,200,27.5,1.0,176208,8448,21
ns-3-5g-lena,PDSCH,Table 2,27,200,27.75,1.0,176208,8448,21
ns-3-5g-lena,PDSCH,Table 2,27,200,28.0,1.0,176208,8448,21
ns-3-5g-lena,PDSCH,Table 2,27,200,28.25,1.0,176208,8448,21
ns-3-5g-lena,PDSCH,Table 2,27,200,28.5,1.0,176208,8448,21
ns-3-5g-lena,PDSCH,Table 2,27,200,28.75,1.0,176208,8448,21
ns-3-5g-lena,PDSCH,Table 2,27,200,29.0,1.0,176208,8448,21
ns-3-5g-lena,PDSCH,Table 2,27,200,29.25,1.0,176208,8448,21
ns-3-5g-lena,PDSCH,Table 2,27,200,29.5,1.0,176208,8448,21
ns-3-5g-lena,PDSCH,Table 2,27,200,29.75,0.999999999999997,176208,8448,21
ns-3-5g-lena,PDSCH,Table 2,27,200,30.0,0.9999999999966374,176208,8448,21
ns-3-5g-lena,PDSCH,Table 2,27,200,30.25,0.99999999930751,176208,8448,21
ns-3-5g-lena,PDSCH,Table 2,27,200,30.5,0.9999999763808999,176208,8448,21
ns-3-5g-lena,PDSCH,Table 2,27,200,30.75,0.9999988975002491,176208,8448,21
ns-3-5g-lena,PDSCH,Table 2,27,200,31.0,0.9999789591967067,176208,8448,21
ns-3-5g-lena,PDSCH,Table 2,27,200,31.25,0.9997237348982383,176208,8448,21
ns-3-5g-lena,PDSCH,Table 2,27,200,31.5,0.9980084429065939,176208,8448,21
ns-3-5g-lena,PDSCH,Table 2,27,200,31.75,0.9917052302122612,176208,8448,21
ns-3-5g-lena,PDSCH,Table 2,27,200,32.0,0.9719207303309061,176208,8448,21
ns-3-5g-lena,PDSCH,Table 2,27,200,32.25,0.9313065584615188,176208,8448,21
ns-3-5g-lena,PDSCH,Table 2,27,200,32.5,0.8700057534502866,176208,8448,21
ns-3-5g-lena,PDSCH,Table 2,27,200,32.75,0.7710761345323386,176208,8448,21
ns-3-5g-lena,PDSCH,Table 2,27,200,33.0,0.6646694676914533,176208,8448,21
ns-3-5g-lena,PDSCH,Table 2,27,200,33.25,0.5379684998290557,176208,8448,21
ns-3-5g-lena,PDSCH,Table 2,27,200,33.5,0.4161647840380054,176208,8448,21
ns-3-5g-lena,PDSCH,Table 2,27,200,33.75,0.31858379011170035,176208,8448,21
ns-3-5g-lena,PDSCH,Table 2,27,200,34.0,0.22723141546199876,176208,8448,21
ns-3-5g-lena,PDSCH,Table 2,27,200,34.25,0.14623013022261877,176208,8448,21
ns-3-5g-lena,PDSCH,Table 2,27,200,34.5,0.10370430894455618,176208,8448,21
ns-3-5g-lena,PDSCH,Table 2,27,200,34.75,0.061145430120501554,176208,8448,21
ns-3-5g-lena,PDSCH,Table 2,27,200,35.0,0.04519762268037264,176208,8448,21
ns-3-5g-lena,PDSCH,Table 2,27,200,35.25,0.028992026637057577,176208,8448,21
ns-3-5g-lena,PDSCH,Table 2,27,200,35.5,0.022847661500037697,176208,8448,21
ns-3-5g-lena,PDSCH,Table 2,27,200,35.75,0.012524686505924754,176208,8448,21
sionna,PDSCH,Table 1,3,10,-5.0,1.0,608,720,1
sionna,PDSCH,Table 1,3,10,-3.2142857142857144,0.7990000009536743,608,720,1
sionna,PDSCH,Table 1,3,10,-1.4285714285714284,0.0,608,720,1
sionna,PDSCH,Table 1,3,10,0.35714285714285765,0.0,608,720,1
sionna,PDSCH,Table 1,3,10,2.1428571428571432,0.0,608,720,1
sionna,PDSCH,Table 1,3,10,3.928571428571429,0.0,608,720,1
sionna,PDSCH,Table 1,3,10,5.714285714285715,0.0,608,720,1
sionna,PDSCH,Table 1,3,10,7.5,0.0,608,720,1
sionna,PDSCH,Table 1,3,10,9.285714285714286,0.0,608,720,1
sionna,PDSCH,Table 1,3,10,11.071428571428573,0.0,608,720,1
sionna,PDSCH,Table 1,3,10,12.857142857142858,0.0,608,720,1
sionna,PDSCH,Table 1,3,10,14.642857142857142,0.0,608,720,1
sionna,PDSCH,Table 1,3,10,16.42857142857143,0.0,608,720,1
sionna,PDSCH,Table 1,3,10,18.214285714285715,0.0,608,720,1
sionna,PDSCH,Table 1,3,10,20.0,0.0,608,720,1
sionna,PDSCH,Table 1,3,100,-5.0,1.0,5896,3200,2
sionna,PDSCH,Table 1,3,100,-3.2142857142857144,0.9957750003099441,5896,3200,2
sionna,PDSCH,Table 1,3,100,-1.4285714285714284,0.0,5896,3200,2
sionna,PDSCH,Table 1,3,100,0.35714285714285765,0.0,5896,3200,2
sionna,PDSCH,Table 1,3,100,2.1428571428571432,0.0,5896,3200,2
sionna,PDSCH,Table 1,3,100,3.928571428571429,0.0,5896,3200,2
sionna,PDSCH,Table 1,3,100,5.714285714285715,0.0,5896,3200,2
sionna,PDSCH,Table 1,3,100,7.5,0.0,5896,3200,2
sionna,PDSCH,Table 1,3,100,9.285714285714286,0.0,5896,3200,2
sionna,PDSCH,Table 1,3,100,11.071428571428573,0.0,5896,3200,2
sionna,PDSCH,Table 1,3,100,12.857142857142858,0.0,5896,3200,2
sionna,PDSCH,Table 1,3,100,14.642857142857142,0.0,5896,3200,2
sionna,PDSCH,Table 1,3,100,16.42857142857143,0.0,5896,3200,2
sionna,PDSCH,Table 1,3,100,18.214285714285715,0.0,5896,3200,2
sionna,PDSCH,Table 1,3,100,20.0,0.0,5896,3200,2
sionna,PDSCH,Table 1,3,200,-5.0,1.0,11784,3200,4
sionna,PDSCH,Table 1,3,200,-3.2142857142857144,0.999982149377619,11784,3200,4
sionna,PDSCH,Table 1,3,200,-1.4285714285714284,0.0,11784,3200,4
sionna,PDSCH,Table 1,3,200,0.35714285714285765,0.0,11784,3200,4
sionna,PDSCH,Table 1,3,200,2.1428571428571432,0.0,11784,3200,4
sionna,PDSCH,Table 1,3,200,3.928571428571429,0.0,11784,3200,4
sionna,PDSCH,Table 1,3,200,5.714285714285715,0.0,11784,3200,4
sionna,PDSCH,Table 1,3,200,7.5,0.0,11784,3200,4
sionna,PDSCH,Table 1,3,200,9.285714285714286,0.0,11784,3200,4
sionna,PDSCH,Table 1,3,200,11.071428571428573,0.0,11784,3200,4
sionna,PDSCH,Table 1,3,200,12.857142857142858,0.0,11784,3200,4
sionna,PDSCH,Table 1,3,200,14.642857142857142,0.0,11784,3200,4
sionna,PDSCH,Table 1,3,200,16.42857142857143,0.0,11784,3200,4
sionna,PDSCH,Table 1,3,200,18.214285714285715,0.0,11784,3200,4
sionna,PDSCH,Table 1,3,200,20.0,0.0,11784,3200,4
sionna,PDSCH,Table 1,4,10,-5.0,1.0,736,800,1
sionna,PDSCH,Table 1,4,10,-3.2142857142857144,1.0,736,800,1
sionna,PDSCH,Table 1,4,10,-1.4285714285714284,0.05280000008642671,736,800,1
sionna,PDSCH,Table 1,4,10,0.35714285714285765,0.0,736,800,1
sionna,PDSCH,Table 1,4,10,2.1428571428571432,0.0,736,800,1
sionna,PDSCH,Table 1,4,10,3.928571428571429,0.0,736,800,1
sionna,PDSCH,Table 1,4,10,5.714285714285715,0.0,736,800,1
sionna,PDSCH,Table 1,4,10,7.5,0.0,736,800,1
sionna,PDSCH,Table 1,4,10,9.285714285714286,0.0,736,800,1
sionna,PDSCH,Table 1,4,10,11.071428571428573,0.0,736,800,1
sionna,PDSCH,Table 1,4,10,12.857142857142858,0.0,736,800,1
sionna,PDSCH,Table 1,4,10,14.642857142857142,0.0,736,800,1
sionna,PDSCH,Table 1,4,10,16.42857142857143,0.0,736,800,1
sionna,PDSCH,Table 1,4,10,18.214285714285715,0.0,736,800,1
sionna,PDSCH,Table 1,4,10,20.0,0.0,736,800,1
sionna,PDSCH,Table 1,4,100,-5.0,1.0,7168,7744,1
sionna,PDSCH,Table 1,4,100,-3.2142857142857144,1.0,7168,7744,1
sionna,PDSCH,Table 1,4,100,-1.4285714285714284,0.004666666500270367,7168,7744,1
sionna,PDSCH,Table 1,4,100,0.35714285714285765,0.0,7168,7744,1
sionna,PDSCH,Table 1,4,100,2.1428571428571432,0.0,7168,7744,1
sionna,PDSCH,Table 1,4,100,3.928571428571429,0.0,7168,7744,1
sionna,PDSCH,Table 1,4,100,5.714285714285715,0.0,7168,7744,1
sionna,PDSCH,Table 1,4,100,7.5,0.0,7168,7744,1
sionna,PDSCH,Table 1,4,100,9.285714285714286,0.0,7168,7744,1
sionna,PDSCH,Table 1,4,100,11.071428571428573,0.0,7168,7744,1
sionna,PDSCH,Table 1,4,100,12.857142857142858,0.0,7168,7744,1
sionna,PDSCH,Table 1,4,100,14.642857142857142,0.0,7168,7744,1
sionna,PDSCH,Table 1,4,100,16.42857142857143,0.0,7168,7744,1
sionna,PDSCH,Table 1,4,100,18.214285714285715,0.0,7168,7744,1
sionna,PDSCH,Table 1,4,100,20.0,0.0,7168,7744,1
sionna,PDSCH,Table 1,4,200,-5.0,1.0,14344,7744,2
sionna,PDSCH,Table 1,4,200,-3.2142857142857144,1.0,14344,7744,2
sionna,PDSCH,Table 1,4,200,-1.4285714285714284,0.009311555224316037,14344,7744,2
sionna,PDSCH,Table 1,4,200,0.35714285714285765,0.0,14344,7744,2
sionna,PDSCH,Table 1,4,200,2.1428571428571432,0.0,14344,7744,2
sionna,PDSCH,Table 1,4,200,3.928571428571429,0.0,14344,7744,2
sionna,PDSCH,Table 1,4,200,5.714285714285715,0.0,14344,7744,2
sionna,PDSCH,Table 1,4,200,7.5,0.0,14344,7744,2
sionna,PDSCH,Table 1,4,200,9.285714285714286,0.0,14344,7744,2
sionna,PDSCH,Table 1,4,200,11.071428571428573,0.0,14344,7744,2
sionna,PDSCH,Table 1,4,200,12.857142857142858,0.0,14344,7744,2
sionna,PDSCH,Table 1,4,200,14.642857142857142,0.0,14344,7744,2
sionna,PDSCH,Table 1,4,200,16.42857142857143,0.0,14344,7744,2
sionna,PDSCH,Table 1,4,200,18.214285714285715,0.0,14344,7744,2
sionna,PDSCH,Table 1,4,200,20.0,0.0,14344,7744,2
sionna,PDSCH,Table 1,5,10,-5.0,1.0,888,960,1
sionna,PDSCH,Table 1,5,10,-3.2142857142857144,1.0,888,960,1
sionna,PDSCH,Table 1,5,10,-1.4285714285714284,0.9944000005722046,888,960,1
sionna,PDSCH,Table 1,5,10,0.35714285714285765,0.00013333333656195823,888,960,1
sionna,PDSCH,Table 1,5,10,2.1428571428571432,0.0,888,960,1
sionna,PDSCH,Table 1,5,10,3.928571428571429,0.0,888,960,1
sionna,PDSCH,Table 1,5,10,5.714285714285715,0.0,888,960,1
sionna,PDSCH,Table 1,5,10,7.5,0.0,888,960,1
sionna,PDSCH,Table 1,5,10,9.285714285714286,0.0,888,960,1
sionna,PDSCH,Table 1,5,10,11.071428571428573,0.0,888,960,1
sionna,PDSCH,Table 1,5,10,12.857142857142858,0.0,888,960,1
sionna,PDSCH,Table 1,5,10,14.642857142857142,0.0,888,960,1
sionna,PDSCH,Table 1,5,10,16.42857142857143,0.0,888,960,1
sionna,PDSCH,Table 1,5,10,18.214285714285715,0.0,888,960,1
sionna,PDSCH,Table 1,5,10,20.0,0.0,888,960,1
sionna,PDSCH,Table 1,5,100,-5.0,1.0,8968,4576,2
sionna,PDSCH,Table 1,5,100,-3.2142857142857144,1.0,8968,4576,2
sionna,PDSCH,Table 1,5,100,-1.4285714285714284,1.0,8968,4576,2
sionna,PDSCH,Table 1,5,100,0.35714285714285765,0.0,8968,4576,2
sionna,PDSCH,Table 1,5,100,2.1428571428571432,0.0,8968,4576,2
sionna,PDSCH,Table 1,5,100,3.928571428571429,0.0,8968,4576,2
sionna,PDSCH,Table 1,5,100,5.714285714285715,0.0,8968,4576,2
sionna,PDSCH,Table 1,5,100,7.5,0.0,8968,4576,2
sionna,PDSCH,Table 1,5,100,9.285714285714286,0.0,8968,4576,2
sionna,PDSCH,Table 1,5,100,11.071428571428573,0.0,8968,4576,2
sionna,PDSCH,Table 1,5,100,12.857142857142858,0.0,8968,4576,2
sionna,PDSCH,Table 1,5,100,14.642857142857142,0.0,8968,4576,2
sionna,PDSCH,Table 1,5,100,16.42857142857143,0.0,8968,4576,2
sionna,PDSCH,Table 1,5,100,18.214285714285715,0.0,8968,4576,2
sionna,PDSCH,Table 1,5,100,20.0,0.0,8968,4576,2
sionna,PDSCH,Table 1,5,200,-5.0,1.0,17928,6336,3
sionna,PDSCH,Table 1,5,200,-3.2142857142857144,1.0,17928,6336,3
sionna,PDSCH,Table 1,5,200,-1.4285714285714284,1.0,17928,6336,3
sionna,PDSCH,Table 1,5,200,0.35714285714285765,0.0,17928,6336,3
sionna,PDSCH,Table 1,5,200,2.1428571428571432,0.0,17928,6336,3
sionna,PDSCH,Table 1,5,200,3.928571428571429,0.0,17928,6336,3
sionna,PDSCH,Table 1,5,200,5.714285714285715,0.0,17928,6336,3
sionna,PDSCH,Table 1,5,200,7.5,0.0,17928,6336,3
sionna,PDSCH,Table 1,5,200,9.285714285714286,0.0,17928,6336,3
sionna,PDSCH,Table 1,5,200,11.071428571428573,0.0,17928,6336,3
sionna,PDSCH,Table 1,5,200,12.857142857142858,0.0,17928,6336,3
sionna,PDSCH,Table 1,5,200,14.642857142857142,0.0,17928,6336,3
sionna,PDSCH,Table 1,5,200,16.42857142857143,0.0,17928,6336,3
sionna,PDSCH,Table 1,5,200,18.214285714285715,0.0,17928,6336,3
sionna,PDSCH,Table 1,5,200,20.0,0.0,17928,6336,3
sionna,PDSCH,Table 1,6,10,-5.0,1.0,1064,1120,1
sionna,PDSCH,Table 1,6,10,-3.2142857142857144,1.0,1064,1120,1
sionna,PDSCH,Table 1,6,10,-1.4285714285714284,1.0,1064,1120,1
sionna,PDSCH,Table 1,6,10,0.35714285714285765,0.2251000052690506,1064,1120,1
sionna,PDSCH,Table 1,6,10,2.1428571428571432,0.0,1064,1120,1
sionna,PDSCH,Table 1,6,10,3.928571428571429,0.0,1064,1120,1
sionna,PDSCH,Table 1,6,10,5.714285714285715,0.0,1064,1120,1
sionna,PDSCH,Table 1,6,10,7.5,0.0,1064,1120,1
sionna,PDSCH,Table 1,6,10,9.285714285714286,0.0,1064,1120,1
sionna,PDSCH,Table 1,6,10,11.071428571428573,0.0,1064,1120,1
sionna,PDSCH,Table 1,6,10,12.857142857142858,0.0,1064,1120,1
sionna,PDSCH,Table 1,6,10,14.642857142857142,0.0,1064,1120,1
sionna,PDSCH,Table 1,6,10,16.42857142857143,0.0,1064,1120,1
sionna,PDSCH,Table 1,6,10,18.214285714285715,0.0,1064,1120,1
sionna,PDSCH,Table 1,6,10,20.0,0.0,1064,1120,1
sionna,PDSCH,Table 1,6,100,-5.0,1.0,10504,5632,2
sionna,PDSCH,Table 1,6,100,-3.2142857142857144,1.0,10504,5632,2
sionna,PDSCH,Table 1,6,100,-1.4285714285714284,1.0,10504,5632,2
sionna,PDSCH,Table 1,6,100,0.35714285714285765,0.3745826297756698,10504,5632,2
sionna,PDSCH,Table 1,6,100,2.1428571428571432,0.0,10504,5632,2
sionna,PDSCH,Table 1,6,100,3.928571428571429,0.0,10504,5632,2
sionna,PDSCH,Table 1,6,100,5.714285714285715,0.0,10504,5632,2
sionna,PDSCH,Table 1,6,100,7.5,0.0,10504,5632,2
sionna,PDSCH,Table 1,6,100,9.285714285714286,0.0,10504,5632,2
sionna,PDSCH,Table 1,6,100,11.071428571428573,0.0,10504,5632,2
sionna,PDSCH,Table 1,6,100,12.857142857142858,0.0,10504,5632,2
sionna,PDSCH,Table 1,6,100,14.642857142857142,0.0,10504,5632,2
sionna,PDSCH,Table 1,6,100,16.42857142857143,0.0,10504,5632,2
sionna,PDSCH,Table 1,6,100,18.214285714285715,0.0,10504,5632,2
sionna,PDSCH,Table 1,6,100,20.0,0.0,10504,5632,2
sionna,PDSCH,Table 1,6,200,-5.0,1.0,21000,7040,3
sionna,PDSCH,Table 1,6,200,-3.2142857142857144,1.0,21000,7040,3
sionna,PDSCH,Table 1,6,200,-1.4285714285714284,1.0,21000,7040,3
sionna,PDSCH,Table 1,6,200,0.35714285714285765,0.5053990927774068,21000,7040,3
sionna,PDSCH,Table 1,6,200,2.1428571428571432,0.0,21000,7040,3
sionna,PDSCH,Table 1,6,200,3.928571428571429,0.0,21000,7040,3
sionna,PDSCH,Table 1,6,200,5.714285714285715,0.0,21000,7040,3
sionna,PDSCH,Table 1,6,200,7.5,0.0,21000,7040,3
sionna,PDSCH,Table 1,6,200,9.285714285714286,0.0,21000,7040,3
sionna,PDSCH,Table 1,6,200,11.071428571428573,0.0,21000,7040,3
sionna,PDSCH,Table 1,6,200,12.857142857142858,0.0,21000,7040,3
sionna,PDSCH,Table 1,6,200,14.642857142857142,0.0,21000,7040,3
sionna,PDSCH,Table 1,6,200,16.42857142857143,0.0,21000,7040,3
sionna,PDSCH,Table 1,6,200,18.214285714285715,0.0,21000,7040,3
sionna,PDSCH,Table 1,6,200,20.0,0.0,21000,7040,3
sionna,PDSCH,Table 1,7,10,-5.0,1.0,1256,1280,1
sionna,PDSCH,Table 1,7,10,-3.2142857142857144,1.0,1256,1280,1
sionna,PDSCH,Table 1,7,10,-1.4285714285714284,1.0,1256,1280,1
sionna,PDSCH,Table 1,7,10,0.35714285714285765,1.0,1256,1280,1
sionna,PDSCH,Table 1,7,10,2.1428571428571432,0.0,1256,1280,1
sionna,PDSCH,Table 1,7,10,3.928571428571429,0.0,1256,1280,1
sionna,PDSCH,Table 1,7,10,5.714285714285715,0.0,1256,1280,1
sionna,PDSCH,Table 1,7,10,7.5,0.0,1256,1280,1
sionna,PDSCH,Table 1,7,10,9.285714285714286,0.0,1256,1280,1
sionna,PDSCH,Table 1,7,10,11.071428571428573,0.0,1256,1280,1
sionna,PDSCH,Table 1,7,10,12.857142857142858,0.0,1256,1280,1
sionna,PDSCH,Table 1,7,10,14.642857142857142,0.0,1256,1280,1
sionna,PDSCH,Table 1,7,10,16.42857142857143,0.0,1256,1280,1
sionna,PDSCH,Table 1,7,10,18.214285714285715,0.0,1256,1280,1
sionna,PDSCH,Table 1,7,10,20.0,0.0,1256,1280,1
sionna,PDSCH,Table 1,7,100,-5.0,1.0,12296,6336,2
sionna,PDSCH,Table 1,7,100,-3.2142857142857144,1.0,12296,6336,2
sionna,PDSCH,Table 1,7,100,-1.4285714285714284,1.0,12296,6336,2
sionna,PDSCH,Table 1,7,100,0.35714285714285765,1.0,12296,6336,2
sionna,PDSCH,Table 1,7,100,2.1428571428571432,0.0,12296,6336,2
sionna,PDSCH,Table 1,7,100,3.928571428571429,0.0,12296,6336,2
sionna,PDSCH,Table 1,7,100,5.714285714285715,0.0,12296,6336,2
sionna,PDSCH,Table 1,7,100,7.5,0.0,12296,6336,2
sionna,PDSCH,Table 1,7,100,9.285714285714286,0.0,12296,6336,2
sionna,PDSCH,Table 1,7,100,11.071428571428573,0.0,12296,6336,2
sionna,PDSCH,Table 1,7,100,12.857142857142858,0.0,12296,6336,2
sionna,PDSCH,Table 1,7,100,14.642857142857142,0.0,12296,6336,2
sionna,PDSCH,Table 1,7,100,16.42857142857143,0.0,12296,6336,2
sionna,PDSCH,Table 1,7,100,18.214285714285715,0.0,12296,6336,2
sionna,PDSCH,Table 1,7,100,20.0,0.0,12296,6336,2
sionna,PDSCH,Table 1,7,200,-5.0,1.0,24576,8448,3
sionna,PDSCH,Table 1,7,200,-3.2142857142857144,1.0,24576,8448,3
sionna,PDSCH,Table 1,7,200,-1.4285714285714284,1.0,24576,8448,3
sionna,PDSCH,Table 1,7,200,0.35714285714285765,1.0,24576,8448,3
sionna,PDSCH,Table 1,7,200,2.1428571428571432,0.0,24576,8448,3
sionna,PDSCH,Table 1,7,200,3.928571428571429,0.0,24576,8448,3
sionna,PDSCH,Table 1,7,200,5.714285714285715,0.0,24576,8448,3
sionna,PDSCH,Table 1,7,200,7.5,0.0,24576,8448,3
sionna,PDSCH,Table 1,7,200,9.285714285714286,0.0,24576,8448,3
sionna,PDSCH,Table 1,7,200,11.071428571428573,0.0,24576,8448,3
sionna,PDSCH,Table 1,7,200,12.857142857142858,0.0,24576,8448,3
sionna,PDSCH,Table 1,7,200,14.642857142857142,0.0,24576,8448,3
sionna,PDSCH,Table 1,7,200,16.42857142857143,0.0,24576,8448,3
sionna,PDSCH,Table 1,7,200,18.214285714285715,0.0,24576,8448,3
sionna,PDSCH,Table 1,7,200,20.0,0.0,24576,8448,3
sionna,PDSCH,Table 1,8,10,-5.0,1.0,1416,1440,1
sionna,PDSCH,Table 1,8,10,-3.2142857142857144,1.0,1416,1440,1
sionna,PDSCH,Table 1,8,10,-1.4285714285714284,1.0,1416,1440,1
sionna,PDSCH,Table 1,8,10,0.35714285714285765,1.0,1416,1440,1
sionna,PDSCH,Table 1,8,10,2.1428571428571432,0.3781142854690551,1416,1440,1
sionna,PDSCH,Table 1,8,10,3.928571428571429,0.0,1416,1440,1
sionna,PDSCH,Table 1,8,10,5.714285714285715,0.0,1416,1440,1
sionna,PDSCH,Table 1,8,10,7.5,0.0,1416,1440,1
sionna,PDSCH,Table 1,8,10,9.285714285714286,0.0,1416,1440,1
sionna,PDSCH,Table 1,8,10,11.071428571428573,0.0,1416,1440,1
sionna,PDSCH,Table 1,8,10,12.857142857142858,0.0,1416,1440,1
sionna,PDSCH,Table 1,8,10,14.642857142857142,0.0,1416,1440,1
sionna,PDSCH,Table 1,8,10,16.42857142857143,0.0,1416,1440,1
sionna,PDSCH,Table 1,8,10,18.214285714285715,0.0,1416,1440,1
sionna,PDSCH,Table 1,8,10,20.0,0.0,1416,1440,1
sionna,PDSCH,Table 1,8,100,-5.0,1.0,14088,7744,2
sionna,PDSCH,Table 1,8,100,-3.2142857142857144,1.0,14088,7744,2
sionna,PDSCH,Table 1,8,100,-1.4285714285714284,1.0,14088,7744,2
sionna,PDSCH,Table 1,8,100,0.35714285714285765,1.0,14088,7744,2
sionna,PDSCH,Table 1,8,100,2.1428571428571432,0.6226530695934684,14088,7744,2
sionna,PDSCH,Table 1,8,100,3.928571428571429,0.0,14088,7744,2
sionna,PDSCH,Table 1,8,100,5.714285714285715,0.0,14088,7744,2
sionna,PDSCH,Table 1,8,100,7.5,0.0,14088,7744,2
sionna,PDSCH,Table 1,8,100,9.285714285714286,0.0,14088,7744,2
sionna,PDSCH,Table 1,8,100,11.071428571428573,0.0,14088,7744,2
sionna,PDSCH,Table 1,8,100,12.857142857142858,0.0,14088,7744,2
sionna,PDSCH,Table 1,8,100,14.642857142857142,0.0,14088,7744,2
sionna,PDSCH,Table 1,8,100,16.42857142857143,0.0,14088,7744,2
sionna,PDSCH,Table 1,8,100,18.214285714285715,0.0,14088,7744,2
sionna,PDSCH,Table 1,8,100,20.0,0.0,14088,7744,2
sionna,PDSCH,Table 1,8,200,-5.0,1.0,28168,7744,4
sionna,PDSCH,Table 1,8,200,-3.2142857142857144,1.0,28168,7744,4
sionna,PDSCH,Table 1,8,200,-1.4285714285714284,1.0,28168,7744,4
sionna,PDSCH,Table 1,8,200,0.35714285714285765,1.0,28168,7744,4
sionna,PDSCH,Table 1,8,200,2.1428571428571432,0.8576092941127682,28168,7744,4
sionna,PDSCH,Table 1,8,200,3.928571428571429,0.0,28168,7744,4
sionna,PDSCH,Table 1,8,200,5.714285714285715,0.0,28168,7744,4
sionna,PDSCH,Table 1,8,200,7.5,0.0,28168,7744,4
sionna,PDSCH,Table 1,8,200,9.285714285714286,0.0,28168,7744,4
sionna,PDSCH,Table 1,8,200,11.071428571428573,0.0,28168,7744,4
sionna,PDSCH,Table 1,8,200,12.857142857142858,0.0,28168,7744,4
sionna,PDSCH,Table 1,8,200,14.642857142857142,0.0,28168,7744,4
sionna,PDSCH,Table 1,8,200,16.42857142857143,0.0,28168,7744,4
sionna,PDSCH,Table 1,8,200,18.214285714285715,0.0,28168,7744,4
sionna,PDSCH,Table 1,8,200,20.0,0.0,28168,7744,4
sionna,PDSCH,Table 1,9,10,-5.0,1.0,1608,1760,1
sionna,PDSCH,Table 1,9,10,-3.2142857142857144,1.0,1608,1760,1
sionna,PDSCH,Table 1,9,10,-1.4285714285714284,1.0,1608,1760,1
sionna,PDSCH,Table 1,9,10,0.35714285714285765,1.0,1608,1760,1
sionna,PDSCH,Table 1,9,10,2.1428571428571432,1.0,1608,1760,1
sionna,PDSCH,Table 1,9,10,3.928571428571429,0.0003199999965727285,1608,1760,1
sionna,PDSCH,Table 1,9,10,5.714285714285715,0.0,1608,1760,1
sionna,PDSCH,Table 1,9,10,7.5,0.0,1608,1760,1
sionna,PDSCH,Table 1,9,10,9.285714285714286,0.0,1608,1760,1
sionna,PDSCH,Table 1,9,10,11.071428571428573,0.0,1608,1760,1
sionna,PDSCH,Table 1,9,10,12.857142857142858,0.0,1608,1760,1
sionna,PDSCH,Table 1,9,10,14.642857142857142,0.0,1608,1760,1
sionna,PDSCH,Table 1,9,10,16.42857142857143,0.0,1608,1760,1
sionna,PDSCH,Table 1,9,10,18.214285714285715,0.0,1608,1760,1
sionna,PDSCH,Table 1,9,10,20.0,0.0,1608,1760,1
sionna,PDSCH,Table 1,9,100,-5.0,1.0,15880,8448,2
sionna,PDSCH,Table 1,9,100,-3.2142857142857144,1.0,15880,8448,2
sionna,PDSCH,Table 1,9,100,-1.4285714285714284,1.0,15880,8448,2
sionna,PDSCH,Table 1,9,100,0.35714285714285765,1.0,15880,8448,2
sionna,PDSCH,Table 1,9,100,2.1428571428571432,1.0,15880,8448,2
sionna,PDSCH,Table 1,9,100,3.928571428571429,0.0,15880,8448,2
sionna,PDSCH,Table 1,9,100,5.714285714285715,0.0,15880,8448,2
sionna,PDSCH,Table 1,9,100,7.5,0.0,15880,8448,2
sionna,PDSCH,Table 1,9,100,9.285714285714286,0.0,15880,8448,2
sionna,PDSCH,Table 1,9,100,11.071428571428573,0.0,15880,8448,2
sionna,PDSCH,Table 1,9,100,12.857142857142858,0.0,15880,8448,2
sionna,PDSCH,Table 1,9,100,14.642857142857142,0.0,15880,8448,2
sionna,PDSCH,Table 1,9,100,16.42857142857143,0.0,15880,8448,2
sionna,PDSCH,Table 1,9,100,18.214285714285715,0.0,15880,8448,2
sionna,PDSCH,Table 1,9,100,20.0,0.0,15880,8448,2
sionna,PDSCH,Table 1,9,200,-5.0,1.0,31752,8448,4
sionna,PDSCH,Table 1,9,200,-3.2142857142857144,1.0,31752,8448,4
sionna,PDSCH,Table 1,9,200,-1.4285714285714284,1.0,31752,8448,4
sionna,PDSCH,Table 1,9,200,0.35714285714285765,1.0,31752,8448,4
sionna,PDSCH,Table 1,9,200,2.1428571428571432,1.0,31752,8448,4
sionna,PDSCH,Table 1,9,200,3.928571428571429,0.0,31752,8448,4
sionna,PDSCH,Table 1,9,200,5.714285714285715,0.0,31752,8448,4
sionna,PDSCH,Table 1,9,200,7.5,0.0,31752,8448,4
sionna,PDSCH,Table 1,9,200,9.285714285714286,0.0,31752,8448,4
sionna,PDSCH,Table 1,9,200,11.071428571428573,0.0,31752,8448,4
sionna,PDSCH,Table 1,9,200,12.857142857142858,0.0,31752,8448,4
sionna,PDSCH,Table 1,9,200,14.642857142857142,0.0,31752,8448,4
sionna,PDSCH,Table 1,9,200,16.42857142857143,0.0,31752,8448,4
sionna,PDSCH,Table 1,9,200,18.214285714285715,0.0,31752,8448,4
sionna,PDSCH,Table 1,9,200,20.0,0.0,31752,8448,4
sionna,PDSCH,Table 1,10,10,-5.0,1.0,1608,1760,1
sionna,PDSCH,Table 1,10,10,-3.2142857142857144,1.0,1608,1760,1
sionna,PDSCH,Table 1,10,10,-1.4285714285714284,1.0,1608,1760,1
sionna,PDSCH,Table 1,10,10,0.35714285714285765,1.0,1608,1760,1
sionna,PDSCH,Table 1,10,10,2.1428571428571432,1.0,1608,1760,1
sionna,PDSCH,Table 1,10,10,3.928571428571429,0.00506666669622069,1608,1760,1
sionna,PDSCH,Table 1,10,10,5.714285714285715,0.0,1608,1760,1
sionna,PDSCH,Table 1,10,10,7.5,0.0,1608,1760,1
sionna,PDSCH,Table 1,10,10,9.285714285714286,0.0,1608,1760,1
sionna,PDSCH,Table 1,10,10,11.071428571428573,0.0,1608,1760,1
sionna,PDSCH,Table 1,10,10,12.857142857142858,0.0,1608,1760,1
sionna,PDSCH,Table 1,10,10,14.642857142857142,0.0,1608,1760,1
sionna,PDSCH,Table 1,10,10,16.42857142857143,0.0,1608,1760,1
sionna,PDSCH,Table 1,10,10,18.214285714285715,0.0,1608,1760,1
sionna,PDSCH,Table 1,10,10,20.0,0.0,1608,1760,1
sionna,PDSCH,Table 1,10,100,-5.0,1.0,15880,8448,2
sionna,PDSCH,Table 1,10,100,-3.2142857142857144,1.0,15880,8448,2
sionna,PDSCH,Table 1,10,100,-1.4285714285714284,1.0,15880,8448,2
sionna,PDSCH,Table 1,10,100,0.35714285714285765,1.0,15880,8448,2
sionna,PDSCH,Table 1,10,100,2.1428571428571432,1.0,15880,8448,2
sionna,PDSCH,Table 1,10,100,3.928571428571429,0.005326222165253469,15880,8448,2
sionna,PDSCH,Table 1,10,100,5.714285714285715,0.0,15880,8448,2
sionna,PDSCH,Table 1,10,100,7.5,0.0,15880,8448,2
sionna,PDSCH,Table 1,10,100,9.285714285714286,0.0,15880,8448,2
sionna,PDSCH,Table 1,10,100,11.071428571428573,0.0,15880,8448,2
sionna,PDSCH,Table 1,10,100,12.857142857142858,0.0,15880,8448,2
sionna,PDSCH,Table 1,10,100,14.642857142857142,0.0,15880,8448,2
sionna,PDSCH,Table 1,10,100,16.42857142857143,0.0,15880,8448,2
sionna,PDSCH,Table 1,10,100,18.214285714285715,0.0,15880,8448,2
sionna,PDSCH,Table 1,10,100,20.0,0.0,15880,8448,2
sionna,PDSCH,Table 1,10,200,-5.0,1.0,31752,8448,4
sionna,PDSCH,Table 1,10,200,-3.2142857142857144,1.0,31752,8448,4
sionna,PDSCH,Table 1,10,200,-1.4285714285714284,1.0,31752,8448,4
sionna,PDSCH,Table 1,10,200,0.35714285714285765,1.0,31752,8448,4
sionna,PDSCH,Table 1,10,200,2.1428571428571432,1.0,31752,8448,4
sionna,PDSCH,Table 1,10,200,3.928571428571429,0.010624075687953205,31752,8448,4
sionna,PDSCH,Table 1,10,200,5.714285714285715,0.0,31752,8448,4
sionna,PDSCH,Table 1,10,200,7.5,0.0,31752,8448,4
sionna,PDSCH,Table 1,10,200,9.285714285714286,0.0,31752,8448,4
sionna,PDSCH,Table 1,10,200,11.071428571428573,0.0,31752,8448,4
sionna,PDSCH,Table 1,10,200,12.857142857142858,0.0,31752,8448,4
sionna,PDSCH,Table 1,10,200,14.642857142857142,0.0,31752,8448,4
sionna,PDSCH,Table 1,10,200,16.42857142857143,0.0,31752,8448,4
sionna,PDSCH,Table 1,10,200,18.214285714285715,0.0,31752,8448,4
sionna,PDSCH,Table 1,10,200,20.0,0.0,31752,8448,4
sionna,PDSCH,Table 1,11,10,-5.0,1.0,1800,1920,1
sionna,PDSCH,Table 1,11,10,-3.2142857142857144,1.0,1800,1920,1
sionna,PDSCH,Table 1,11,10,-1.4285714285714284,1.0,1800,1920,1
sionna,PDSCH,Table 1,11,10,0.35714285714285765,1.0,1800,1920,1
sionna,PDSCH,Table 1,11,10,2.1428571428571432,1.0,1800,1920,1
sionna,PDSCH,Table 1,11,10,3.928571428571429,0.5039866471290588,1800,1920,1
sionna,PDSCH,Table 1,11,10,5.714285714285715,0.0,1800,1920,1
sionna,PDSCH,Table 1,11,10,7.5,0.0,1800,1920,1
sionna,PDSCH,Table 1,11,10,9.285714285714286,0.0,1800,1920,1
sionna,PDSCH,Table 1,11,10,11.071428571428573,0.0,1800,1920,1
sionna,PDSCH,Table 1,11,10,12.857142857142858,0.0,1800,1920,1
sionna,PDSCH,Table 1,11,10,14.642857142857142,0.0,1800,1920,1
sionna,PDSCH,Table 1,11,10,16.42857142857143,0.0,1800,1920,1
sionna,PDSCH,Table 1,11,10,18.214285714285715,0.0,1800,1920,1
sionna,PDSCH,Table 1,11,10,20.0,0.0,1800,1920,1
sionna,PDSCH,Table 1,11,100,-5.0,1.0,17928,6336,3
sionna,PDSCH,Table 1,11,100,-3.2142857142857144,1.0,17928,6336,3
sionna,PDSCH,Table 1,11,100,-1.4285714285714284,1.0,17928,6336,3
sionna,PDSCH,Table 1,11,100,0.35714285714285765,1.0,17928,6336,3
sionna,PDSCH,Table 1,11,100,2.1428571428571432,1.0,17928,6336,3
sionna,PDSCH,Table 1,11,100,3.928571428571429,0.8830698149229286,17928,6336,3
sionna,PDSCH,Table 1,11,100,5.714285714285715,0.0,17928,6336,3
sionna,PDSCH,Table 1,11,100,7.5,0.0,17928,6336,3
sionna,PDSCH,Table 1,11,100,9.285714285714286,0.0,17928,6336,3
sionna,PDSCH,Table 1,11,100,11.071428571428573,0.0,17928,6336,3
sionna,PDSCH,Table 1,11,100,12.857142857142858,0.0,17928,6336,3
sionna,PDSCH,Table 1,11,100,14.642857142857142,0.0,17928,6336,3
sionna,PDSCH,Table 1,11,100,16.42857142857143,0.0,17928,6336,3
sionna,PDSCH,Table 1,11,100,18.214285714285715,0.0,17928,6336,3
sionna,PDSCH,Table 1,11,100,20.0,0.0,17928,6336,3
sionna,PDSCH,Table 1,11,200,-5.0,1.0,35856,7744,5
sionna,PDSCH,Table 1,11,200,-3.2142857142857144,1.0,35856,7744,5
sionna,PDSCH,Table 1,11,200,-1.4285714285714284,1.0,35856,7744,5
sionna,PDSCH,Table 1,11,200,0.35714285714285765,1.0,35856,7744,5
sionna,PDSCH,Table 1,11,200,2.1428571428571432,1.0,35856,7744,5
sionna,PDSCH,Table 1,11,200,3.928571428571429,0.972039534651275,35856,7744,5
sionna,PDSCH,Table 1,11,200,5.714285714285715,0.0,35856,7744,5
sionna,PDSCH,Table 1,11,200,7.5,0.0,35856,7744,5
sionna,PDSCH,Table 1,11,200,9.285714285714286,0.0,35856,7744,5
sionna,PDSCH,Table 1,11,200,11.071428571428573,0.0,35856,7744,5
sionna,PDSCH,Table 1,11,200,12.857142857142858,0.0,35856,7744,5
sionna,PDSCH,Table 1,11,200,14.642857142857142,0.0,35856,7744,5
sionna,PDSCH,Table 1,11,200,16.42857142857143,0.0,35856,7744,5
sionna,PDSCH,Table 1,11,200,18.214285714285715,0.0,35856,7744,5
sionna,PDSCH,Table 1,11,200,20.0,0.0,35856,7744,5
sionna,PDSCH,Table 1,12,10,-5.0,1.0,2088,2240,1
sionna,PDSCH,Table 1,12,10,-3.2142857142857144,1.0,2088,2240,1
sionna,PDSCH,Table 1,12,10,-1.4285714285714284,1.0,2088,2240,1
sionna,PDSCH,Table 1,12,10,0.35714285714285765,1.0,2088,2240,1
sionna,PDSCH,Table 1,12,10,2.1428571428571432,1.0,2088,2240,1
sionna,PDSCH,Table 1,12,10,3.928571428571429,1.0,2088,2240,1
sionna,PDSCH,Table 1,12,10,5.714285714285715,0.0006666666595265269,2088,2240,1
sionna,PDSCH,Table 1,12,10,7.5,0.0,2088,2240,1
sionna,PDSCH,Table 1,12,10,9.285714285714286,0.0,2088,2240,1
sionna,PDSCH,Table 1,12,10,11.071428571428573,0.0,2088,2240,1
sionna,PDSCH,Table 1,12,10,12.857142857142858,0.0,2088,2240,1
sionna,PDSCH,Table 1,12,10,14.642857142857142,0.0,2088,2240,1
sionna,PDSCH,Table 1,12,10,16.42857142857143,0.0,2088,2240,1
sionna,PDSCH,Table 1,12,10,18.214285714285715,0.0,2088,2240,1
sionna,PDSCH,Table 1,12,10,20.0,0.0,2088,2240,1
sionna,PDSCH,Table 1,12,100,-5.0,1.0,20496,7040,3
sionna,PDSCH,Table 1,12,100,-3.2142857142857144,1.0,20496,7040,3
sionna,PDSCH,Table 1,12,100,-1.4285714285714284,1.0,20496,7040,3
sionna,PDSCH,Table 1,12,100,0.35714285714285765,1.0,20496,7040,3
sionna,PDSCH,Table 1,12,100,2.1428571428571432,1.0,20496,7040,3
sionna,PDSCH,Table 1,12,100,3.928571428571429,1.0,20496,7040,3
sionna,PDSCH,Table 1,12,100,5.714285714285715,0.0019986669415711367,20496,7040,3
sionna,PDSCH,Table 1,12,100,7.5,0.0,20496,7040,3
sionna,PDSCH,Table 1,12,100,9.285714285714286,0.0,20496,7040,3
sionna,PDSCH,Table 1,12,100,11.071428571428573,0.0,20496,7040,3
sionna,PDSCH,Table 1,12,100,12.857142857142858,0.0,20496,7040,3
sionna,PDSCH,Table 1,12,100,14.642857142857142,0.0,20496,7040,3
sionna,PDSCH,Table 1,12,100,16.42857142857143,0.0,20496,7040,3
sionna,PDSCH,Table 1,12,100,18.214285714285715,0.0,20496,7040,3
sionna,PDSCH,Table 1,12,100,20.0,0.0,20496,7040,3
sionna,PDSCH,Table 1,12,200,-5.0,1.0,40976,8448,5
sionna,PDSCH,Table 1,12,200,-3.2142857142857144,1.0,40976,8448,5
sionna,PDSCH,Table 1,12,200,-1.4285714285714284,1.0,40976,8448,5
sionna,PDSCH,Table 1,12,200,0.35714285714285765,1.0,40976,8448,5
sionna,PDSCH,Table 1,12,200,2.1428571428571432,1.0,40976,8448,5
sionna,PDSCH,Table 1,12,200,3.928571428571429,1.0,40976,8448,5
sionna,PDSCH,Table 1,12,200,5.714285714285715,0.00332889181525875,40976,8448,5
sionna,PDSCH,Table 1,12,200,7.5,0.0,40976,8448,5
sionna,PDSCH,Table 1,12,200,9.285714285714286,0.0,40976,8448,5
sionna,PDSCH,Table 1,12,200,11.071428571428573,0.0,40976,8448,5
sionna,PDSCH,Table 1,12,200,12.857142857142858,0.0,40976,8448,5
sionna,PDSCH,Table 1,12,200,14.642857142857142,0.0,40976,8448,5
sionna,PDSCH,Table 1,12,200,16.42857142857143,0.0,40976,8448,5
sionna,PDSCH,Table 1,12,200,18.214285714285715,0.0,40976,8448,5
sionna,PDSCH,Table 1,12,200,20.0,0.0,40976,8448,5
sionna,PDSCH,Table 1,13,10,-5.0,1.0,2280,2400,1
sionna,PDSCH,Table 1,13,10,-3.2142857142857144,1.0,2280,2400,1
sionna,PDSCH,Table 1,13,10,-1.4285714285714284,1.0,2280,2400,1
sionna,PDSCH,Table 1,13,10,0.35714285714285765,1.0,2280,2400,1
sionna,PDSCH,Table 1,13,10,2.1428571428571432,1.0,2280,2400,1
sionna,PDSCH,Table 1,13,10,3.928571428571429,1.0,2280,2400,1
sionna,PDSCH,Table 1,13,10,5.714285714285715,0.5866666436195374,2280,2400,1
sionna,PDSCH,Table 1,13,10,7.5,0.0,2280,2400,1
sionna,PDSCH,Table 1,13,10,9.285714285714286,0.0,2280,2400,1
sionna,PDSCH,Table 1,13,10,11.071428571428573,0.0,2280,2400,1
sionna,PDSCH,Table 1,13,10,12.857142857142858,0.0,2280,2400,1
sionna,PDSCH,Table 1,13,10,14.642857142857142,0.0,2280,2400,1
sionna,PDSCH,Table 1,13,10,16.42857142857143,0.0,2280,2400,1
sionna,PDSCH,Table 1,13,10,18.214285714285715,0.0,2280,2400,1
sionna,PDSCH,Table 1,13,10,20.0,0.0,2280,2400,1
sionna,PDSCH,Table 1,13,100,-5.0,1.0,23040,7744,3
sionna,PDSCH,Table 1,13,100,-3.2142857142857144,1.0,23040,7744,3
sionna,PDSCH,Table 1,13,100,-1.4285714285714284,1.0,23040,7744,3
sionna,PDSCH,Table 1,13,100,0.35714285714285765,1.0,23040,7744,3
sionna,PDSCH,Table 1,13,100,2.1428571428571432,1.0,23040,7744,3
sionna,PDSCH,Table 1,13,100,3.928571428571429,1.0,23040,7744,3
sionna,PDSCH,Table 1,13,100,5.714285714285715,0.9293842844838737,23040,7744,3
sionna,PDSCH,Table 1,13,100,7.5,0.0,23040,7744,3
sionna,PDSCH,Table 1,13,100,9.285714285714286,0.0,23040,7744,3
sionna,PDSCH,Table 1,13,100,11.071428571428573,0.0,23040,7744,3
sionna,PDSCH,Table 1,13,100,12.857142857142858,0.0,23040,7744,3
sionna,PDSCH,Table 1,13,100,14.642857142857142,0.0,23040,7744,3
sionna,PDSCH,Table 1,13,100,16.42857142857143,0.0,23040,7744,3
sionna,PDSCH,Table 1,13,100,18.214285714285715,0.0,23040,7744,3
sionna,PDSCH,Table 1,13,100,20.0,0.0,23040,7744,3
sionna,PDSCH,Table 1,13,200,-5.0,1.0,46104,7744,6
sionna,PDSCH,Table 1,13,200,-3.2142857142857144,1.0,46104,7744,6
sionna,PDSCH,Table 1,13,200,-1.4285714285714284,1.0,46104,7744,6
sionna,PDSCH,Table 1,13,200,0.35714285714285765,1.0,46104,7744,6
sionna,PDSCH,Table 1,13,200,2.1428571428571432,1.0,46104,7744,6
sionna,PDSCH,Table 1,13,200,3.928571428571429,1.0,46104,7744,6
sionna,PDSCH,Table 1,13,200,5.714285714285715,0.9950134207221455,46104,7744,6
sionna,PDSCH,Table 1,13,200,7.5,0.0,46104,7744,6
sionna,PDSCH,Table 1,13,200,9.285714285714286,0.0,46104,7744,6
sionna,PDSCH,Table 1,13,200,11.071428571428573,0.0,46104,7744,6
sionna,PDSCH,Table 1,13,200,12.857142857142858,0.0,46104,7744,6
sionna,PDSCH,Table 1,13,200,14.642857142857142,0.0,46104,7744,6
sionna,PDSCH,Table 1,13,200,16.42857142857143,0.0,46104,7744,6
sionna,PDSCH,Table 1,13,200,18.214285714285715,0.0,46104,7744,6
sionna,PDSCH,Table 1,13,200,20.0,0.0,46104,7744,6
sionna,PDSCH,Table 1,14,10,-5.0,1.0,2600,2880,1
sionna,PDSCH,Table 1,14,10,-3.2142857142857144,1.0,2600,2880,1
sionna,PDSCH,Table 1,14,10,-1.4285714285714284,1.0,2600,2880,1
sionna,PDSCH,Table 1,14,10,0.35714285714285765,1.0,2600,2880,1
sionna,PDSCH,Table 1,14,10,2.1428571428571432,1.0,2600,2880,1
sionna,PDSCH,Table 1,14,10,3.928571428571429,1.0,2600,2880,1
sionna,PDSCH,Table 1,14,10,5.714285714285715,1.0,2600,2880,1
sionna,PDSCH,Table 1,14,10,7.5,0.00033333332976326346,2600,2880,1
sionna,PDSCH,Table 1,14,10,9.285714285714286,0.0,2600,2880,1
sionna,PDSCH,Table 1,14,10,11.071428571428573,0.0,2600,2880,1
sionna,PDSCH,Table 1,14,10,12.857142857142858,0.0,2600,2880,1
sionna,PDSCH,Table 1,14,10,14.642857142857142,0.0,2600,2880,1
sionna,PDSCH,Table 1,14,10,16.42857142857143,0.0,2600,2880,1
sionna,PDSCH,Table 1,14,10,18.214285714285715,0.0,2600,2880,1
sionna,PDSCH,Table 1,14,10,20.0,0.0,2600,2880,1
sionna,PDSCH,Table 1,14,100,-5.0,1.0,26120,7040,4
sionna,PDSCH,Table 1,14,100,-3.2142857142857144,1.0,26120,7040,4
sionna,PDSCH,Table 1,14,100,-1.4285714285714284,1.0,26120,7040,4
sionna,PDSCH,Table 1,14,100,0.35714285714285765,1.0,26120,7040,4
sionna,PDSCH,Table 1,14,100,2.1428571428571432,1.0,26120,7040,4
sionna,PDSCH,Table 1,14,100,3.928571428571429,1.0,26120,7040,4
sionna,PDSCH,Table 1,14,100,5.714285714285715,1.0,26120,7040,4
sionna,PDSCH,Table 1,14,100,7.5,0.0013326668005364528,26120,7040,4
sionna,PDSCH,Table 1,14,100,9.285714285714286,0.0,26120,7040,4
sionna,PDSCH,Table 1,14,100,11.071428571428573,0.0,26120,7040,4
sionna,PDSCH,Table 1,14,100,12.857142857142858,0.0,26120,7040,4
sionna,PDSCH,Table 1,14,100,14.642857142857142,0.0,26120,7040,4
sionna,PDSCH,Table 1,14,100,16.42857142857143,0.0,26120,7040,4
sionna,PDSCH,Table 1,14,100,18.214285714285715,0.0,26120,7040,4
sionna,PDSCH,Table 1,14,100,20.0,0.0,26120,7040,4
sionna,PDSCH,Table 1,14,200,-5.0,1.0,52224,7744,7
sionna,PDSCH,Table 1,14,200,-3.2142857142857144,1.0,52224,7744,7
sionna,PDSCH,Table 1,14,200,-1.4285714285714284,1.0,52224,7744,7
sionna,PDSCH,Table 1,14,200,0.35714285714285765,1.0,52224,7744,7
sionna,PDSCH,Table 1,14,200,2.1428571428571432,1.0,52224,7744,7
sionna,PDSCH,Table 1,14,200,3.928571428571429,1.0,52224,7744,7
sionna,PDSCH,Table 1,14,200,5.714285714285715,1.0,52224,7744,7
sionna,PDSCH,Table 1,14,200,7.5,0.0023310012709237826,52224,7744,7
sionna,PDSCH,Table 1,14,200,9.285714285714286,0.0,52224,7744,7
sionna,PDSCH,Table 1,14,200,11.071428571428573,0.0,52224,7744,7
sionna,PDSCH,Table 1,14,200,12.857142857142858,0.0,52224,7744,7
sionna,PDSCH,Table 1,14,200,14.642857142857142,0.0,52224,7744,7
sionna,PDSCH,Table 1,14,200,16.42857142857143,0.0,52224,7744,7
sionna,PDSCH,Table 1,14,200,18.214285714285715,0.0,52224,7744,7
sionna,PDSCH,Table 1,14,200,20.0,0.0,52224,7744,7
sionna,PDSCH,Table 1,15,10,-5.0,1.0,2976,3200,1
sionna,PDSCH,Table 1,15,10,-3.2142857142857144,1.0,2976,3200,1
sionna,PDSCH,Table 1,15,10,-1.4285714285714284,1.0,2976,3200,1
sionna,PDSCH,Table 1,15,10,0.35714285714285765,1.0,2976,3200,1
sionna,PDSCH,Table 1,15,10,2.1428571428571432,1.0,2976,3200,1
sionna,PDSCH,Table 1,15,10,3.928571428571429,1.0,2976,3200,1
sionna,PDSCH,Table 1,15,10,5.714285714285715,1.0,2976,3200,1
sionna,PDSCH,Table 1,15,10,7.5,0.8666666746139526,2976,3200,1
sionna,PDSCH,Table 1,15,10,9.285714285714286,0.0,2976,3200,1
sionna,PDSCH,Table 1,15,10,11.071428571428573,0.0,2976,3200,1
sionna,PDSCH,Table 1,15,10,12.857142857142858,0.0,2976,3200,1
sionna,PDSCH,Table 1,15,10,14.642857142857142,0.0,2976,3200,1
sionna,PDSCH,Table 1,15,10,16.42857142857143,0.0,2976,3200,1
sionna,PDSCH,Table 1,15,10,18.214285714285715,0.0,2976,3200,1
sionna,PDSCH,Table 1,15,10,20.0,0.0,2976,3200,1
sionna,PDSCH,Table 1,15,100,-5.0,1.0,28680,7744,4
sionna,PDSCH,Table 1,15,100,-3.2142857142857144,1.0,28680,7744,4
sionna,PDSCH,Table 1,15,100,-1.4285714285714284,1.0,28680,7744,4
sionna,PDSCH,Table 1,15,100,0.35714285714285765,1.0,28680,7744,4
sionna,PDSCH,Table 1,15,100,2.1428571428571432,1.0,28680,7744,4
sionna,PDSCH,Table 1,15,100,3.928571428571429,1.0,28680,7744,4
sionna,PDSCH,Table 1,15,100,5.714285714285715,1.0,28680,7744,4
sionna,PDSCH,Table 1,15,100,7.5,0.9996839506926359,28680,7744,4
sionna,PDSCH,Table 1,15,100,9.285714285714286,0.0,28680,7744,4
sionna,PDSCH,Table 1,15,100,11.071428571428573,0.0,28680,7744,4
sionna,PDSCH,Table 1,15,100,12.857142857142858,0.0,28680,7744,4
sionna,PDSCH,Table 1,15,100,14.642857142857142,0.0,28680,7744,4
sionna,PDSCH,Table 1,15,100,16.42857142857143,0.0,28680,7744,4
sionna,PDSCH,Table 1,15,100,18.214285714285715,0.0,28680,7744,4
sionna,PDSCH,Table 1,15,100,20.0,0.0,28680,7744,4
sionna,PDSCH,Table 1,15,200,-5.0,1.0,57376,8448,7
sionna,PDSCH,Table 1,15,200,-3.2142857142857144,1.0,57376,8448,7
sionna,PDSCH,Table 1,15,200,-1.4285714285714284,1.0,57376,8448,7
sionna,PDSCH,Table 1,15,200,0.35714285714285765,1.0,57376,8448,7
sionna,PDSCH,Table 1,15,200,2.1428571428571432,1.0,57376,8448,7
sionna,PDSCH,Table 1,15,200,3.928571428571429,1.0,57376,8448,7
sionna,PDSCH,Table 1,15,200,5.714285714285715,1.0,57376,8448,7
sionna,PDSCH,Table 1,15,200,7.5,0.9999992508462202,57376,8448,7
sionna,PDSCH,Table 1,15,200,9.285714285714286,0.0,57376,8448,7
sionna,PDSCH,Table 1,15,200,11.071428571428573,0.0,57376,8448,7
sionna,PDSCH,Table 1,15,200,12.857142857142858,0.0,57376,8448,7
sionna,PDSCH,Table 1,15,200,14.642857142857142,0.0,57376,8448,7
sionna,PDSCH,Table 1,15,200,16.42857142857143,0.0,57376,8448,7
sionna,PDSCH,Table 1,15,200,18.214285714285715,0.0,57376,8448,7
sionna,PDSCH,Table 1,15,200,20.0,0.0,57376,8448,7
sionna,PDSCH,Table 1,16,10,-5.0,1.0,3104,3200,1
sionna,PDSCH,Table 1,16,10,-3.2142857142857144,1.0,3104,3200,1
sionna,PDSCH,Table 1,16,10,-1.4285714285714284,1.0,3104,3200,1
sionna,PDSCH,Table 1,16,10,0.35714285714285765,1.0,3104,3200,1
sionna,PDSCH,Table 1,16,10,2.1428571428571432,1.0,3104,3200,1
sionna,PDSCH,Table 1,16,10,3.928571428571429,1.0,3104,3200,1
sionna,PDSCH,Table 1,16,10,5.714285714285715,1.0,3104,3200,1
sionna,PDSCH,Table 1,16,10,7.5,1.0,3104,3200,1
sionna,PDSCH,Table 1,16,10,9.285714285714286,0.0,3104,3200,1
sionna,PDSCH,Table 1,16,10,11.071428571428573,0.0,3104,3200,1
sionna,PDSCH,Table 1,16,10,12.857142857142858,0.0,3104,3200,1
sionna,PDSCH,Table 1,16,10,14.642857142857142,0.0,3104,3200,1
sionna,PDSCH,Table 1,16,10,16.42857142857143,0.0,3104,3200,1
sionna,PDSCH,Table 1,16,10,18.214285714285715,0.0,3104,3200,1
sionna,PDSCH,Table 1,16,10,20.0,0.0,3104,3200,1
sionna,PDSCH,Table 1,16,100,-5.0,1.0,30728,7744,4
sionna,PDSCH,Table 1,16,100,-3.2142857142857144,1.0,30728,7744,4
sionna,PDSCH,Table 1,16,100,-1.4285714285714284,1.0,30728,7744,4
sionna,PDSCH,Table 1,16,100,0.35714285714285765,1.0,30728,7744,4
sionna,PDSCH,Table 1,16,100,2.1428571428571432,1.0,30728,7744,4
sionna,PDSCH,Table 1,16,100,3.928571428571429,1.0,30728,7744,4
sionna,PDSCH,Table 1,16,100,5.714285714285715,1.0,30728,7744,4
sionna,PDSCH,Table 1,16,100,7.5,1.0,30728,7744,4
sionna,PDSCH,Table 1,16,100,9.285714285714286,0.0,30728,7744,4
sionna,PDSCH,Table 1,16,100,11.071428571428573,0.0,30728,7744,4
sionna,PDSCH,Table 1,16,100,12.857142857142858,0.0,30728,7744,4
sionna,PDSCH,Table 1,16,100,14.642857142857142,0.0,30728,7744,4
sionna,PDSCH,Table 1,16,100,16.42857142857143,0.0,30728,7744,4
sionna,PDSCH,Table 1,16,100,18.214285714285715,0.0,30728,7744,4
sionna,PDSCH,Table 1,16,100,20.0,0.0,30728,7744,4
sionna,PDSCH,Table 1,16,200,-5.0,1.0,61480,7744,8
sionna,PDSCH,Table 1,16,200,-3.2142857142857144,1.0,61480,7744,8
sionna,PDSCH,Table 1,16,200,-1.4285714285714284,1.0,61480,7744,8
sionna,PDSCH,Table 1,16,200,0.35714285714285765,1.0,61480,7744,8
sionna,PDSCH,Table 1,16,200,2.1428571428571432,1.0,61480,7744,8
sionna,PDSCH,Table 1,16,200,3.928571428571429,1.0,61480,7744,8
sionna,PDSCH,Table 1,16,200,5.714285714285715,1.0,61480,7744,8
sionna,PDSCH,Table 1,16,200,7.5,1.0,61480,7744,8
sionna,PDSCH,Table 1,16,200,9.285714285714286,0.0,61480,7744,8
sionna,PDSCH,Table 1,16,200,11.071428571428573,0.0,61480,7744,8
sionna,PDSCH,Table 1,16,200,12.857142857142858,0.0,61480,7744,8
sionna,PDSCH,Table 1,16,200,14.642857142857142,0.0,61480,7744,8
sionna,PDSCH,Table 1,16,200,16.42857142857143,0.0,61480,7744,8
sionna,PDSCH,Table 1,16,200,18.214285714285715,0.0,61480,7744,8
sionna,PDSCH,Table 1,16,200,20.0,0.0,61480,7744,8
sionna,PDSCH,Table 1,17,10,-5.0,1.0,3104,3200,1
sionna,PDSCH,Table 1,17,10,-3.2142857142857144,1.0,3104,3200,1
sionna,PDSCH,Table 1,17,10,-1.4285714285714284,1.0,3104,3200,1
sionna,PDSCH,Table 1,17,10,0.35714285714285765,1.0,3104,3200,1
sionna,PDSCH,Table 1,17,10,2.1428571428571432,1.0,3104,3200,1
sionna,PDSCH,Table 1,17,10,3.928571428571429,1.0,3104,3200,1
sionna,PDSCH,Table 1,17,10,5.714285714285715,1.0,3104,3200,1
sionna,PDSCH,Table 1,17,10,7.5,1.0,3104,3200,1
sionna,PDSCH,Table 1,17,10,9.285714285714286,0.03500000014901161,3104,3200,1
sionna,PDSCH,Table 1,17,10,11.071428571428573,0.0,3104,3200,1
sionna,PDSCH,Table 1,17,10,12.857142857142858,0.0,3104,3200,1
sionna,PDSCH,Table 1,17,10,14.642857142857142,0.0,3104,3200,1
sionna,PDSCH,Table 1,17,10,16.42857142857143,0.0,3104,3200,1
sionna,PDSCH,Table 1,17,10,18.214285714285715,0.0,3104,3200,1
sionna,PDSCH,Table 1,17,10,20.0,0.0,3104,3200,1
sionna,PDSCH,Table 1,17,100,-5.0,1.0,30728,7744,4
sionna,PDSCH,Table 1,17,100,-3.2142857142857144,1.0,30728,7744,4
sionna,PDSCH,Table 1,17,100,-1.4285714285714284,1.0,30728,7744,4
sionna,PDSCH,Table 1,17,100,0.35714285714285765,1.0,30728,7744,4
sionna,PDSCH,Table 1,17,100,2.1428571428571432,1.0,30728,7744,4
sionna,PDSCH,Table 1,17,100,3.928571428571429,1.0,30728,7744,4
sionna,PDSCH,Table 1,17,100,5.714285714285715,1.0,30728,7744,4
sionna,PDSCH,Table 1,17,100,7.5,1.0,30728,7744,4
sionna,PDSCH,Table 1,17,100,9.285714285714286,0.13281999991062654,30728,7744,4
sionna,PDSCH,Table 1,17,100,11.071428571428573,0.0,30728,7744,4
sionna,PDSCH,Table 1,17,100,12.857142857142858,0.0,30728,7744,4
sionna,PDSCH,Table 1,17,100,14.642857142857142,0.0,30728,7744,4
sionna,PDSCH,Table 1,17,100,16.42857142857143,0.0,30728,7744,4
sionna,PDSCH,Table 1,17,100,18.214285714285715,0.0,30728,7744,4
sionna,PDSCH,Table 1,17,100,20.0,0.0,30728,7744,4
sionna,PDSCH,Table 1,17,200,-5.0,1.0,61480,7744,8
sionna,PDSCH,Table 1,17,200,-3.2142857142857144,1.0,61480,7744,8
sionna,PDSCH,Table 1,17,200,-1.4285714285714284,1.0,61480,7744,8
sionna,PDSCH,Table 1,17,200,0.35714285714285765,1.0,61480,7744,8
sionna,PDSCH,Table 1,17,200,2.1428571428571432,1.0,61480,7744,8
sionna,PDSCH,Table 1,17,200,3.928571428571429,1.0,61480,7744,8
sionna,PDSCH,Table 1,17,200,5.714285714285715,1.0,61480,7744,8
sionna,PDSCH,Table 1,17,200,7.5,1.0,61480,7744,8
sionna,PDSCH,Table 1,17,200,9.285714285714286,0.24799884744499412,61480,7744,8
sionna,PDSCH,Table 1,17,200,11.071428571428573,0.0,61480,7744,8
sionna,PDSCH,Table 1,17,200,12.857142857142858,0.0,61480,7744,8
sionna,PDSCH,Table 1,17,200,14.642857142857142,0.0,61480,7744,8
sionna,PDSCH,Table 1,17,200,16.42857142857143,0.0,61480,7744,8
sionna,PDSCH,Table 1,17,200,18.214285714285715,0.0,61480,7744,8
sionna,PDSCH,Table 1,17,200,20.0,0.0,61480,7744,8
sionna,PDSCH,Table 1,18,10,-5.0,1.0,3368,3520,1
sionna,PDSCH,Table 1,18,10,-3.2142857142857144,1.0,3368,3520,1
sionna,PDSCH,Table 1,18,10,-1.4285714285714284,1.0,3368,3520,1
sionna,PDSCH,Table 1,18,10,0.35714285714285765,1.0,3368,3520,1
sionna,PDSCH,Table 1,18,10,2.1428571428571432,1.0,3368,3520,1
sionna,PDSCH,Table 1,18,10,3.928571428571429,1.0,3368,3520,1
sionna,PDSCH,Table 1,18,10,5.714285714285715,1.0,3368,3520,1
sionna,PDSCH,Table 1,18,10,7.5,1.0,3368,3520,1
sionna,PDSCH,Table 1,18,10,9.285714285714286,0.7099999785423279,3368,3520,1
sionna,PDSCH,Table 1,18,10,11.071428571428573,0.00033333332976326346,3368,3520,1
sionna,PDSCH,Table 1,18,10,12.857142857142858,0.0,3368,3520,1
sionna,PDSCH,Table 1,18,10,14.642857142857142,0.0,3368,3520,1
sionna,PDSCH,Table 1,18,10,16.42857142857143,0.0,3368,3520,1
sionna,PDSCH,Table 1,18,10,18.214285714285715,0.0,3368,3520,1
sionna,PDSCH,Table 1,18,10,20.0,0.0,3368,3520,1
sionna,PDSCH,Table 1,18,100,-5.0,1.0,32776,8448,4
sionna,PDSCH,Table 1,18,100,-3.2142857142857144,1.0,32776,8448,4
sionna,PDSCH,Table 1,18,100,-1.4285714285714284,1.0,32776,8448,4
sionna,PDSCH,Table 1,18,100,0.35714285714285765,1.0,32776,8448,4
sionna,PDSCH,Table 1,18,100,2.1428571428571432,1.0,32776,8448,4
sionna,PDSCH,Table 1,18,100,3.928571428571429,1.0,32776,8448,4
sionna,PDSCH,Table 1,18,100,5.714285714285715,1.0,32776,8448,4
sionna,PDSCH,Table 1,18,100,7.5,1.0,32776,8448,4
sionna,PDSCH,Table 1,18,100,9.285714285714286,0.9929271879066751,32776,8448,4
sionna,PDSCH,Table 1,18,100,11.071428571428573,0.0013326668005364528,32776,8448,4
sionna,PDSCH,Table 1,18,100,12.857142857142858,0.0,32776,8448,4
sionna,PDSCH,Table 1,18,100,14.642857142857142,0.0,32776,8448,4
sionna,PDSCH,Table 1,18,100,16.42857142857143,0.0,32776,8448,4
sionna,PDSCH,Table 1,18,100,18.214285714285715,0.0,32776,8448,4
sionna,PDSCH,Table 1,18,100,20.0,0.0,32776,8448,4
sionna,PDSCH,Table 1,18,200,-5.0,1.0,65576,8448,8
sionna,PDSCH,Table 1,18,200,-3.2142857142857144,1.0,65576,8448,8
sionna,PDSCH,Table 1,18,200,-1.4285714285714284,1.0,65576,8448,8
sionna,PDSCH,Table 1,18,200,0.35714285714285765,1.0,65576,8448,8
sionna,PDSCH,Table 1,18,200,2.1428571428571432,1.0,65576,8448,8
sionna,PDSCH,Table 1,18,200,3.928571428571429,1.0,65576,8448,8
sionna,PDSCH,Table 1,18,200,5.714285714285715,1.0,65576,8448,8
sionna,PDSCH,Table 1,18,200,7.5,1.0,65576,8448,8
sionna,PDSCH,Table 1,18,200,9.285714285714286,0.9999499753290925,65576,8448,8
sionna,PDSCH,Table 1,18,200,11.071428571428573,0.0026635576002717043,65576,8448,8
sionna,PDSCH,Table 1,18,200,12.857142857142858,0.0,65576,8448,8
sionna,PDSCH,Table 1,18,200,14.642857142857142,0.0,65576,8448,8
sionna,PDSCH,Table 1,18,200,16.42857142857143,0.0,65576,8448,8
sionna,PDSCH,Table 1,18,200,18.214285714285715,0.0,65576,8448,8
sionna,PDSCH,Table 1,18,200,20.0,0.0,65576,8448,8
sionna,PDSCH,Table 1,19,10,-5.0,1.0,3624,3840,1
sionna,PDSCH,Table 1,19,10,-3.2142857142857144,1.0,3624,3840,1
sionna,PDSCH,Table 1,19,10,-1.4285714285714284,1.0,3624,3840,1
sionna,PDSCH,Table 1,19,10,0.35714285714285765,1.0,3624,3840,1
sionna,PDSCH,Table 1,19,10,2.1428571428571432,1.0,3624,3840,1
sionna,PDSCH,Table 1,19,10,3.928571428571429,1.0,3624,3840,1
sionna,PDSCH,Table 1,19,10,5.714285714285715,1.0,3624,3840,1
sionna,PDSCH,Table 1,19,10,7.5,1.0,3624,3840,1
sionna,PDSCH,Table 1,19,10,9.285714285714286,1.0,3624,3840,1
sionna,PDSCH,Table 1,19,10,11.071428571428573,0.004000000189989805,3624,3840,1
sionna,PDSCH,Table 1,19,10,12.857142857142858,0.0,3624,3840,1
sionna,PDSCH,Table 1,19,10,14.642857142857142,0.0,3624,3840,1
sionna,PDSCH,Table 1,19,10,16.42857142857143,0.0,3624,3840,1
sionna,PDSCH,Table 1,19,10,18.214285714285715,0.0,3624,3840,1
sionna,PDSCH,Table 1,19,10,20.0,0.0,3624,3840,1
sionna,PDSCH,Table 1,19,100,-5.0,1.0,35856,7744,5
sionna,PDSCH,Table 1,19,100,-3.2142857142857144,1.0,35856,7744,5
sionna,PDSCH,Table 1,19,100,-1.4285714285714284,1.0,35856,7744,5
sionna,PDSCH,Table 1,19,100,0.35714285714285765,1.0,35856,7744,5
sionna,PDSCH,Table 1,19,100,2.1428571428571432,1.0,35856,7744,5
sionna,PDSCH,Table 1,19,100,3.928571428571429,1.0,35856,7744,5
sionna,PDSCH,Table 1,19,100,5.714285714285715,1.0,35856,7744,5
sionna,PDSCH,Table 1,19,100,7.5,1.0,35856,7744,5
sionna,PDSCH,Table 1,19,100,9.285714285714286,1.0,35856,7744,5
sionna,PDSCH,Table 1,19,100,11.071428571428573,0.0198406396558648,35856,7744,5
sionna,PDSCH,Table 1,19,100,12.857142857142858,0.0,35856,7744,5
sionna,PDSCH,Table 1,19,100,14.642857142857142,0.0,35856,7744,5
sionna,PDSCH,Table 1,19,100,16.42857142857143,0.0,35856,7744,5
sionna,PDSCH,Table 1,19,100,18.214285714285715,0.0,35856,7744,5
sionna,PDSCH,Table 1,19,100,20.0,0.0,35856,7744,5
sionna,PDSCH,Table 1,19,200,-5.0,1.0,71688,8448,9
sionna,PDSCH,Table 1,19,200,-3.2142857142857144,1.0,71688,8448,9
sionna,PDSCH,Table 1,19,200,-1.4285714285714284,1.0,71688,8448,9
sionna,PDSCH,Table 1,19,200,0.35714285714285765,1.0,71688,8448,9
sionna,PDSCH,Table 1,19,200,2.1428571428571432,1.0,71688,8448,9
sionna,PDSCH,Table 1,19,200,3.928571428571429,1.0,71688,8448,9
sionna,PDSCH,Table 1,19,200,5.714285714285715,1.0,71688,8448,9
sionna,PDSCH,Table 1,19,200,7.5,1.0,71688,8448,9
sionna,PDSCH,Table 1,19,200,9.285714285714286,1.0,71688,8448,9
sionna,PDSCH,Table 1,19,200,11.071428571428573,0.03542934552863164,71688,8448,9
sionna,PDSCH,Table 1,19,200,12.857142857142858,0.0,71688,8448,9
sionna,PDSCH,Table 1,19,200,14.642857142857142,0.0,71688,8448,9
sionna,PDSCH,Table 1,19,200,16.42857142857143,0.0,71688,8448,9
sionna,PDSCH,Table 1,19,200,18.214285714285715,0.0,71688,8448,9
sionna,PDSCH,Table 1,19,200,20.0,0.0,71688,8448,9
sionna,PDSCH,Table 1,20,10,-5.0,1.0,3968,4224,1
sionna,PDSCH,Table 1,20,10,-3.2142857142857144,1.0,3968,4224,1
sionna,PDSCH,Table 1,20,10,-1.4285714285714284,1.0,3968,4224,1
sionna,PDSCH,Table 1,20,10,0.35714285714285765,1.0,3968,4224,1
sionna,PDSCH,Table 1,20,10,2.1428571428571432,1.0,3968,4224,1
sionna,PDSCH,Table 1,20,10,3.928571428571429,1.0,3968,4224,1
sionna,PDSCH,Table 1,20,10,5.714285714285715,1.0,3968,4224,1
sionna,PDSCH,Table 1,20,10,7.5,1.0,3968,4224,1
sionna,PDSCH,Table 1,20,10,9.285714285714286,1.0,3968,4224,1
sionna,PDSCH,Table 1,20,10,11.071428571428573,0.925000011920929,3968,4224,1
sionna,PDSCH,Table 1,20,10,12.857142857142858,0.00033333332976326346,3968,4224,1
sionna,PDSCH,Table 1,20,10,14.642857142857142,0.0,3968,4224,1
sionna,PDSCH,Table 1,20,10,16.42857142857143,0.0,3968,4224,1
sionna,PDSCH,Table 1,20,10,18.214285714285715,0.0,3968,4224,1
sionna,PDSCH,Table 1,20,10,20.0,0.0,3968,4224,1
sionna,PDSCH,Table 1,20,100,-5.0,1.0,39936,8448,5
sionna,PDSCH,Table 1,20,100,-3.2142857142857144,1.0,39936,8448,5
sionna,PDSCH,Table 1,20,100,-1.4285714285714284,1.0,39936,8448,5
sionna,PDSCH,Table 1,20,100,0.35714285714285765,1.0,39936,8448,5
sionna,PDSCH,Table 1,20,100,2.1428571428571432,1.0,39936,8448,5
sionna,PDSCH,Table 1,20,100,3.928571428571429,1.0,39936,8448,5
sionna,PDSCH,Table 1,20,100,5.714285714285715,1.0,39936,8448,5
sionna,PDSCH,Table 1,20,100,7.5,1.0,39936,8448,5
sionna,PDSCH,Table 1,20,100,9.285714285714286,1.0,39936,8448,5
sionna,PDSCH,Table 1,20,100,11.071428571428573,0.9999976269550109,39936,8448,5
sionna,PDSCH,Table 1,20,100,12.857142857142858,0.0016655559080376303,39936,8448,5
sionna,PDSCH,Table 1,20,100,14.642857142857142,0.0,39936,8448,5
sionna,PDSCH,Table 1,20,100,16.42857142857143,0.0,39936,8448,5
sionna,PDSCH,Table 1,20,100,18.214285714285715,0.0,39936,8448,5
sionna,PDSCH,Table 1,20,100,20.0,0.0,39936,8448,5
sionna,PDSCH,Table 1,20,200,-5.0,1.0,79896,8448,10
sionna,PDSCH,Table 1,20,200,-3.2142857142857144,1.0,79896,8448,10
sionna,PDSCH,Table 1,20,200,-1.4285714285714284,1.0,79896,8448,10
sionna,PDSCH,Table 1,20,200,0.35714285714285765,1.0,79896,8448,10
sionna,PDSCH,Table 1,20,200,2.1428571428571432,1.0,79896,8448,10
sionna,PDSCH,Table 1,20,200,3.928571428571429,1.0,79896,8448,10
sionna,PDSCH,Table 1,20,200,5.714285714285715,1.0,79896,8448,10
sionna,PDSCH,Table 1,20,200,7.5,1.0,79896,8448,10
sionna,PDSCH,Table 1,20,200,9.285714285714286,1.0,79896,8448,10
sionna,PDSCH,Table 1,20,200,11.071428571428573,0.9999999999943686,79896,8448,10
sionna,PDSCH,Table 1,20,200,12.857142857142858,0.003328337739592513,79896,8448,10
sionna,PDSCH,Table 1,20,200,14.642857142857142,0.0,79896,8448,10
sionna,PDSCH,Table 1,20,200,16.42857142857143,0.0,79896,8448,10
sionna,PDSCH,Table 1,20,200,18.214285714285715,0.0,79896,8448,10
sionna,PDSCH,Table 1,20,200,20.0,0.0,79896,8448,10
sionna,PDSCH,Table 1,21,10,-5.0,1.0,4352,4576,1
sionna,PDSCH,Table 1,21,10,-3.2142857142857144,1.0,4352,4576,1
sionna,PDSCH,Table 1,21,10,-1.4285714285714284,1.0,4352,4576,1
sionna,PDSCH,Table 1,21,10,0.35714285714285765,1.0,4352,4576,1
sionna,PDSCH,Table 1,21,10,2.1428571428571432,1.0,4352,4576,1
sionna,PDSCH,Table 1,21,10,3.928571428571429,1.0,4352,4576,1
sionna,PDSCH,Table 1,21,10,5.714285714285715,1.0,4352,4576,1
sionna,PDSCH,Table 1,21,10,7.5,1.0,4352,4576,1
sionna,PDSCH,Table 1,21,10,9.285714285714286,1.0,4352,4576,1
sionna,PDSCH,Table 1,21,10,11.071428571428573,1.0,4352,4576,1
sionna,PDSCH,Table 1,21,10,12.857142857142858,0.029333332553505898,4352,4576,1
sionna,PDSCH,Table 1,21,10,14.642857142857142,0.0,4352,4576,1
sionna,PDSCH,Table 1,21,10,16.42857142857143,0.0,4352,4576,1
sionna,PDSCH,Table 1,21,10,18.214285714285715,0.0,4352,4576,1
sionna,PDSCH,Table 1,21,10,20.0,0.0,4352,4576,1
sionna,PDSCH,Table 1,21,100,-5.0,1.0,43032,7744,6
sionna,PDSCH,Table 1,21,100,-3.2142857142857144,1.0,43032,7744,6
sionna,PDSCH,Table 1,21,100,-1.4285714285714284,1.0,43032,7744,6
sionna,PDSCH,Table 1,21,100,0.35714285714285765,1.0,43032,7744,6
sionna,PDSCH,Table 1,21,100,2.1428571428571432,1.0,43032,7744,6
sionna,PDSCH,Table 1,21,100,3.928571428571429,1.0,43032,7744,6
sionna,PDSCH,Table 1,21,100,5.714285714285715,1.0,43032,7744,6
sionna,PDSCH,Table 1,21,100,7.5,1.0,43032,7744,6
sionna,PDSCH,Table 1,21,100,9.285714285714286,1.0,43032,7744,6
sionna,PDSCH,Table 1,21,100,11.071428571428573,1.0,43032,7744,6
sionna,PDSCH,Table 1,21,100,12.857142857142858,0.16358714757309945,43032,7744,6
sionna,PDSCH,Table 1,21,100,14.642857142857142,0.0,43032,7744,6
sionna,PDSCH,Table 1,21,100,16.42857142857143,0.0,43032,7744,6
sionna,PDSCH,Table 1,21,100,18.214285714285715,0.0,43032,7744,6
sionna,PDSCH,Table 1,21,100,20.0,0.0,43032,7744,6
sionna,PDSCH,Table 1,21,200,-5.0,1.0,86040,8448,11
sionna,PDSCH,Table 1,21,200,-3.2142857142857144,1.0,86040,8448,11
sionna,PDSCH,Table 1,21,200,-1.4285714285714284,1.0,86040,8448,11
sionna,PDSCH,Table 1,21,200,0.35714285714285765,1.0,86040,8448,11
sionna,PDSCH,Table 1,21,200,2.1428571428571432,1.0,86040,8448,11
sionna,PDSCH,Table 1,21,200,3.928571428571429,1.0,86040,8448,11
sionna,PDSCH,Table 1,21,200,5.714285714285715,1.0,86040,8448,11
sionna,PDSCH,Table 1,21,200,7.5,1.0,86040,8448,11
sionna,PDSCH,Table 1,21,200,9.285714285714286,1.0,86040,8448,11
sionna,PDSCH,Table 1,21,200,11.071428571428573,1.0,86040,8448,11
sionna,PDSCH,Table 1,21,200,12.857142857142858,0.2792721918171077,86040,8448,11
sionna,PDSCH,Table 1,21,200,14.642857142857142,0.0,86040,8448,11
sionna,PDSCH,Table 1,21,200,16.42857142857143,0.0,86040,8448,11
sionna,PDSCH,Table 1,21,200,18.214285714285715,0.0,86040,8448,11
sionna,PDSCH,Table 1,21,200,20.0,0.0,86040,8448,11
sionna,PDSCH,Table 1,22,10,-5.0,1.0,4608,4928,1
sionna,PDSCH,Table 1,22,10,-3.2142857142857144,1.0,4608,4928,1
sionna,PDSCH,Table 1,22,10,-1.4285714285714284,1.0,4608,4928,1
sionna,PDSCH,Table 1,22,10,0.35714285714285765,1.0,4608,4928,1
sionna,PDSCH,Table 1,22,10,2.1428571428571432,1.0,4608,4928,1
sionna,PDSCH,Table 1,22,10,3.928571428571429,1.0,4608,4928,1
sionna,PDSCH,Table 1,22,10,5.714285714285715,1.0,4608,4928,1
sionna,PDSCH,Table 1,22,10,7.5,1.0,4608,4928,1
sionna,PDSCH,Table 1,22,10,9.285714285714286,1.0,4608,4928,1
sionna,PDSCH,Table 1,22,10,11.071428571428573,1.0,4608,4928,1
sionna,PDSCH,Table 1,22,10,12.857142857142858,0.9816666841506958,4608,4928,1
sionna,PDSCH,Table 1,22,10,14.642857142857142,0.00033333332976326346,4608,4928,1
sionna,PDSCH,Table 1,22,10,16.42857142857143,0.0,4608,4928,1
sionna,PDSCH,Table 1,22,10,18.214285714285715,0.0,4608,4928,1
sionna,PDSCH,Table 1,22,10,20.0,0.0,4608,4928,1
sionna,PDSCH,Table 1,22,100,-5.0,1.0,47112,8448,6
sionna,PDSCH,Table 1,22,100,-3.2142857142857144,1.0,47112,8448,6
sionna,PDSCH,Table 1,22,100,-1.4285714285714284,1.0,47112,8448,6
sionna,PDSCH,Table 1,22,100,0.35714285714285765,1.0,47112,8448,6
sionna,PDSCH,Table 1,22,100,2.1428571428571432,1.0,47112,8448,6
sionna,PDSCH,Table 1,22,100,3.928571428571429,1.0,47112,8448,6
sionna,PDSCH,Table 1,22,100,5.714285714285715,1.0,47112,8448,6
sionna,PDSCH,Table 1,22,100,7.5,1.0,47112,8448,6
sionna,PDSCH,Table 1,22,100,9.285714285714286,1.0,47112,8448,6
sionna,PDSCH,Table 1,22,100,11.071428571428573,1.0,47112,8448,6
sionna,PDSCH,Table 1,22,100,12.857142857142858,0.9999999999620295,47112,8448,6
sionna,PDSCH,Table 1,22,100,14.642857142857142,0.001998334052504158,47112,8448,6
sionna,PDSCH,Table 1,22,100,16.42857142857143,0.0,47112,8448,6
sionna,PDSCH,Table 1,22,100,18.214285714285715,0.0,47112,8448,6
sionna,PDSCH,Table 1,22,100,20.0,0.0,47112,8448,6
sionna,PDSCH,Table 1,22,200,-5.0,1.0,94248,8448,12
sionna,PDSCH,Table 1,22,200,-3.2142857142857144,1.0,94248,8448,12
sionna,PDSCH,Table 1,22,200,-1.4285714285714284,1.0,94248,8448,12
sionna,PDSCH,Table 1,22,200,0.35714285714285765,1.0,94248,8448,12
sionna,PDSCH,Table 1,22,200,2.1428571428571432,1.0,94248,8448,12
sionna,PDSCH,Table 1,22,200,3.928571428571429,1.0,94248,8448,12
sionna,PDSCH,Table 1,22,200,5.714285714285715,1.0,94248,8448,12
sionna,PDSCH,Table 1,22,200,7.5,1.0,94248,8448,12
sionna,PDSCH,Table 1,22,200,9.285714285714286,1.0,94248,8448,12
sionna,PDSCH,Table 1,22,200,11.071428571428573,1.0,94248,8448,12
sionna,PDSCH,Table 1,22,200,12.857142857142858,1.0,94248,8448,12
sionna,PDSCH,Table 1,22,200,14.642857142857142,0.003992674766022941,94248,8448,12
sionna,PDSCH,Table 1,22,200,16.42857142857143,0.0,94248,8448,12
sionna,PDSCH,Table 1,22,200,18.214285714285715,0.0,94248,8448,12
sionna,PDSCH,Table 1,22,200,20.0,0.0,94248,8448,12
sionna,PDSCH,Table 1,23,10,-5.0,1.0,4992,5280,1
sionna,PDSCH,Table 1,23,10,-3.2142857142857144,1.0,4992,5280,1
sionna,PDSCH,Table 1,23,10,-1.4285714285714284,1.0,4992,5280,1
sionna,PDSCH,Table 1,23,10,0.35714285714285765,1.0,4992,5280,1
sionna,PDSCH,Table 1,23,10,2.1428571428571432,1.0,4992,5280,1
sionna,PDSCH,Table 1,23,10,3.928571428571429,1.0,4992,5280,1
sionna,PDSCH,Table 1,23,10,5.714285714285715,1.0,4992,5280,1
sionna,PDSCH,Table 1,23,10,7.5,1.0,4992,5280,1
sionna,PDSCH,Table 1,23,10,9.285714285714286,1.0,4992,5280,1
sionna,PDSCH,Table 1,23,10,11.071428571428573,1.0,4992,5280,1
sionna,PDSCH,Table 1,23,10,12.857142857142858,1.0,4992,5280,1
sionna,PDSCH,Table 1,23,10,14.642857142857142,0.05766666680574417,4992,5280,1
sionna,PDSCH,Table 1,23,10,16.42857142857143,0.0,4992,5280,1
sionna,PDSCH,Table 1,23,10,18.214285714285715,0.0,4992,5280,1
sionna,PDSCH,Table 1,23,10,20.0,0.0,4992,5280,1
sionna,PDSCH,Table 1,23,100,-5.0,1.0,50184,8448,6
sionna,PDSCH,Table 1,23,100,-3.2142857142857144,1.0,50184,8448,6
sionna,PDSCH,Table 1,23,100,-1.4285714285714284,1.0,50184,8448,6
sionna,PDSCH,Table 1,23,100,0.35714285714285765,1.0,50184,8448,6
sionna,PDSCH,Table 1,23,100,2.1428571428571432,1.0,50184,8448,6
sionna,PDSCH,Table 1,23,100,3.928571428571429,1.0,50184,8448,6
sionna,PDSCH,Table 1,23,100,5.714285714285715,1.0,50184,8448,6
sionna,PDSCH,Table 1,23,100,7.5,1.0,50184,8448,6
sionna,PDSCH,Table 1,23,100,9.285714285714286,1.0,50184,8448,6
sionna,PDSCH,Table 1,23,100,11.071428571428573,1.0,50184,8448,6
sionna,PDSCH,Table 1,23,100,12.857142857142858,1.0,50184,8448,6
sionna,PDSCH,Table 1,23,100,14.642857142857142,0.2997915906622636,50184,8448,6
sionna,PDSCH,Table 1,23,100,16.42857142857143,0.0,50184,8448,6
sionna,PDSCH,Table 1,23,100,18.214285714285715,0.0,50184,8448,6
sionna,PDSCH,Table 1,23,100,20.0,0.0,50184,8448,6
sionna,PDSCH,Table 1,23,200,-5.0,1.0,100392,8448,12
sionna,PDSCH,Table 1,23,200,-3.2142857142857144,1.0,100392,8448,12
sionna,PDSCH,Table 1,23,200,-1.4285714285714284,1.0,100392,8448,12
sionna,PDSCH,Table 1,23,200,0.35714285714285765,1.0,100392,8448,12
sionna,PDSCH,Table 1,23,200,2.1428571428571432,1.0,100392,8448,12
sionna,PDSCH,Table 1,23,200,3.928571428571429,1.0,100392,8448,12
sionna,PDSCH,Table 1,23,200,5.714285714285715,1.0,100392,8448,12
sionna,PDSCH,Table 1,23,200,7.5,1.0,100392,8448,12
sionna,PDSCH,Table 1,23,200,9.285714285714286,1.0,100392,8448,12
sionna,PDSCH,Table 1,23,200,11.071428571428573,1.0,100392,8448,12
sionna,PDSCH,Table 1,23,200,12.857142857142858,1.0,100392,8448,12
sionna,PDSCH,Table 1,23,200,14.642857142857142,0.509708183492717,100392,8448,12
sionna,PDSCH,Table 1,23,200,16.42857142857143,0.0,100392,8448,12
sionna,PDSCH,Table 1,23,200,18.214285714285715,0.0,100392,8448,12
sionna,PDSCH,Table 1,23,200,20.0,0.0,100392,8448,12
sionna,PDSCH,Table 1,24,10,-5.0,1.0,5376,5632,1
sionna,PDSCH,Table 1,24,10,-3.2142857142857144,1.0,5376,5632,1
sionna,PDSCH,Table 1,24,10,-1.4285714285714284,1.0,5376,5632,1
sionna,PDSCH,Table 1,24,10,0.35714285714285765,1.0,5376,5632,1
sionna,PDSCH,Table 1,24,10,2.1428571428571432,1.0,5376,5632,1
sionna,PDSCH,Table 1,24,10,3.928571428571429,1.0,5376,5632,1
sionna,PDSCH,Table 1,24,10,5.714285714285715,1.0,5376,5632,1
sionna,PDSCH,Table 1,24,10,7.5,1.0,5376,5632,1
sionna,PDSCH,Table 1,24,10,9.285714285714286,1.0,5376,5632,1
sionna,PDSCH,Table 1,24,10,11.071428571428573,1.0,5376,5632,1
sionna,PDSCH,Table 1,24,10,12.857142857142858,1.0,5376,5632,1
sionna,PDSCH,Table 1,24,10,14.642857142857142,0.9866666793823242,5376,5632,1
sionna,PDSCH,Table 1,24,10,16.42857142857143,0.0,5376,5632,1
sionna,PDSCH,Table 1,24,10,18.214285714285715,0.0,5376,5632,1
sionna,PDSCH,Table 1,24,10,20.0,0.0,5376,5632,1
sionna,PDSCH,Table 1,24,100,-5.0,1.0,54296,8448,7
sionna,PDSCH,Table 1,24,100,-3.2142857142857144,1.0,54296,8448,7
sionna,PDSCH,Table 1,24,100,-1.4285714285714284,1.0,54296,8448,7
sionna,PDSCH,Table 1,24,100,0.35714285714285765,1.0,54296,8448,7
sionna,PDSCH,Table 1,24,100,2.1428571428571432,1.0,54296,8448,7
sionna,PDSCH,Table 1,24,100,3.928571428571429,1.0,54296,8448,7
sionna,PDSCH,Table 1,24,100,5.714285714285715,1.0,54296,8448,7
sionna,PDSCH,Table 1,24,100,7.5,1.0,54296,8448,7
sionna,PDSCH,Table 1,24,100,9.285714285714286,1.0,54296,8448,7
sionna,PDSCH,Table 1,24,100,11.071428571428573,1.0,54296,8448,7
sionna,PDSCH,Table 1,24,100,12.857142857142858,1.0,54296,8448,7
sionna,PDSCH,Table 1,24,100,14.642857142857142,0.9999999999999251,54296,8448,7
sionna,PDSCH,Table 1,24,100,16.42857142857143,0.0,54296,8448,7
sionna,PDSCH,Table 1,24,100,18.214285714285715,0.0,54296,8448,7
sionna,PDSCH,Table 1,24,100,20.0,0.0,54296,8448,7
sionna,PDSCH,Table 1,24,200,-5.0,1.0,108552,8448,13
sionna,PDSCH,Table 1,24,200,-3.2142857142857144,1.0,108552,8448,13
sionna,PDSCH,Table 1,24,200,-1.4285714285714284,1.0,108552,8448,13
sionna,PDSCH,Table 1,24,200,0.35714285714285765,1.0,108552,8448,13
sionna,PDSCH,Table 1,24,200,2.1428571428571432,1.0,108552,8448,13
sionna,PDSCH,Table 1,24,200,3.928571428571429,1.0,108552,8448,13
sionna,PDSCH,Table 1,24,200,5.714285714285715,1.0,108552,8448,13
sionna,PDSCH,Table 1,24,200,7.5,1.0,108552,8448,13
sionna,PDSCH,Table 1,24,200,9.285714285714286,1.0,108552,8448,13
sionna,PDSCH,Table 1,24,200,11.071428571428573,1.0,108552,8448,13
sionna,PDSCH,Table 1,24,200,12.857142857142858,1.0,108552,8448,13
sionna,PDSCH,Table 1,24,200,14.642857142857142,1.0,108552,8448,13
sionna,PDSCH,Table 1,24,200,16.42857142857143,0.0,108552,8448,13
sionna,PDSCH,Table 1,24,200,18.214285714285715,0.0,108552,8448,13
sionna,PDSCH,Table 1,24,200,20.0,0.0,108552,8448,13
sionna,PDSCH,Table 1,25,10,-5.0,1.0,5760,6336,1
sionna,PDSCH,Table 1,25,10,-3.2142857142857144,1.0,5760,6336,1
sionna,PDSCH,Table 1,25,10,-1.4285714285714284,1.0,5760,6336,1
sionna,PDSCH,Table 1,25,10,0.35714285714285765,1.0,5760,6336,1
sionna,PDSCH,Table 1,25,10,2.1428571428571432,1.0,5760,6336,1
sionna,PDSCH,Table 1,25,10,3.928571428571429,1.0,5760,6336,1
sionna,PDSCH,Table 1,25,10,5.714285714285715,1.0,5760,6336,1
sionna,PDSCH,Table 1,25,10,7.5,1.0,5760,6336,1
sionna,PDSCH,Table 1,25,10,9.285714285714286,1.0,5760,6336,1
sionna,PDSCH,Table 1,25,10,11.071428571428573,1.0,5760,6336,1
sionna,PDSCH,Table 1,25,10,12.857142857142858,1.0,5760,6336,1
sionna,PDSCH,Table 1,25,10,14.642857142857142,1.0,5760,6336,1
sionna,PDSCH,Table 1,25,10,16.42857142857143,0.14766666293144226,5760,6336,1
sionna,PDSCH,Table 1,25,10,18.214285714285715,0.0,5760,6336,1
sionna,PDSCH,Table 1,25,10,20.0,0.0,5760,6336,1
sionna,PDSCH,Table 1,25,100,-5.0,1.0,57376,8448,7
sionna,PDSCH,Table 1,25,100,-3.2142857142857144,1.0,57376,8448,7
sionna,PDSCH,Table 1,25,100,-1.4285714285714284,1.0,57376,8448,7
sionna,PDSCH,Table 1,25,100,0.35714285714285765,1.0,57376,8448,7
sionna,PDSCH,Table 1,25,100,2.1428571428571432,1.0,57376,8448,7
sionna,PDSCH,Table 1,25,100,3.928571428571429,1.0,57376,8448,7
sionna,PDSCH,Table 1,25,100,5.714285714285715,1.0,57376,8448,7
sionna,PDSCH,Table 1,25,100,7.5,1.0,57376,8448,7
sionna,PDSCH,Table 1,25,100,9.285714285714286,1.0,57376,8448,7
sionna,PDSCH,Table 1,25,100,11.071428571428573,1.0,57376,8448,7
sionna,PDSCH,Table 1,25,100,12.857142857142858,1.0,57376,8448,7
sionna,PDSCH,Table 1,25,100,14.642857142857142,1.0,57376,8448,7
sionna,PDSCH,Table 1,25,100,16.42857142857143,0.6732118298938095,57376,8448,7
sionna,PDSCH,Table 1,25,100,18.214285714285715,0.0,57376,8448,7
sionna,PDSCH,Table 1,25,100,20.0,0.0,57376,8448,7
sionna,PDSCH,Table 1,25,200,-5.0,1.0,114776,8448,14
sionna,PDSCH,Table 1,25,200,-3.2142857142857144,1.0,114776,8448,14
sionna,PDSCH,Table 1,25,200,-1.4285714285714284,1.0,114776,8448,14
sionna,PDSCH,Table 1,25,200,0.35714285714285765,1.0,114776,8448,14
sionna,PDSCH,Table 1,25,200,2.1428571428571432,1.0,114776,8448,14
sionna,PDSCH,Table 1,25,200,3.928571428571429,1.0,114776,8448,14
sionna,PDSCH,Table 1,25,200,5.714285714285715,1.0,114776,8448,14
sionna,PDSCH,Table 1,25,200,7.5,1.0,114776,8448,14
sionna,PDSCH,Table 1,25,200,9.285714285714286,1.0,114776,8448,14
sionna,PDSCH,Table 1,25,200,11.071428571428573,1.0,114776,8448,14
sionna,PDSCH,Table 1,25,200,12.857142857142858,1.0,114776,8448,14
sionna,PDSCH,Table 1,25,200,14.642857142857142,1.0,114776,8448,14
sionna,PDSCH,Table 1,25,200,16.42857142857143,0.8932094918786475,114776,8448,14
sionna,PDSCH,Table 1,25,200,18.214285714285715,0.0,114776,8448,14
sionna,PDSCH,Table 1,25,200,20.0,0.0,114776,8448,14
sionna,PDSCH,Table 1,26,10,-5.0,1.0,6144,6336,1
sionna,PDSCH,Table 1,26,10,-3.2142857142857144,1.0,6144,6336,1
sionna,PDSCH,Table 1,26,10,-1.4285714285714284,1.0,6144,6336,1
sionna,PDSCH,Table 1,26,10,0.35714285714285765,1.0,6144,6336,1
sionna,PDSCH,Table 1,26,10,2.1428571428571432,1.0,6144,6336,1
sionna,PDSCH,Table 1,26,10,3.928571428571429,1.0,6144,6336,1
sionna,PDSCH,Table 1,26,10,5.714285714285715,1.0,6144,6336,1
sionna,PDSCH,Table 1,26,10,7.5,1.0,6144,6336,1
sionna,PDSCH,Table 1,26,10,9.285714285714286,1.0,6144,6336,1
sionna,PDSCH,Table 1,26,10,11.071428571428573,1.0,6144,6336,1
sionna,PDSCH,Table 1,26,10,12.857142857142858,1.0,6144,6336,1
sionna,PDSCH,Table 1,26,10,14.642857142857142,1.0,6144,6336,1
sionna,PDSCH,Table 1,26,10,16.42857142857143,0.9983333349227905,6144,6336,1
sionna,PDSCH,Table 1,26,10,18.214285714285715,0.0010000000474974513,6144,6336,1
sionna,PDSCH,Table 1,26,10,20.0,0.0,6144,6336,1
sionna,PDSCH,Table 1,26,100,-5.0,1.0,61480,7744,8
sionna,PDSCH,Table 1,26,100,-3.2142857142857144,1.0,61480,7744,8
sionna,PDSCH,Table 1,26,100,-1.4285714285714284,1.0,61480,7744,8
sionna,PDSCH,Table 1,26,100,0.35714285714285765,1.0,61480,7744,8
sionna,PDSCH,Table 1,26,100,2.1428571428571432,1.0,61480,7744,8
sionna,PDSCH,Table 1,26,100,3.928571428571429,1.0,61480,7744,8
sionna,PDSCH,Table 1,26,100,5.714285714285715,1.0,61480,7744,8
sionna,PDSCH,Table 1,26,100,7.5,1.0,61480,7744,8
sionna,PDSCH,Table 1,26,100,9.285714285714286,1.0,61480,7744,8
sionna,PDSCH,Table 1,26,100,11.071428571428573,1.0,61480,7744,8
sionna,PDSCH,Table 1,26,100,12.857142857142858,1.0,61480,7744,8
sionna,PDSCH,Table 1,26,100,14.642857142857142,1.0,61480,7744,8
sionna,PDSCH,Table 1,26,100,16.42857142857143,1.0,61480,7744,8
sionna,PDSCH,Table 1,26,100,18.214285714285715,0.007972056307383735,61480,7744,8
sionna,PDSCH,Table 1,26,100,20.0,0.0,61480,7744,8
sionna,PDSCH,Table 1,26,200,-5.0,1.0,122976,8448,15
sionna,PDSCH,Table 1,26,200,-3.2142857142857144,1.0,122976,8448,15
sionna,PDSCH,Table 1,26,200,-1.4285714285714284,1.0,122976,8448,15
sionna,PDSCH,Table 1,26,200,0.35714285714285765,1.0,122976,8448,15
sionna,PDSCH,Table 1,26,200,2.1428571428571432,1.0,122976,8448,15
sionna,PDSCH,Table 1,26,200,3.928571428571429,1.0,122976,8448,15
sionna,PDSCH,Table 1,26,200,5.714285714285715,1.0,122976,8448,15
sionna,PDSCH,Table 1,26,200,7.5,1.0,122976,8448,15
sionna,PDSCH,Table 1,26,200,9.285714285714286,1.0,122976,8448,15
sionna,PDSCH,Table 1,26,200,11.071428571428573,1.0,122976,8448,15
sionna,PDSCH,Table 1,26,200,12.857142857142858,1.0,122976,8448,15
sionna,PDSCH,Table 1,26,200,14.642857142857142,1.0,122976,8448,15
sionna,PDSCH,Table 1,26,200,16.42857142857143,1.0,122976,8448,15
sionna,PDSCH,Table 1,26,200,18.214285714285715,0.01489545434054984,122976,8448,15
sionna,PDSCH,Table 1,26,200,20.0,0.0,122976,8448,15
sionna,PDSCH,Table 1,27,10,-5.0,1.0,6400,7040,1
sionna,PDSCH,Table 1,27,10,-3.2142857142857144,1.0,6400,7040,1
sionna,PDSCH,Table 1,27,10,-1.4285714285714284,1.0,6400,7040,1
sionna,PDSCH,Table 1,27,10,0.35714285714285765,1.0,6400,7040,1
sionna,PDSCH,Table 1,27,10,2.1428571428571432,1.0,6400,7040,1
sionna,PDSCH,Table 1,27,10,3.928571428571429,1.0,6400,7040,1
sionna,PDSCH,Table 1,27,10,5.714285714285715,1.0,6400,7040,1
sionna,PDSCH,Table 1,27,10,7.5,1.0,6400,7040,1
sionna,PDSCH,Table 1,27,10,9.285714285714286,1.0,6400,7040,1
sionna,PDSCH,Table 1,27,10,11.071428571428573,1.0,6400,7040,1
sionna,PDSCH,Table 1,27,10,12.857142857142858,1.0,6400,7040,1
sionna,PDSCH,Table 1,27,10,14.642857142857142,1.0,6400,7040,1
sionna,PDSCH,Table 1,27,10,16.42857142857143,1.0,6400,7040,1
sionna,PDSCH,Table 1,27,10,18.214285714285715,0.25699999928474426,6400,7040,1
sionna,PDSCH,Table 1,27,10,20.0,0.0,6400,7040,1
sionna,PDSCH,Table 1,27,100,-5.0,1.0,63528,8448,8
sionna,PDSCH,Table 1,27,100,-3.2142857142857144,1.0,63528,8448,8
sionna,PDSCH,Table 1,27,100,-1.4285714285714284,1.0,63528,8448,8
sionna,PDSCH,Table 1,27,100,0.35714285714285765,1.0,63528,8448,8
sionna,PDSCH,Table 1,27,100,2.1428571428571432,1.0,63528,8448,8
sionna,PDSCH,Table 1,27,100,3.928571428571429,1.0,63528,8448,8
sionna,PDSCH,Table 1,27,100,5.714285714285715,1.0,63528,8448,8
sionna,PDSCH,Table 1,27,100,7.5,1.0,63528,8448,8
sionna,PDSCH,Table 1,27,100,9.285714285714286,1.0,63528,8448,8
sionna,PDSCH,Table 1,27,100,11.071428571428573,1.0,63528,8448,8
sionna,PDSCH,Table 1,27,100,12.857142857142858,1.0,63528,8448,8
sionna,PDSCH,Table 1,27,100,14.642857142857142,1.0,63528,8448,8
sionna,PDSCH,Table 1,27,100,16.42857142857143,1.0,63528,8448,8
sionna,PDSCH,Table 1,27,100,18.214285714285715,0.9071225007437315,63528,8448,8
sionna,PDSCH,Table 1,27,100,20.0,0.0,63528,8448,8
sionna,PDSCH,Table 1,27,200,-5.0,1.0,127080,8448,16
sionna,PDSCH,Table 1,27,200,-3.2142857142857144,1.0,127080,8448,16
sionna,PDSCH,Table 1,27,200,-1.4285714285714284,1.0,127080,8448,16
sionna,PDSCH,Table 1,27,200,0.35714285714285765,1.0,127080,8448,16
sionna,PDSCH,Table 1,27,200,2.1428571428571432,1.0,127080,8448,16
sionna,PDSCH,Table 1,27,200,3.928571428571429,1.0,127080,8448,16
sionna,PDSCH,Table 1,27,200,5.714285714285715,1.0,127080,8448,16
sionna,PDSCH,Table 1,27,200,7.5,1.0,127080,8448,16
sionna,PDSCH,Table 1,27,200,9.285714285714286,1.0,127080,8448,16
sionna,PDSCH,Table 1,27,200,11.071428571428573,1.0,127080,8448,16
sionna,PDSCH,Table 1,27,200,12.857142857142858,1.0,127080,8448,16
sionna,PDSCH,Table 1,27,200,14.642857142857142,1.0,127080,8448,16
sionna,PDSCH,Table 1,27,200,16.42857142857143,1.0,127080,8448,16
sionna,PDSCH,Table 1,27,200,18.214285714285715,0.9913737701319019,127080,8448,16
sionna,PDSCH,Table 1,27,200,20.0,0.0,127080,8448,16
sionna,PDSCH,Table 1,28,10,-5.0,1.0,6656,7040,1
sionna,PDSCH,Table 1,28,10,-3.2142857142857144,1.0,6656,7040,1
sionna,PDSCH,Table 1,28,10,-1.4285714285714284,1.0,6656,7040,1
sionna,PDSCH,Table 1,28,10,0.35714285714285765,1.0,6656,7040,1
sionna,PDSCH,Table 1,28,10,2.1428571428571432,1.0,6656,7040,1
sionna,PDSCH,Table 1,28,10,3.928571428571429,1.0,6656,7040,1
sionna,PDSCH,Table 1,28,10,5.714285714285715,1.0,6656,7040,1
sionna,PDSCH,Table 1,28,10,7.5,1.0,6656,7040,1
sionna,PDSCH,Table 1,28,10,9.285714285714286,1.0,6656,7040,1
sionna,PDSCH,Table 1,28,10,11.071428571428573,1.0,6656,7040,1
sionna,PDSCH,Table 1,28,10,12.857142857142858,1.0,6656,7040,1
sionna,PDSCH,Table 1,28,10,14.642857142857142,1.0,6656,7040,1
sionna,PDSCH,Table 1,28,10,16.42857142857143,1.0,6656,7040,1
sionna,PDSCH,Table 1,28,10,18.214285714285715,1.0,6656,7040,1
sionna,PDSCH,Table 1,28,10,20.0,0.004333333112299442,6656,7040,1
sionna,PDSCH,Table 1,28,100,-5.0,1.0,67584,7744,9
sionna,PDSCH,Table 1,28,100,-3.2142857142857144,1.0,67584,7744,9
sionna,PDSCH,Table 1,28,100,-1.4285714285714284,1.0,67584,7744,9
sionna,PDSCH,Table 1,28,100,0.35714285714285765,1.0,67584,7744,9
sionna,PDSCH,Table 1,28,100,2.1428571428571432,1.0,67584,7744,9
sionna,PDSCH,Table 1,28,100,3.928571428571429,1.0,67584,7744,9
sionna,PDSCH,Table 1,28,100,5.714285714285715,1.0,67584,7744,9
sionna,PDSCH,Table 1,28,100,7.5,1.0,67584,7744,9
sionna,PDSCH,Table 1,28,100,9.285714285714286,1.0,67584,7744,9
sionna,PDSCH,Table 1,28,100,11.071428571428573,1.0,67584,7744,9
sionna,PDSCH,Table 1,28,100,12.857142857142858,1.0,67584,7744,9
sionna,PDSCH,Table 1,28,100,14.642857142857142,1.0,67584,7744,9
sionna,PDSCH,Table 1,28,100,16.42857142857143,1.0,67584,7744,9
sionna,PDSCH,Table 1,28,100,18.214285714285715,1.0,67584,7744,9
sionna,PDSCH,Table 1,28,100,20.0,0.038330788953476636,67584,7744,9
sionna,PDSCH,Table 1,28,200,-5.0,1.0,135296,8448,17
sionna,PDSCH,Table 1,28,200,-3.2142857142857144,1.0,135296,8448,17
sionna,PDSCH,Table 1,28,200,-1.4285714285714284,1.0,135296,8448,17
sionna,PDSCH,Table 1,28,200,0.35714285714285765,1.0,135296,8448,17
sionna,PDSCH,Table 1,28,200,2.1428571428571432,1.0,135296,8448,17
sionna,PDSCH,Table 1,28,200,3.928571428571429,1.0,135296,8448,17
sionna,PDSCH,Table 1,28,200,5.714285714285715,1.0,135296,8448,17
sionna,PDSCH,Table 1,28,200,7.5,1.0,135296,8448,17
sionna,PDSCH,Table 1,28,200,9.285714285714286,1.0,135296,8448,17
sionna,PDSCH,Table 1,28,200,11.071428571428573,1.0,135296,8448,17
sionna,PDSCH,Table 1,28,200,12.857142857142858,1.0,135296,8448,17
sionna,PDSCH,Table 1,28,200,14.642857142857142,1.0,135296,8448,17
sionna,PDSCH,Table 1,28,200,16.42857142857143,1.0,135296,8448,17
sionna,PDSCH,Table 1,28,200,18.214285714285715,1.0,135296,8448,17
sionna,PDSCH,Table 1,28,200,20.0,0.07116738740923423,135296,8448,17
sionna,PDSCH,Table 2,2,10,-5.0,1.0,736,800,1
sionna,PDSCH,Table 2,2,10,-3.4210526315789473,1.0,736,800,1
sionna,PDSCH,Table 2,2,10,-1.8421052631578947,0.37397803068161006,736,800,1
sionna,PDSCH,Table 2,2,10,-0.2631578947368425,0.0,736,800,1
sionna,PDSCH,Table 2,2,10,1.3157894736842106,0.0,736,800,1
sionna,PDSCH,Table 2,2,10,2.8947368421052637,0.0,736,800,1
sionna,PDSCH,Table 2,2,10,4.473684210526315,0.0,736,800,1
sionna,PDSCH,Table 2,2,10,6.052631578947368,0.0,736,800,1
sionna,PDSCH,Table 2,2,10,7.631578947368421,0.0,736,800,1
sionna,PDSCH,Table 2,2,10,9.210526315789474,0.0,736,800,1
sionna,PDSCH,Table 2,2,10,10.789473684210527,0.0,736,800,1
sionna,PDSCH,Table 2,2,10,12.368421052631579,0.0,736,800,1
sionna,PDSCH,Table 2,2,10,13.94736842105263,0.0,736,800,1
sionna,PDSCH,Table 2,2,10,15.526315789473685,0.0,736,800,1
sionna,PDSCH,Table 2,2,10,17.105263157894736,0.0,736,800,1
sionna,PDSCH,Table 2,2,10,18.68421052631579,0.0,736,800,1
sionna,PDSCH,Table 2,2,10,20.263157894736842,0.0,736,800,1
sionna,PDSCH,Table 2,2,10,21.842105263157894,0.0,736,800,1
sionna,PDSCH,Table 2,2,10,23.42105263157895,0.0,736,800,1
sionna,PDSCH,Table 2,2,10,25.0,0.0,736,800,1
sionna,PDSCH,Table 2,2,100,-5.0,1.0,7168,7744,1
sionna,PDSCH,Table 2,2,100,-3.4210526315789473,1.0,7168,7744,1
sionna,PDSCH,Table 2,2,100,-1.8421052631578947,0.38999998569488525,7168,7744,1
sionna,PDSCH,Table 2,2,100,-0.2631578947368425,0.0,7168,7744,1
sionna,PDSCH,Table 2,2,100,1.3157894736842106,0.0,7168,7744,1
sionna,PDSCH,Table 2,2,100,2.8947368421052637,0.0,7168,7744,1
sionna,PDSCH,Table 2,2,100,4.473684210526315,0.0,7168,7744,1
sionna,PDSCH,Table 2,2,100,6.052631578947368,0.0,7168,7744,1
sionna,PDSCH,Table 2,2,100,7.631578947368421,0.0,7168,7744,1
sionna,PDSCH,Table 2,2,100,9.210526315789474,0.0,7168,7744,1
sionna,PDSCH,Table 2,2,100,10.789473684210527,0.0,7168,7744,1
sionna,PDSCH,Table 2,2,100,12.368421052631579,0.0,7168,7744,1
sionna,PDSCH,Table 2,2,100,13.94736842105263,0.0,7168,7744,1
sionna,PDSCH,Table 2,2,100,15.526315789473685,0.0,7168,7744,1
sionna,PDSCH,Table 2,2,100,17.105263157894736,0.0,7168,7744,1
sionna,PDSCH,Table 2,2,100,18.68421052631579,0.0,7168,7744,1
sionna,PDSCH,Table 2,2,100,20.263157894736842,0.0,7168,7744,1
sionna,PDSCH,Table 2,2,100,21.842105263157894,0.0,7168,7744,1
sionna,PDSCH,Table 2,2,100,23.42105263157895,0.0,7168,7744,1
sionna,PDSCH,Table 2,2,100,25.0,0.0,7168,7744,1
sionna,PDSCH,Table 2,2,200,-5.0,1.0,14344,7744,2
sionna,PDSCH,Table 2,2,200,-3.4210526315789473,1.0,14344,7744,2
sionna,PDSCH,Table 2,2,200,-1.8421052631578947,0.6278999825477598,14344,7744,2
sionna,PDSCH,Table 2,2,200,-0.2631578947368425,0.0,14344,7744,2
sionna,PDSCH,Table 2,2,200,1.3157894736842106,0.0,14344,7744,2
sionna,PDSCH,Table 2,2,200,2.8947368421052637,0.0,14344,7744,2
sionna,PDSCH,Table 2,2,200,4.473684210526315,0.0,14344,7744,2
sionna,PDSCH,Table 2,2,200,6.052631578947368,0.0,14344,7744,2
sionna,PDSCH,Table 2,2,200,7.631578947368421,0.0,14344,7744,2
sionna,PDSCH,Table 2,2,200,9.210526315789474,0.0,14344,7744,2
sionna,PDSCH,Table 2,2,200,10.789473684210527,0.0,14344,7744,2
sionna,PDSCH,Table 2,2,200,12.368421052631579,0.0,14344,7744,2
sionna,PDSCH,Table 2,2,200,13.94736842105263,0.0,14344,7744,2
sionna,PDSCH,Table 2,2,200,15.526315789473685,0.0,14344,7744,2
sionna,PDSCH,Table 2,2,200,17.105263157894736,0.0,14344,7744,2
sionna,PDSCH,Table 2,2,200,18.68421052631579,0.0,14344,7744,2
sionna,PDSCH,Table 2,2,200,20.263157894736842,0.0,14344,7744,2
sionna,PDSCH,Table 2,2,200,21.842105263157894,0.0,14344,7744,2
sionna,PDSCH,Table 2,2,200,23.42105263157895,0.0,14344,7744,2
sionna,PDSCH,Table 2,2,200,25.0,0.0,14344,7744,2
sionna,PDSCH,Table 2,3,10,-5.0,1.0,1064,1120,1
sionna,PDSCH,Table 2,3,10,-3.4210526315789473,1.0,1064,1120,1
sionna,PDSCH,Table 2,3,10,-1.8421052631578947,1.0,1064,1120,1
sionna,PDSCH,Table 2,3,10,-0.2631578947368425,0.9645999813079834,1064,1120,1
sionna,PDSCH,Table 2,3,10,1.3157894736842106,0.0,1064,1120,1
sionna,PDSCH,Table 2,3,10,2.8947368421052637,0.0,1064,1120,1
sionna,PDSCH,Table 2,3,10,4.473684210526315,0.0,1064,1120,1
sionna,PDSCH,Table 2,3,10,6.052631578947368,0.0,1064,1120,1
sionna,PDSCH,Table 2,3,10,7.631578947368421,0.0,1064,1120,1
sionna,PDSCH,Table 2,3,10,9.210526315789474,0.0,1064,1120,1
sionna,PDSCH,Table 2,3,10,10.789473684210527,0.0,1064,1120,1
sionna,PDSCH,Table 2,3,10,12.368421052631579,0.0,1064,1120,1
sionna,PDSCH,Table 2,3,10,13.94736842105263,0.0,1064,1120,1
sionna,PDSCH,Table 2,3,10,15.526315789473685,0.0,1064,1120,1
sionna,PDSCH,Table 2,3,10,17.105263157894736,0.0,1064,1120,1
sionna,PDSCH,Table 2,3,10,18.68421052631579,0.0,1064,1120,1
sionna,PDSCH,Table 2,3,10,20.263157894736842,0.0,1064,1120,1
sionna,PDSCH,Table 2,3,10,21.842105263157894,0.0,1064,1120,1
sionna,PDSCH,Table 2,3,10,23.42105263157895,0.0,1064,1120,1
sionna,PDSCH,Table 2,3,10,25.0,0.0,1064,1120,1
sionna,PDSCH,Table 2,3,100,-5.0,1.0,10504,5632,2
sionna,PDSCH,Table 2,3,100,-3.4210526315789473,1.0,10504,5632,2
sionna,PDSCH,Table 2,3,100,-1.8421052631578947,1.0,10504,5632,2
sionna,PDSCH,Table 2,3,100,-0.2631578947368425,0.9999972222275204,10504,5632,2
sionna,PDSCH,Table 2,3,100,1.3157894736842106,0.0,10504,5632,2
sionna,PDSCH,Table 2,3,100,2.8947368421052637,0.0,10504,5632,2
sionna,PDSCH,Table 2,3,100,4.473684210526315,0.0,10504,5632,2
sionna,PDSCH,Table 2,3,100,6.052631578947368,0.0,10504,5632,2
sionna,PDSCH,Table 2,3,100,7.631578947368421,0.0,10504,5632,2
sionna,PDSCH,Table 2,3,100,9.210526315789474,0.0,10504,5632,2
sionna,PDSCH,Table 2,3,100,10.789473684210527,0.0,10504,5632,2
sionna,PDSCH,Table 2,3,100,12.368421052631579,0.0,10504,5632,2
sionna,PDSCH,Table 2,3,100,13.94736842105263,0.0,10504,5632,2
sionna,PDSCH,Table 2,3,100,15.526315789473685,0.0,10504,5632,2
sionna,PDSCH,Table 2,3,100,17.105263157894736,0.0,10504,5632,2
sionna,PDSCH,Table 2,3,100,18.68421052631579,0.0,10504,5632,2
sionna,PDSCH,Table 2,3,100,20.263157894736842,0.0,10504,5632,2
sionna,PDSCH,Table 2,3,100,21.842105263157894,0.0,10504,5632,2
sionna,PDSCH,Table 2,3,100,23.42105263157895,0.0,10504,5632,2
sionna,PDSCH,Table 2,3,100,25.0,0.0,10504,5632,2
sionna,PDSCH,Table 2,3,200,-5.0,1.0,21000,7040,3
sionna,PDSCH,Table 2,3,200,-3.4210526315789473,1.0,21000,7040,3
sionna,PDSCH,Table 2,3,200,-1.8421052631578947,1.0,21000,7040,3
sionna,PDSCH,Table 2,3,200,-0.2631578947368425,0.9999999953703836,21000,7040,3
sionna,PDSCH,Table 2,3,200,1.3157894736842106,0.0,21000,7040,3
sionna,PDSCH,Table 2,3,200,2.8947368421052637,0.0,21000,7040,3
sionna,PDSCH,Table 2,3,200,4.473684210526315,0.0,21000,7040,3
sionna,PDSCH,Table 2,3,200,6.052631578947368,0.0,21000,7040,3
sionna,PDSCH,Table 2,3,200,7.631578947368421,0.0,21000,7040,3
sionna,PDSCH,Table 2,3,200,9.210526315789474,0.0,21000,7040,3
sionna,PDSCH,Table 2,3,200,10.789473684210527,0.0,21000,7040,3
sionna,PDSCH,Table 2,3,200,12.368421052631579,0.0,21000,7040,3
sionna,PDSCH,Table 2,3,200,13.94736842105263,0.0,21000,7040,3
sionna,PDSCH,Table 2,3,200,15.526315789473685,0.0,21000,7040,3
sionna,PDSCH,Table 2,3,200,17.105263157894736,0.0,21000,7040,3
sionna,PDSCH,Table 2,3,200,18.68421052631579,0.0,21000,7040,3
sionna,PDSCH,Table 2,3,200,20.263157894736842,0.0,21000,7040,3
sionna,PDSCH,Table 2,3,200,21.842105263157894,0.0,21000,7040,3
sionna,PDSCH,Table 2,3,200,23.42105263157895,0.0,21000,7040,3
sionna,PDSCH,Table 2,3,200,25.0,0.0,21000,7040,3
sionna,PDSCH,Table 2,4,10,-5.0,1.0,1416,1440,1
sionna,PDSCH,Table 2,4,10,-3.4210526315789473,1.0,1416,1440,1
sionna,PDSCH,Table 2,4,10,-1.8421052631578947,1.0,1416,1440,1
sionna,PDSCH,Table 2,4,10,-0.2631578947368425,1.0,1416,1440,1
sionna,PDSCH,Table 2,4,10,1.3157894736842106,1.0,1416,1440,1
sionna,PDSCH,Table 2,4,10,2.8947368421052637,0.0007466666586697368,1416,1440,1
sionna,PDSCH,Table 2,4,10,4.473684210526315,0.0,1416,1440,1
sionna,PDSCH,Table 2,4,10,6.052631578947368,0.0,1416,1440,1
sionna,PDSCH,Table 2,4,10,7.631578947368421,0.0,1416,1440,1
sionna,PDSCH,Table 2,4,10,9.210526315789474,0.0,1416,1440,1
sionna,PDSCH,Table 2,4,10,10.789473684210527,0.0,1416,1440,1
sionna,PDSCH,Table 2,4,10,12.368421052631579,0.0,1416,1440,1
sionna,PDSCH,Table 2,4,10,13.94736842105263,0.0,1416,1440,1
sionna,PDSCH,Table 2,4,10,15.526315789473685,0.0,1416,1440,1
sionna,PDSCH,Table 2,4,10,17.105263157894736,0.0,1416,1440,1
sionna,PDSCH,Table 2,4,10,18.68421052631579,0.0,1416,1440,1
sionna,PDSCH,Table 2,4,10,20.263157894736842,0.0,1416,1440,1
sionna,PDSCH,Table 2,4,10,21.842105263157894,0.0,1416,1440,1
sionna,PDSCH,Table 2,4,10,23.42105263157895,0.0,1416,1440,1
sionna,PDSCH,Table 2,4,10,25.0,0.0,1416,1440,1
sionna,PDSCH,Table 2,4,100,-5.0,1.0,14088,7744,2
sionna,PDSCH,Table 2,4,100,-3.4210526315789473,1.0,14088,7744,2
sionna,PDSCH,Table 2,4,100,-1.8421052631578947,1.0,14088,7744,2
sionna,PDSCH,Table 2,4,100,-0.2631578947368425,1.0,14088,7744,2
sionna,PDSCH,Table 2,4,100,1.3157894736842106,1.0,14088,7744,2
sionna,PDSCH,Table 2,4,100,2.8947368421052637,0.0,14088,7744,2
sionna,PDSCH,Table 2,4,100,4.473684210526315,0.0,14088,7744,2
sionna,PDSCH,Table 2,4,100,6.052631578947368,0.0,14088,7744,2
sionna,PDSCH,Table 2,4,100,7.631578947368421,0.0,14088,7744,2
sionna,PDSCH,Table 2,4,100,9.210526315789474,0.0,14088,7744,2
sionna,PDSCH,Table 2,4,100,10.789473684210527,0.0,14088,7744,2
sionna,PDSCH,Table 2,4,100,12.368421052631579,0.0,14088,7744,2
sionna,PDSCH,Table 2,4,100,13.94736842105263,0.0,14088,7744,2
sionna,PDSCH,Table 2,4,100,15.526315789473685,0.0,14088,7744,2
sionna,PDSCH,Table 2,4,100,17.105263157894736,0.0,14088,7744,2
sionna,PDSCH,Table 2,4,100,18.68421052631579,0.0,14088,7744,2
sionna,PDSCH,Table 2,4,100,20.263157894736842,0.0,14088,7744,2
sionna,PDSCH,Table 2,4,100,21.842105263157894,0.0,14088,7744,2
sionna,PDSCH,Table 2,4,100,23.42105263157895,0.0,14088,7744,2
sionna,PDSCH,Table 2,4,100,25.0,0.0,14088,7744,2
sionna,PDSCH,Table 2,4,200,-5.0,1.0,28168,7744,4
sionna,PDSCH,Table 2,4,200,-3.4210526315789473,1.0,28168,7744,4
sionna,PDSCH,Table 2,4,200,-1.8421052631578947,1.0,28168,7744,4
sionna,PDSCH,Table 2,4,200,-0.2631578947368425,1.0,28168,7744,4
sionna,PDSCH,Table 2,4,200,1.3157894736842106,1.0,28168,7744,4
sionna,PDSCH,Table 2,4,200,2.8947368421052637,0.0,28168,7744,4
sionna,PDSCH,Table 2,4,200,4.473684210526315,0.0,28168,7744,4
sionna,PDSCH,Table 2,4,200,6.052631578947368,0.0,28168,7744,4
sionna,PDSCH,Table 2,4,200,7.631578947368421,0.0,28168,7744,4
sionna,PDSCH,Table 2,4,200,9.210526315789474,0.0,28168,7744,4
sionna,PDSCH,Table 2,4,200,10.789473684210527,0.0,28168,7744,4
sionna,PDSCH,Table 2,4,200,12.368421052631579,0.0,28168,7744,4
sionna,PDSCH,Table 2,4,200,13.94736842105263,0.0,28168,7744,4
sionna,PDSCH,Table 2,4,200,15.526315789473685,0.0,28168,7744,4
sionna,PDSCH,Table 2,4,200,17.105263157894736,0.0,28168,7744,4
sionna,PDSCH,Table 2,4,200,18.68421052631579,0.0,28168,7744,4
sionna,PDSCH,Table 2,4,200,20.263157894736842,0.0,28168,7744,4
sionna,PDSCH,Table 2,4,200,21.842105263157894,0.0,28168,7744,4
sionna,PDSCH,Table 2,4,200,23.42105263157895,0.0,28168,7744,4
sionna,PDSCH,Table 2,4,200,25.0,0.0,28168,7744,4
sionna,PDSCH,Table 2,5,10,-5.0,1.0,1800,1920,1
sionna,PDSCH,Table 2,5,10,-3.4210526315789473,1.0,1800,1920,1
sionna,PDSCH,Table 2,5,10,-1.8421052631578947,1.0,1800,1920,1
sionna,PDSCH,Table 2,5,10,-0.2631578947368425,1.0,1800,1920,1
sionna,PDSCH,Table 2,5,10,1.3157894736842106,1.0,1800,1920,1
sionna,PDSCH,Table 2,5,10,2.8947368421052637,1.0,1800,1920,1
sionna,PDSCH,Table 2,5,10,4.473684210526315,0.009800000451505197,1800,1920,1
sionna,PDSCH,Table 2,5,10,6.052631578947368,0.0,1800,1920,1
sionna,PDSCH,Table 2,5,10,7.631578947368421,0.0,1800,1920,1
sionna,PDSCH,Table 2,5,10,9.210526315789474,0.0,1800,1920,1
sionna,PDSCH,Table 2,5,10,10.789473684210527,0.0,1800,1920,1
sionna,PDSCH,Table 2,5,10,12.368421052631579,0.0,1800,1920,1
sionna,PDSCH,Table 2,5,10,13.94736842105263,0.0,1800,1920,1
sionna,PDSCH,Table 2,5,10,15.526315789473685,0.0,1800,1920,1
sionna,PDSCH,Table 2,5,10,17.105263157894736,0.0,1800,1920,1
sionna,PDSCH,Table 2,5,10,18.68421052631579,0.0,1800,1920,1
sionna,PDSCH,Table 2,5,10,20.263157894736842,0.0,1800,1920,1
sionna,PDSCH,Table 2,5,10,21.842105263157894,0.0,1800,1920,1
sionna,PDSCH,Table 2,5,10,23.42105263157895,0.0,1800,1920,1
sionna,PDSCH,Table 2,5,10,25.0,0.0,1800,1920,1
sionna,PDSCH,Table 2,5,100,-5.0,1.0,17928,6336,3
sionna,PDSCH,Table 2,5,100,-3.4210526315789473,1.0,17928,6336,3
sionna,PDSCH,Table 2,5,100,-1.8421052631578947,1.0,17928,6336,3
sionna,PDSCH,Table 2,5,100,-0.2631578947368425,1.0,17928,6336,3
sionna,PDSCH,Table 2,5,100,1.3157894736842106,1.0,17928,6336,3
sionna,PDSCH,Table 2,5,100,2.8947368421052637,1.0,17928,6336,3
sionna,PDSCH,Table 2,5,100,4.473684210526315,0.024792246652581618,17928,6336,3
sionna,PDSCH,Table 2,5,100,6.052631578947368,0.0,17928,6336,3
sionna,PDSCH,Table 2,5,100,7.631578947368421,0.0,17928,6336,3
sionna,PDSCH,Table 2,5,100,9.210526315789474,0.0,17928,6336,3
sionna,PDSCH,Table 2,5,100,10.789473684210527,0.0,17928,6336,3
sionna,PDSCH,Table 2,5,100,12.368421052631579,0.0,17928,6336,3
sionna,PDSCH,Table 2,5,100,13.94736842105263,0.0,17928,6336,3
sionna,PDSCH,Table 2,5,100,15.526315789473685,0.0,17928,6336,3
sionna,PDSCH,Table 2,5,100,17.105263157894736,0.0,17928,6336,3
sionna,PDSCH,Table 2,5,100,18.68421052631579,0.0,17928,6336,3
sionna,PDSCH,Table 2,5,100,20.263157894736842,0.0,17928,6336,3
sionna,PDSCH,Table 2,5,100,21.842105263157894,0.0,17928,6336,3
sionna,PDSCH,Table 2,5,100,23.42105263157895,0.0,17928,6336,3
sionna,PDSCH,Table 2,5,100,25.0,0.0,17928,6336,3
sionna,PDSCH,Table 2,5,200,-5.0,1.0,35856,7744,5
sionna,PDSCH,Table 2,5,200,-3.4210526315789473,1.0,35856,7744,5
sionna,PDSCH,Table 2,5,200,-1.8421052631578947,1.0,35856,7744,5
sionna,PDSCH,Table 2,5,200,-0.2631578947368425,1.0,35856,7744,5
sionna,PDSCH,Table 2,5,200,1.3157894736842106,1.0,35856,7744,5
sionna,PDSCH,Table 2,5,200,2.8947368421052637,1.0,35856,7744,5
sionna,PDSCH,Table 2,5,200,4.473684210526315,0.0409779872883429,35856,7744,5
sionna,PDSCH,Table 2,5,200,6.052631578947368,0.0,35856,7744,5
sionna,PDSCH,Table 2,5,200,7.631578947368421,0.0,35856,7744,5
sionna,PDSCH,Table 2,5,200,9.210526315789474,0.0,35856,7744,5
sionna,PDSCH,Table 2,5,200,10.789473684210527,0.0,35856,7744,5
sionna,PDSCH,Table 2,5,200,12.368421052631579,0.0,35856,7744,5
sionna,PDSCH,Table 2,5,200,13.94736842105263,0.0,35856,7744,5
sionna,PDSCH,Table 2,5,200,15.526315789473685,0.0,35856,7744,5
sionna,PDSCH,Table 2,5,200,17.105263157894736,0.0,35856,7744,5
sionna,PDSCH,Table 2,5,200,18.68421052631579,0.0,35856,7744,5
sionna,PDSCH,Table 2,5,200,20.263157894736842,0.0,35856,7744,5
sionna,PDSCH,Table 2,5,200,21.842105263157894,0.0,35856,7744,5
sionna,PDSCH,Table 2,5,200,23.42105263157895,0.0,35856,7744,5
sionna,PDSCH,Table 2,5,200,25.0,0.0,35856,7744,5
sionna,PDSCH,Table 2,6,10,-5.0,1.0,2088,2240,1
sionna,PDSCH,Table 2,6,10,-3.4210526315789473,1.0,2088,2240,1
sionna,PDSCH,Table 2,6,10,-1.8421052631578947,1.0,2088,2240,1
sionna,PDSCH,Table 2,6,10,-0.2631578947368425,1.0,2088,2240,1
sionna,PDSCH,Table 2,6,10,1.3157894736842106,1.0,2088,2240,1
sionna,PDSCH,Table 2,6,10,2.8947368421052637,1.0,2088,2240,1
sionna,PDSCH,Table 2,6,10,4.473684210526315,0.9633333086967468,2088,2240,1
sionna,PDSCH,Table 2,6,10,6.052631578947368,0.0,2088,2240,1
sionna,PDSCH,Table 2,6,10,7.631578947368421,0.0,2088,2240,1
sionna,PDSCH,Table 2,6,10,9.210526315789474,0.0,2088,2240,1
sionna,PDSCH,Table 2,6,10,10.789473684210527,0.0,2088,2240,1
sionna,PDSCH,Table 2,6,10,12.368421052631579,0.0,2088,2240,1
sionna,PDSCH,Table 2,6,10,13.94736842105263,0.0,2088,2240,1
sionna,PDSCH,Table 2,6,10,15.526315789473685,0.0,2088,2240,1
sionna,PDSCH,Table 2,6,10,17.105263157894736,0.0,2088,2240,1
sionna,PDSCH,Table 2,6,10,18.68421052631579,0.0,2088,2240,1
sionna,PDSCH,Table 2,6,10,20.263157894736842,0.0,2088,2240,1
sionna,PDSCH,Table 2,6,10,21.842105263157894,0.0,2088,2240,1
sionna,PDSCH,Table 2,6,10,23.42105263157895,0.0,2088,2240,1
sionna,PDSCH,Table 2,6,10,25.0,0.0,2088,2240,1
sionna,PDSCH,Table 2,6,100,-5.0,1.0,20496,7040,3
sionna,PDSCH,Table 2,6,100,-3.4210526315789473,1.0,20496,7040,3
sionna,PDSCH,Table 2,6,100,-1.8421052631578947,1.0,20496,7040,3
sionna,PDSCH,Table 2,6,100,-0.2631578947368425,1.0,20496,7040,3
sionna,PDSCH,Table 2,6,100,1.3157894736842106,1.0,20496,7040,3
sionna,PDSCH,Table 2,6,100,2.8947368421052637,1.0,20496,7040,3
sionna,PDSCH,Table 2,6,100,4.473684210526315,0.999950703604336,20496,7040,3
sionna,PDSCH,Table 2,6,100,6.052631578947368,0.0,20496,7040,3
sionna,PDSCH,Table 2,6,100,7.631578947368421,0.0,20496,7040,3
sionna,PDSCH,Table 2,6,100,9.210526315789474,0.0,20496,7040,3
sionna,PDSCH,Table 2,6,100,10.789473684210527,0.0,20496,7040,3
sionna,PDSCH,Table 2,6,100,12.368421052631579,0.0,20496,7040,3
sionna,PDSCH,Table 2,6,100,13.94736842105263,0.0,20496,7040,3
sionna,PDSCH,Table 2,6,100,15.526315789473685,0.0,20496,7040,3
sionna,PDSCH,Table 2,6,100,17.105263157894736,0.0,20496,7040,3
sionna,PDSCH,Table 2,6,100,18.68421052631579,0.0,20496,7040,3
sionna,PDSCH,Table 2,6,100,20.263157894736842,0.0,20496,7040,3
sionna,PDSCH,Table 2,6,100,21.842105263157894,0.0,20496,7040,3
sionna,PDSCH,Table 2,6,100,23.42105263157895,0.0,20496,7040,3
sionna,PDSCH,Table 2,6,100,25.0,0.0,20496,7040,3
sionna,PDSCH,Table 2,6,200,-5.0,1.0,40976,8448,5
sionna,PDSCH,Table 2,6,200,-3.4210526315789473,1.0,40976,8448,5
sionna,PDSCH,Table 2,6,200,-1.8421052631578947,1.0,40976,8448,5
sionna,PDSCH,Table 2,6,200,-0.2631578947368425,1.0,40976,8448,5
sionna,PDSCH,Table 2,6,200,1.3157894736842106,1.0,40976,8448,5
sionna,PDSCH,Table 2,6,200,2.8947368421052637,1.0,40976,8448,5
sionna,PDSCH,Table 2,6,200,4.473684210526315,0.9999999337236457,40976,8448,5
sionna,PDSCH,Table 2,6,200,6.052631578947368,0.0,40976,8448,5
sionna,PDSCH,Table 2,6,200,7.631578947368421,0.0,40976,8448,5
sionna,PDSCH,Table 2,6,200,9.210526315789474,0.0,40976,8448,5
sionna,PDSCH,Table 2,6,200,10.789473684210527,0.0,40976,8448,5
sionna,PDSCH,Table 2,6,200,12.368421052631579,0.0,40976,8448,5
sionna,PDSCH,Table 2,6,200,13.94736842105263,0.0,40976,8448,5
sionna,PDSCH,Table 2,6,200,15.526315789473685,0.0,40976,8448,5
sionna,PDSCH,Table 2,6,200,17.105263157894736,0.0,40976,8448,5
sionna,PDSCH,Table 2,6,200,18.68421052631579,0.0,40976,8448,5
sionna,PDSCH,Table 2,6,200,20.263157894736842,0.0,40976,8448,5
sionna,PDSCH,Table 2,6,200,21.842105263157894,0.0,40976,8448,5
sionna,PDSCH,Table 2,6,200,23.42105263157895,0.0,40976,8448,5
sionna,PDSCH,Table 2,6,200,25.0,0.0,40976,8448,5
sionna,PDSCH,Table 2,7,10,-5.0,1.0,2280,2400,1
sionna,PDSCH,Table 2,7,10,-3.4210526315789473,1.0,2280,2400,1
sionna,PDSCH,Table 2,7,10,-1.8421052631578947,1.0,2280,2400,1
sionna,PDSCH,Table 2,7,10,-0.2631578947368425,1.0,2280,2400,1
sionna,PDSCH,Table 2,7,10,1.3157894736842106,1.0,2280,2400,1
sionna,PDSCH,Table 2,7,10,2.8947368421052637,1.0,2280,2400,1
sionna,PDSCH,Table 2,7,10,4.473684210526315,1.0,2280,2400,1
sionna,PDSCH,Table 2,7,10,6.052631578947368,0.10000000149011612,2280,2400,1
sionna,PDSCH,Table 2,7,10,7.631578947368421,0.0,2280,2400,1
sionna,PDSCH,Table 2,7,10,9.210526315789474,0.0,2280,2400,1
sionna,PDSCH,Table 2,7,10,10.789473684210527,0.0,2280,2400,1
sionna,PDSCH,Table 2,7,10,12.368421052631579,0.0,2280,2400,1
sionna,PDSCH,Table 2,7,10,13.94736842105263,0.0,2280,2400,1
sionna,PDSCH,Table 2,7,10,15.526315789473685,0.0,2280,2400,1
sionna,PDSCH,Table 2,7,10,17.105263157894736,0.0,2280,2400,1
sionna,PDSCH,Table 2,7,10,18.68421052631579,0.0,2280,2400,1
sionna,PDSCH,Table 2,7,10,20.263157894736842,0.0,2280,2400,1
sionna,PDSCH,Table 2,7,10,21.842105263157894,0.0,2280,2400,1
sionna,PDSCH,Table 2,7,10,23.42105263157895,0.0,2280,2400,1
sionna,PDSCH,Table 2,7,10,25.0,0.0,2280,2400,1
sionna,PDSCH,Table 2,7,100,-5.0,1.0,23040,7744,3
sionna,PDSCH,Table 2,7,100,-3.4210526315789473,1.0,23040,7744,3
sionna,PDSCH,Table 2,7,100,-1.8421052631578947,1.0,23040,7744,3
sionna,PDSCH,Table 2,7,100,-0.2631578947368425,1.0,23040,7744,3
sionna,PDSCH,Table 2,7,100,1.3157894736842106,1.0,23040,7744,3
sionna,PDSCH,Table 2,7,100,2.8947368421052637,1.0,23040,7744,3
sionna,PDSCH,Table 2,7,100,4.473684210526315,1.0,23040,7744,3
sionna,PDSCH,Table 2,7,100,6.052631578947368,0.2710000036209822,23040,7744,3
sionna,PDSCH,Table 2,7,100,7.631578947368421,0.0,23040,7744,3
sionna,PDSCH,Table 2,7,100,9.210526315789474,0.0,23040,7744,3
sionna,PDSCH,Table 2,7,100,10.789473684210527,0.0,23040,7744,3
sionna,PDSCH,Table 2,7,100,12.368421052631579,0.0,23040,7744,3
sionna,PDSCH,Table 2,7,100,13.94736842105263,0.0,23040,7744,3
sionna,PDSCH,Table 2,7,100,15.526315789473685,0.0,23040,7744,3
sionna,PDSCH,Table 2,7,100,17.105263157894736,0.0,23040,7744,3
sionna,PDSCH,Table 2,7,100,18.68421052631579,0.0,23040,7744,3
sionna,PDSCH,Table 2,7,100,20.263157894736842,0.0,23040,7744,3
sionna,PDSCH,Table 2,7,100,21.842105263157894,0.0,23040,7744,3
sionna,PDSCH,Table 2,7,100,23.42105263157895,0.0,23040,7744,3
sionna,PDSCH,Table 2,7,100,25.0,0.0,23040,7744,3
sionna,PDSCH,Table 2,7,200,-5.0,1.0,46104,7744,6
sionna,PDSCH,Table 2,7,200,-3.4210526315789473,1.0,46104,7744,6
sionna,PDSCH,Table 2,7,200,-1.8421052631578947,1.0,46104,7744,6
sionna,PDSCH,Table 2,7,200,-0.2631578947368425,1.0,46104,7744,6
sionna,PDSCH,Table 2,7,200,1.3157894736842106,1.0,46104,7744,6
sionna,PDSCH,Table 2,7,200,2.8947368421052637,1.0,46104,7744,6
sionna,PDSCH,Table 2,7,200,4.473684210526315,1.0,46104,7744,6
sionna,PDSCH,Table 2,7,200,6.052631578947368,0.468559005279392,46104,7744,6
sionna,PDSCH,Table 2,7,200,7.631578947368421,0.0,46104,7744,6
sionna,PDSCH,Table 2,7,200,9.210526315789474,0.0,46104,7744,6
sionna,PDSCH,Table 2,7,200,10.789473684210527,0.0,46104,7744,6
sionna,PDSCH,Table 2,7,200,12.368421052631579,0.0,46104,7744,6
sionna,PDSCH,Table 2,7,200,13.94736842105263,0.0,46104,7744,6
sionna,PDSCH,Table 2,7,200,15.526315789473685,0.0,46104,7744,6
sionna,PDSCH,Table 2,7,200,17.105263157894736,0.0,46104,7744,6
sionna,PDSCH,Table 2,7,200,18.68421052631579,0.0,46104,7744,6
sionna,PDSCH,Table 2,7,200,20.263157894736842,0.0,46104,7744,6
sionna,PDSCH,Table 2,7,200,21.842105263157894,0.0,46104,7744,6
sionna,PDSCH,Table 2,7,200,23.42105263157895,0.0,46104,7744,6
sionna,PDSCH,Table 2,7,200,25.0,0.0,46104,7744,6
sionna,PDSCH,Table 2,8,10,-5.0,1.0,2600,2880,1
sionna,PDSCH,Table 2,8,10,-3.4210526315789473,1.0,2600,2880,1
sionna,PDSCH,Table 2,8,10,-1.8421052631578947,1.0,2600,2880,1
sionna,PDSCH,Table 2,8,10,-0.2631578947368425,1.0,2600,2880,1
sionna,PDSCH,Table 2,8,10,1.3157894736842106,1.0,2600,2880,1
sionna,PDSCH,Table 2,8,10,2.8947368421052637,1.0,2600,2880,1
sionna,PDSCH,Table 2,8,10,4.473684210526315,1.0,2600,2880,1
sionna,PDSCH,Table 2,8,10,6.052631578947368,1.0,2600,2880,1
sionna,PDSCH,Table 2,8,10,7.631578947368421,0.0,2600,2880,1
sionna,PDSCH,Table 2,8,10,9.210526315789474,0.0,2600,2880,1
sionna,PDSCH,Table 2,8,10,10.789473684210527,0.0,2600,2880,1
sionna,PDSCH,Table 2,8,10,12.368421052631579,0.0,2600,2880,1
sionna,PDSCH,Table 2,8,10,13.94736842105263,0.0,2600,2880,1
sionna,PDSCH,Table 2,8,10,15.526315789473685,0.0,2600,2880,1
sionna,PDSCH,Table 2,8,10,17.105263157894736,0.0,2600,2880,1
sionna,PDSCH,Table 2,8,10,18.68421052631579,0.0,2600,2880,1
sionna,PDSCH,Table 2,8,10,20.263157894736842,0.0,2600,2880,1
sionna,PDSCH,Table 2,8,10,21.842105263157894,0.0,2600,2880,1
sionna,PDSCH,Table 2,8,10,23.42105263157895,0.0,2600,2880,1
sionna,PDSCH,Table 2,8,10,25.0,0.0,2600,2880,1
sionna,PDSCH,Table 2,8,100,-5.0,1.0,26120,7040,4
sionna,PDSCH,Table 2,8,100,-3.4210526315789473,1.0,26120,7040,4
sionna,PDSCH,Table 2,8,100,-1.8421052631578947,1.0,26120,7040,4
sionna,PDSCH,Table 2,8,100,-0.2631578947368425,1.0,26120,7040,4
sionna,PDSCH,Table 2,8,100,1.3157894736842106,1.0,26120,7040,4
sionna,PDSCH,Table 2,8,100,2.8947368421052637,1.0,26120,7040,4
sionna,PDSCH,Table 2,8,100,4.473684210526315,1.0,26120,7040,4
sionna,PDSCH,Table 2,8,100,6.052631578947368,1.0,26120,7040,4
sionna,PDSCH,Table 2,8,100,7.631578947368421,0.0,26120,7040,4
sionna,PDSCH,Table 2,8,100,9.210526315789474,0.0,26120,7040,4
sionna,PDSCH,Table 2,8,100,10.789473684210527,0.0,26120,7040,4
sionna,PDSCH,Table 2,8,100,12.368421052631579,0.0,26120,7040,4
sionna,PDSCH,Table 2,8,100,13.94736842105263,0.0,26120,7040,4
sionna,PDSCH,Table 2,8,100,15.526315789473685,0.0,26120,7040,4
sionna,PDSCH,Table 2,8,100,17.105263157894736,0.0,26120,7040,4
sionna,PDSCH,Table 2,8,100,18.68421052631579,0.0,26120,7040,4
sionna,PDSCH,Table 2,8,100,20.263157894736842,0.0,26120,7040,4
sionna,PDSCH,Table 2,8,100,21.842105263157894,0.0,26120,7040,4
sionna,PDSCH,Table 2,8,100,23.42105263157895,0.0,26120,7040,4
sionna,PDSCH,Table 2,8,100,25.0,0.0,26120,7040,4
sionna,PDSCH,Table 2,8,200,-5.0,1.0,52224,7744,7
sionna,PDSCH,Table 2,8,200,-3.4210526315789473,1.0,52224,7744,7
sionna,PDSCH,Table 2,8,200,-1.8421052631578947,1.0,52224,7744,7
sionna,PDSCH,Table 2,8,200,-0.2631578947368425,1.0,52224,7744,7
sionna,PDSCH,Table 2,8,200,1.3157894736842106,1.0,52224,7744,7
sionna,PDSCH,Table 2,8,200,2.8947368421052637,1.0,52224,7744,7
sionna,PDSCH,Table 2,8,200,4.473684210526315,1.0,52224,7744,7
sionna,PDSCH,Table 2,8,200,6.052631578947368,1.0,52224,7744,7
sionna,PDSCH,Table 2,8,200,7.631578947368421,0.0,52224,7744,7
sionna,PDSCH,Table 2,8,200,9.210526315789474,0.0,52224,7744,7
sionna,PDSCH,Table 2,8,200,10.789473684210527,0.0,52224,7744,7
sionna,PDSCH,Table 2,8,200,12.368421052631579,0.0,52224,7744,7
sionna,PDSCH,Table 2,8,200,13.94736842105263,0.0,52224,7744,7
sionna,PDSCH,Table 2,8,200,15.526315789473685,0.0,52224,7744,7
sionna,PDSCH,Table 2,8,200,17.105263157894736,0.0,52224,7744,7
sionna,PDSCH,Table 2,8,200,18.68421052631579,0.0,52224,7744,7
sionna,PDSCH,Table 2,8,200,20.263157894736842,0.0,52224,7744,7
sionna,PDSCH,Table 2,8,200,21.842105263157894,0.0,52224,7744,7
sionna,PDSCH,Table 2,8,200,23.42105263157895,0.0,52224,7744,7
sionna,PDSCH,Table 2,8,200,25.0,0.0,52224,7744,7
sionna,PDSCH,Table 2,9,10,-5.0,1.0,2976,3200,1
sionna,PDSCH,Table 2,9,10,-3.4210526315789473,1.0,2976,3200,1
sionna,PDSCH,Table 2,9,10,-1.8421052631578947,1.0,2976,3200,1
sionna,PDSCH,Table 2,9,10,-0.2631578947368425,1.0,2976,3200,1
sionna,PDSCH,Table 2,9,10,1.3157894736842106,1.0,2976,3200,1
sionna,PDSCH,Table 2,9,10,2.8947368421052637,1.0,2976,3200,1
sionna,PDSCH,Table 2,9,10,4.473684210526315,1.0,2976,3200,1
sionna,PDSCH,Table 2,9,10,6.052631578947368,1.0,2976,3200,1
sionna,PDSCH,Table 2,9,10,7.631578947368421,0.6850000023841858,2976,3200,1
sionna,PDSCH,Table 2,9,10,9.210526315789474,0.0,2976,3200,1
sionna,PDSCH,Table 2,9,10,10.789473684210527,0.0,2976,3200,1
sionna,PDSCH,Table 2,9,10,12.368421052631579,0.0,2976,3200,1
sionna,PDSCH,Table 2,9,10,13.94736842105263,0.0,2976,3200,1
sionna,PDSCH,Table 2,9,10,15.526315789473685,0.0,2976,3200,1
sionna,PDSCH,Table 2,9,10,17.105263157894736,0.0,2976,3200,1
sionna,PDSCH,Table 2,9,10,18.68421052631579,0.0,2976,3200,1
sionna,PDSCH,Table 2,9,10,20.263157894736842,0.0,2976,3200,1
sionna,PDSCH,Table 2,9,10,21.842105263157894,0.0,2976,3200,1
sionna,PDSCH,Table 2,9,10,23.42105263157895,0.0,2976,3200,1
sionna,PDSCH,Table 2,9,10,25.0,0.0,2976,3200,1
sionna,PDSCH,Table 2,9,100,-5.0,1.0,28680,7744,4
sionna,PDSCH,Table 2,9,100,-3.4210526315789473,1.0,28680,7744,4
sionna,PDSCH,Table 2,9,100,-1.8421052631578947,1.0,28680,7744,4
sionna,PDSCH,Table 2,9,100,-0.2631578947368425,1.0,28680,7744,4
sionna,PDSCH,Table 2,9,100,1.3157894736842106,1.0,28680,7744,4
sionna,PDSCH,Table 2,9,100,2.8947368421052637,1.0,28680,7744,4
sionna,PDSCH,Table 2,9,100,4.473684210526315,1.0,28680,7744,4
sionna,PDSCH,Table 2,9,100,6.052631578947368,1.0,28680,7744,4
sionna,PDSCH,Table 2,9,100,7.631578947368421,0.9901543996730793,28680,7744,4
sionna,PDSCH,Table 2,9,100,9.210526315789474,0.0,28680,7744,4
sionna,PDSCH,Table 2,9,100,10.789473684210527,0.0,28680,7744,4
sionna,PDSCH,Table 2,9,100,12.368421052631579,0.0,28680,7744,4
sionna,PDSCH,Table 2,9,100,13.94736842105263,0.0,28680,7744,4
sionna,PDSCH,Table 2,9,100,15.526315789473685,0.0,28680,7744,4
sionna,PDSCH,Table 2,9,100,17.105263157894736,0.0,28680,7744,4
sionna,PDSCH,Table 2,9,100,18.68421052631579,0.0,28680,7744,4
sionna,PDSCH,Table 2,9,100,20.263157894736842,0.0,28680,7744,4
sionna,PDSCH,Table 2,9,100,21.842105263157894,0.0,28680,7744,4
sionna,PDSCH,Table 2,9,100,23.42105263157895,0.0,28680,7744,4
sionna,PDSCH,Table 2,9,100,25.0,0.0,28680,7744,4
sionna,PDSCH,Table 2,9,200,-5.0,1.0,57376,8448,7
sionna,PDSCH,Table 2,9,200,-3.4210526315789473,1.0,57376,8448,7
sionna,PDSCH,Table 2,9,200,-1.8421052631578947,1.0,57376,8448,7
sionna,PDSCH,Table 2,9,200,-0.2631578947368425,1.0,57376,8448,7
sionna,PDSCH,Table 2,9,200,1.3157894736842106,1.0,57376,8448,7
sionna,PDSCH,Table 2,9,200,2.8947368421052637,1.0,57376,8448,7
sionna,PDSCH,Table 2,9,200,4.473684210526315,1.0,57376,8448,7
sionna,PDSCH,Table 2,9,200,6.052631578947368,1.0,57376,8448,7
sionna,PDSCH,Table 2,9,200,7.631578947368421,0.9996922671538694,57376,8448,7
sionna,PDSCH,Table 2,9,200,9.210526315789474,0.0,57376,8448,7
sionna,PDSCH,Table 2,9,200,10.789473684210527,0.0,57376,8448,7
sionna,PDSCH,Table 2,9,200,12.368421052631579,0.0,57376,8448,7
sionna,PDSCH,Table 2,9,200,13.94736842105263,0.0,57376,8448,7
sionna,PDSCH,Table 2,9,200,15.526315789473685,0.0,57376,8448,7
sionna,PDSCH,Table 2,9,200,17.105263157894736,0.0,57376,8448,7
sionna,PDSCH,Table 2,9,200,18.68421052631579,0.0,57376,8448,7
sionna,PDSCH,Table 2,9,200,20.263157894736842,0.0,57376,8448,7
sionna,PDSCH,Table 2,9,200,21.842105263157894,0.0,57376,8448,7
sionna,PDSCH,Table 2,9,200,23.42105263157895,0.0,57376,8448,7
sionna,PDSCH,Table 2,9,200,25.0,0.0,57376,8448,7
sionna,PDSCH,Table 2,10,10,-5.0,1.0,3104,3200,1
sionna,PDSCH,Table 2,10,10,-3.4210526315789473,1.0,3104,3200,1
sionna,PDSCH,Table 2,10,10,-1.8421052631578947,1.0,3104,3200,1
sionna,PDSCH,Table 2,10,10,-0.2631578947368425,1.0,3104,3200,1
sionna,PDSCH,Table 2,10,10,1.3157894736842106,1.0,3104,3200,1
sionna,PDSCH,Table 2,10,10,2.8947368421052637,1.0,3104,3200,1
sionna,PDSCH,Table 2,10,10,4.473684210526315,1.0,3104,3200,1
sionna,PDSCH,Table 2,10,10,6.052631578947368,1.0,3104,3200,1
sionna,PDSCH,Table 2,10,10,7.631578947368421,1.0,3104,3200,1
sionna,PDSCH,Table 2,10,10,9.210526315789474,0.00033333332976326346,3104,3200,1
sionna,PDSCH,Table 2,10,10,10.789473684210527,0.0,3104,3200,1
sionna,PDSCH,Table 2,10,10,12.368421052631579,0.0,3104,3200,1
sionna,PDSCH,Table 2,10,10,13.94736842105263,0.0,3104,3200,1
sionna,PDSCH,Table 2,10,10,15.526315789473685,0.0,3104,3200,1
sionna,PDSCH,Table 2,10,10,17.105263157894736,0.0,3104,3200,1
sionna,PDSCH,Table 2,10,10,18.68421052631579,0.0,3104,3200,1
sionna,PDSCH,Table 2,10,10,20.263157894736842,0.0,3104,3200,1
sionna,PDSCH,Table 2,10,10,21.842105263157894,0.0,3104,3200,1
sionna,PDSCH,Table 2,10,10,23.42105263157895,0.0,3104,3200,1
sionna,PDSCH,Table 2,10,10,25.0,0.0,3104,3200,1
sionna,PDSCH,Table 2,10,100,-5.0,1.0,30728,7744,4
sionna,PDSCH,Table 2,10,100,-3.4210526315789473,1.0,30728,7744,4
sionna,PDSCH,Table 2,10,100,-1.8421052631578947,1.0,30728,7744,4
sionna,PDSCH,Table 2,10,100,-0.2631578947368425,1.0,30728,7744,4
sionna,PDSCH,Table 2,10,100,1.3157894736842106,1.0,30728,7744,4
sionna,PDSCH,Table 2,10,100,2.8947368421052637,1.0,30728,7744,4
sionna,PDSCH,Table 2,10,100,4.473684210526315,1.0,30728,7744,4
sionna,PDSCH,Table 2,10,100,6.052631578947368,1.0,30728,7744,4
sionna,PDSCH,Table 2,10,100,7.631578947368421,1.0,30728,7744,4
sionna,PDSCH,Table 2,10,100,9.210526315789474,0.0013326668005364528,30728,7744,4
sionna,PDSCH,Table 2,10,100,10.789473684210527,0.0,30728,7744,4
sionna,PDSCH,Table 2,10,100,12.368421052631579,0.0,30728,7744,4
sionna,PDSCH,Table 2,10,100,13.94736842105263,0.0,30728,7744,4
sionna,PDSCH,Table 2,10,100,15.526315789473685,0.0,30728,7744,4
sionna,PDSCH,Table 2,10,100,17.105263157894736,0.0,30728,7744,4
sionna,PDSCH,Table 2,10,100,18.68421052631579,0.0,30728,7744,4
sionna,PDSCH,Table 2,10,100,20.263157894736842,0.0,30728,7744,4
sionna,PDSCH,Table 2,10,100,21.842105263157894,0.0,30728,7744,4
sionna,PDSCH,Table 2,10,100,23.42105263157895,0.0,30728,7744,4
sionna,PDSCH,Table 2,10,100,25.0,0.0,30728,7744,4
sionna,PDSCH,Table 2,10,200,-5.0,1.0,61480,7744,8
sionna,PDSCH,Table 2,10,200,-3.4210526315789473,1.0,61480,7744,8
sionna,PDSCH,Table 2,10,200,-1.8421052631578947,1.0,61480,7744,8
sionna,PDSCH,Table 2,10,200,-0.2631578947368425,1.0,61480,7744,8
sionna,PDSCH,Table 2,10,200,1.3157894736842106,1.0,61480,7744,8
sionna,PDSCH,Table 2,10,200,2.8947368421052637,1.0,61480,7744,8
sionna,PDSCH,Table 2,10,200,4.473684210526315,1.0,61480,7744,8
sionna,PDSCH,Table 2,10,200,6.052631578947368,1.0,61480,7744,8
sionna,PDSCH,Table 2,10,200,7.631578947368421,1.0,61480,7744,8
sionna,PDSCH,Table 2,10,200,9.210526315789474,0.0026635576002717043,61480,7744,8
sionna,PDSCH,Table 2,10,200,10.789473684210527,0.0,61480,7744,8
sionna,PDSCH,Table 2,10,200,12.368421052631579,0.0,61480,7744,8
sionna,PDSCH,Table 2,10,200,13.94736842105263,0.0,61480,7744,8
sionna,PDSCH,Table 2,10,200,15.526315789473685,0.0,61480,7744,8
sionna,PDSCH,Table 2,10,200,17.105263157894736,0.0,61480,7744,8
sionna,PDSCH,Table 2,10,200,18.68421052631579,0.0,61480,7744,8
sionna,PDSCH,Table 2,10,200,20.263157894736842,0.0,61480,7744,8
sionna,PDSCH,Table 2,10,200,21.842105263157894,0.0,61480,7744,8
sionna,PDSCH,Table 2,10,200,23.42105263157895,0.0,61480,7744,8
sionna,PDSCH,Table 2,10,200,25.0,0.0,61480,7744,8
sionna,PDSCH,Table 2,11,10,-5.0,1.0,3368,3520,1
sionna,PDSCH,Table 2,11,10,-3.4210526315789473,1.0,3368,3520,1
sionna,PDSCH,Table 2,11,10,-1.8421052631578947,1.0,3368,3520,1
sionna,PDSCH,Table 2,11,10,-0.2631578947368425,1.0,3368,3520,1
sionna,PDSCH,Table 2,11,10,1.3157894736842106,1.0,3368,3520,1
sionna,PDSCH,Table 2,11,10,2.8947368421052637,1.0,3368,3520,1
sionna,PDSCH,Table 2,11,10,4.473684210526315,1.0,3368,3520,1
sionna,PDSCH,Table 2,11,10,6.052631578947368,1.0,3368,3520,1
sionna,PDSCH,Table 2,11,10,7.631578947368421,1.0,3368,3520,1
sionna,PDSCH,Table 2,11,10,9.210526315789474,0.8128571510314941,3368,3520,1
sionna,PDSCH,Table 2,11,10,10.789473684210527,0.0,3368,3520,1
sionna,PDSCH,Table 2,11,10,12.368421052631579,0.0,3368,3520,1
sionna,PDSCH,Table 2,11,10,13.94736842105263,0.0,3368,3520,1
sionna,PDSCH,Table 2,11,10,15.526315789473685,0.0,3368,3520,1
sionna,PDSCH,Table 2,11,10,17.105263157894736,0.0,3368,3520,1
sionna,PDSCH,Table 2,11,10,18.68421052631579,0.0,3368,3520,1
sionna,PDSCH,Table 2,11,10,20.263157894736842,0.0,3368,3520,1
sionna,PDSCH,Table 2,11,10,21.842105263157894,0.0,3368,3520,1
sionna,PDSCH,Table 2,11,10,23.42105263157895,0.0,3368,3520,1
sionna,PDSCH,Table 2,11,10,25.0,0.0,3368,3520,1
sionna,PDSCH,Table 2,11,100,-5.0,1.0,32776,8448,4
sionna,PDSCH,Table 2,11,100,-3.4210526315789473,1.0,32776,8448,4
sionna,PDSCH,Table 2,11,100,-1.8421052631578947,1.0,32776,8448,4
sionna,PDSCH,Table 2,11,100,-0.2631578947368425,1.0,32776,8448,4
sionna,PDSCH,Table 2,11,100,1.3157894736842106,1.0,32776,8448,4
sionna,PDSCH,Table 2,11,100,2.8947368421052637,1.0,32776,8448,4
sionna,PDSCH,Table 2,11,100,4.473684210526315,1.0,32776,8448,4
sionna,PDSCH,Table 2,11,100,6.052631578947368,1.0,32776,8448,4
sionna,PDSCH,Table 2,11,100,7.631578947368421,1.0,32776,8448,4
sionna,PDSCH,Table 2,11,100,9.210526315789474,0.9987734282817773,32776,8448,4
sionna,PDSCH,Table 2,11,100,10.789473684210527,0.0,32776,8448,4
sionna,PDSCH,Table 2,11,100,12.368421052631579,0.0,32776,8448,4
sionna,PDSCH,Table 2,11,100,13.94736842105263,0.0,32776,8448,4
sionna,PDSCH,Table 2,11,100,15.526315789473685,0.0,32776,8448,4
sionna,PDSCH,Table 2,11,100,17.105263157894736,0.0,32776,8448,4
sionna,PDSCH,Table 2,11,100,18.68421052631579,0.0,32776,8448,4
sionna,PDSCH,Table 2,11,100,20.263157894736842,0.0,32776,8448,4
sionna,PDSCH,Table 2,11,100,21.842105263157894,0.0,32776,8448,4
sionna,PDSCH,Table 2,11,100,23.42105263157895,0.0,32776,8448,4
sionna,PDSCH,Table 2,11,100,25.0,0.0,32776,8448,4
sionna,PDSCH,Table 2,11,200,-5.0,1.0,65576,8448,8
sionna,PDSCH,Table 2,11,200,-3.4210526315789473,1.0,65576,8448,8
sionna,PDSCH,Table 2,11,200,-1.8421052631578947,1.0,65576,8448,8
sionna,PDSCH,Table 2,11,200,-0.2631578947368425,1.0,65576,8448,8
sionna,PDSCH,Table 2,11,200,1.3157894736842106,1.0,65576,8448,8
sionna,PDSCH,Table 2,11,200,2.8947368421052637,1.0,65576,8448,8
sionna,PDSCH,Table 2,11,200,4.473684210526315,1.0,65576,8448,8
sionna,PDSCH,Table 2,11,200,6.052631578947368,1.0,65576,8448,8
sionna,PDSCH,Table 2,11,200,7.631578947368421,1.0,65576,8448,8
sionna,PDSCH,Table 2,11,200,9.210526315789474,0.9999984955218201,65576,8448,8
sionna,PDSCH,Table 2,11,200,10.789473684210527,0.0,65576,8448,8
sionna,PDSCH,Table 2,11,200,12.368421052631579,0.0,65576,8448,8
sionna,PDSCH,Table 2,11,200,13.94736842105263,0.0,65576,8448,8
sionna,PDSCH,Table 2,11,200,15.526315789473685,0.0,65576,8448,8
sionna,PDSCH,Table 2,11,200,17.105263157894736,0.0,65576,8448,8
sionna,PDSCH,Table 2,11,200,18.68421052631579,0.0,65576,8448,8
sionna,PDSCH,Table 2,11,200,20.263157894736842,0.0,65576,8448,8
sionna,PDSCH,Table 2,11,200,21.842105263157894,0.0,65576,8448,8
sionna,PDSCH,Table 2,11,200,23.42105263157895,0.0,65576,8448,8
sionna,PDSCH,Table 2,11,200,25.0,0.0,65576,8448,8
sionna,PDSCH,Table 2,12,10,-5.0,1.0,3624,3840,1
sionna,PDSCH,Table 2,12,10,-3.4210526315789473,1.0,3624,3840,1
sionna,PDSCH,Table 2,12,10,-1.8421052631578947,1.0,3624,3840,1
sionna,PDSCH,Table 2,12,10,-0.2631578947368425,1.0,3624,3840,1
sionna,PDSCH,Table 2,12,10,1.3157894736842106,1.0,3624,3840,1
sionna,PDSCH,Table 2,12,10,2.8947368421052637,1.0,3624,3840,1
sionna,PDSCH,Table 2,12,10,4.473684210526315,1.0,3624,3840,1
sionna,PDSCH,Table 2,12,10,6.052631578947368,1.0,3624,3840,1
sionna,PDSCH,Table 2,12,10,7.631578947368421,1.0,3624,3840,1
sionna,PDSCH,Table 2,12,10,9.210526315789474,1.0,3624,3840,1
sionna,PDSCH,Table 2,12,10,10.789473684210527,0.06599999964237213,3624,3840,1
sionna,PDSCH,Table 2,12,10,12.368421052631579,0.0,3624,3840,1
sionna,PDSCH,Table 2,12,10,13.94736842105263,0.0,3624,3840,1
sionna,PDSCH,Table 2,12,10,15.526315789473685,0.0,3624,3840,1
sionna,PDSCH,Table 2,12,10,17.105263157894736,0.0,3624,3840,1
sionna,PDSCH,Table 2,12,10,18.68421052631579,0.0,3624,3840,1
sionna,PDSCH,Table 2,12,10,20.263157894736842,0.0,3624,3840,1
sionna,PDSCH,Table 2,12,10,21.842105263157894,0.0,3624,3840,1
sionna,PDSCH,Table 2,12,10,23.42105263157895,0.0,3624,3840,1
sionna,PDSCH,Table 2,12,10,25.0,0.0,3624,3840,1
sionna,PDSCH,Table 2,12,100,-5.0,1.0,35856,7744,5
sionna,PDSCH,Table 2,12,100,-3.4210526315789473,1.0,35856,7744,5
sionna,PDSCH,Table 2,12,100,-1.8421052631578947,1.0,35856,7744,5
sionna,PDSCH,Table 2,12,100,-0.2631578947368425,1.0,35856,7744,5
sionna,PDSCH,Table 2,12,100,1.3157894736842106,1.0,35856,7744,5
sionna,PDSCH,Table 2,12,100,2.8947368421052637,1.0,35856,7744,5
sionna,PDSCH,Table 2,12,100,4.473684210526315,1.0,35856,7744,5
sionna,PDSCH,Table 2,12,100,6.052631578947368,1.0,35856,7744,5
sionna,PDSCH,Table 2,12,100,7.631578947368421,1.0,35856,7744,5
sionna,PDSCH,Table 2,12,100,9.210526315789474,1.0,35856,7744,5
sionna,PDSCH,Table 2,12,100,10.789473684210527,0.289221337291793,35856,7744,5
sionna,PDSCH,Table 2,12,100,12.368421052631579,0.0,35856,7744,5
sionna,PDSCH,Table 2,12,100,13.94736842105263,0.0,35856,7744,5
sionna,PDSCH,Table 2,12,100,15.526315789473685,0.0,35856,7744,5
sionna,PDSCH,Table 2,12,100,17.105263157894736,0.0,35856,7744,5
sionna,PDSCH,Table 2,12,100,18.68421052631579,0.0,35856,7744,5
sionna,PDSCH,Table 2,12,100,20.263157894736842,0.0,35856,7744,5
sionna,PDSCH,Table 2,12,100,21.842105263157894,0.0,35856,7744,5
sionna,PDSCH,Table 2,12,100,23.42105263157895,0.0,35856,7744,5
sionna,PDSCH,Table 2,12,100,25.0,0.0,35856,7744,5
sionna,PDSCH,Table 2,12,200,-5.0,1.0,71688,8448,9
sionna,PDSCH,Table 2,12,200,-3.4210526315789473,1.0,71688,8448,9
sionna,PDSCH,Table 2,12,200,-1.8421052631578947,1.0,71688,8448,9
sionna,PDSCH,Table 2,12,200,-0.2631578947368425,1.0,71688,8448,9
sionna,PDSCH,Table 2,12,200,1.3157894736842106,1.0,71688,8448,9
sionna,PDSCH,Table 2,12,200,2.8947368421052637,1.0,71688,8448,9
sionna,PDSCH,Table 2,12,200,4.473684210526315,1.0,71688,8448,9
sionna,PDSCH,Table 2,12,200,6.052631578947368,1.0,71688,8448,9
sionna,PDSCH,Table 2,12,200,7.631578947368421,1.0,71688,8448,9
sionna,PDSCH,Table 2,12,200,9.210526315789474,1.0,71688,8448,9
sionna,PDSCH,Table 2,12,200,10.789473684210527,0.4590938895419444,71688,8448,9
sionna,PDSCH,Table 2,12,200,12.368421052631579,0.0,71688,8448,9
sionna,PDSCH,Table 2,12,200,13.94736842105263,0.0,71688,8448,9
sionna,PDSCH,Table 2,12,200,15.526315789473685,0.0,71688,8448,9
sionna,PDSCH,Table 2,12,200,17.105263157894736,0.0,71688,8448,9
sionna,PDSCH,Table 2,12,200,18.68421052631579,0.0,71688,8448,9
sionna,PDSCH,Table 2,12,200,20.263157894736842,0.0,71688,8448,9
sionna,PDSCH,Table 2,12,200,21.842105263157894,0.0,71688,8448,9
sionna,PDSCH,Table 2,12,200,23.42105263157895,0.0,71688,8448,9
sionna,PDSCH,Table 2,12,200,25.0,0.0,71688,8448,9
sionna,PDSCH,Table 2,13,10,-5.0,1.0,3968,4224,1
sionna,PDSCH,Table 2,13,10,-3.4210526315789473,1.0,3968,4224,1
sionna,PDSCH,Table 2,13,10,-1.8421052631578947,1.0,3968,4224,1
sionna,PDSCH,Table 2,13,10,-0.2631578947368425,1.0,3968,4224,1
sionna,PDSCH,Table 2,13,10,1.3157894736842106,1.0,3968,4224,1
sionna,PDSCH,Table 2,13,10,2.8947368421052637,1.0,3968,4224,1
sionna,PDSCH,Table 2,13,10,4.473684210526315,1.0,3968,4224,1
sionna,PDSCH,Table 2,13,10,6.052631578947368,1.0,3968,4224,1
sionna,PDSCH,Table 2,13,10,7.631578947368421,1.0,3968,4224,1
sionna,PDSCH,Table 2,13,10,9.210526315789474,1.0,3968,4224,1
sionna,PDSCH,Table 2,13,10,10.789473684210527,0.9983333349227905,3968,4224,1
sionna,PDSCH,Table 2,13,10,12.368421052631579,0.0,3968,4224,1
sionna,PDSCH,Table 2,13,10,13.94736842105263,0.0,3968,4224,1
sionna,PDSCH,Table 2,13,10,15.526315789473685,0.0,3968,4224,1
sionna,PDSCH,Table 2,13,10,17.105263157894736,0.0,3968,4224,1
sionna,PDSCH,Table 2,13,10,18.68421052631579,0.0,3968,4224,1
sionna,PDSCH,Table 2,13,10,20.263157894736842,0.0,3968,4224,1
sionna,PDSCH,Table 2,13,10,21.842105263157894,0.0,3968,4224,1
sionna,PDSCH,Table 2,13,10,23.42105263157895,0.0,3968,4224,1
sionna,PDSCH,Table 2,13,10,25.0,0.0,3968,4224,1
sionna,PDSCH,Table 2,13,100,-5.0,1.0,39936,8448,5
sionna,PDSCH,Table 2,13,100,-3.4210526315789473,1.0,39936,8448,5
sionna,PDSCH,Table 2,13,100,-1.8421052631578947,1.0,39936,8448,5
sionna,PDSCH,Table 2,13,100,-0.2631578947368425,1.0,39936,8448,5
sionna,PDSCH,Table 2,13,100,1.3157894736842106,1.0,39936,8448,5
sionna,PDSCH,Table 2,13,100,2.8947368421052637,1.0,39936,8448,5
sionna,PDSCH,Table 2,13,100,4.473684210526315,1.0,39936,8448,5
sionna,PDSCH,Table 2,13,100,6.052631578947368,1.0,39936,8448,5
sionna,PDSCH,Table 2,13,100,7.631578947368421,1.0,39936,8448,5
sionna,PDSCH,Table 2,13,100,9.210526315789474,1.0,39936,8448,5
sionna,PDSCH,Table 2,13,100,10.789473684210527,0.9999999999999871,39936,8448,5
sionna,PDSCH,Table 2,13,100,12.368421052631579,0.0,39936,8448,5
sionna,PDSCH,Table 2,13,100,13.94736842105263,0.0,39936,8448,5
sionna,PDSCH,Table 2,13,100,15.526315789473685,0.0,39936,8448,5
sionna,PDSCH,Table 2,13,100,17.105263157894736,0.0,39936,8448,5
sionna,PDSCH,Table 2,13,100,18.68421052631579,0.0,39936,8448,5
sionna,PDSCH,Table 2,13,100,20.263157894736842,0.0,39936,8448,5
sionna,PDSCH,Table 2,13,100,21.842105263157894,0.0,39936,8448,5
sionna,PDSCH,Table 2,13,100,23.42105263157895,0.0,39936,8448,5
sionna,PDSCH,Table 2,13,100,25.0,0.0,39936,8448,5
sionna,PDSCH,Table 2,13,200,-5.0,1.0,79896,8448,10
sionna,PDSCH,Table 2,13,200,-3.4210526315789473,1.0,79896,8448,10
sionna,PDSCH,Table 2,13,200,-1.8421052631578947,1.0,79896,8448,10
sionna,PDSCH,Table 2,13,200,-0.2631578947368425,1.0,79896,8448,10
sionna,PDSCH,Table 2,13,200,1.3157894736842106,1.0,79896,8448,10
sionna,PDSCH,Table 2,13,200,2.8947368421052637,1.0,79896,8448,10
sionna,PDSCH,Table 2,13,200,4.473684210526315,1.0,79896,8448,10
sionna,PDSCH,Table 2,13,200,6.052631578947368,1.0,79896,8448,10
sionna,PDSCH,Table 2,13,200,7.631578947368421,1.0,79896,8448,10
sionna,PDSCH,Table 2,13,200,9.210526315789474,1.0,79896,8448,10
sionna,PDSCH,Table 2,13,200,10.789473684210527,1.0,79896,8448,10
sionna,PDSCH,Table 2,13,200,12.368421052631579,0.0,79896,8448,10
sionna,PDSCH,Table 2,13,200,13.94736842105263,0.0,79896,8448,10
sionna,PDSCH,Table 2,13,200,15.526315789473685,0.0,79896,8448,10
sionna,PDSCH,Table 2,13,200,17.105263157894736,0.0,79896,8448,10
sionna,PDSCH,Table 2,13,200,18.68421052631579,0.0,79896,8448,10
sionna,PDSCH,Table 2,13,200,20.263157894736842,0.0,79896,8448,10
sionna,PDSCH,Table 2,13,200,21.842105263157894,0.0,79896,8448,10
sionna,PDSCH,Table 2,13,200,23.42105263157895,0.0,79896,8448,10
sionna,PDSCH,Table 2,13,200,25.0,0.0,79896,8448,10
sionna,PDSCH,Table 2,14,10,-5.0,1.0,4352,4576,1
sionna,PDSCH,Table 2,14,10,-3.4210526315789473,1.0,4352,4576,1
sionna,PDSCH,Table 2,14,10,-1.8421052631578947,1.0,4352,4576,1
sionna,PDSCH,Table 2,14,10,-0.2631578947368425,1.0,4352,4576,1
sionna,PDSCH,Table 2,14,10,1.3157894736842106,1.0,4352,4576,1
sionna,PDSCH,Table 2,14,10,2.8947368421052637,1.0,4352,4576,1
sionna,PDSCH,Table 2,14,10,4.473684210526315,1.0,4352,4576,1
sionna,PDSCH,Table 2,14,10,6.052631578947368,1.0,4352,4576,1
sionna,PDSCH,Table 2,14,10,7.631578947368421,1.0,4352,4576,1
sionna,PDSCH,Table 2,14,10,9.210526315789474,1.0,4352,4576,1
sionna,PDSCH,Table 2,14,10,10.789473684210527,1.0,4352,4576,1
sionna,PDSCH,Table 2,14,10,12.368421052631579,0.4718181788921356,4352,4576,1
sionna,PDSCH,Table 2,14,10,13.94736842105263,0.00033333332976326346,4352,4576,1
sionna,PDSCH,Table 2,14,10,15.526315789473685,0.0,4352,4576,1
sionna,PDSCH,Table 2,14,10,17.105263157894736,0.0,4352,4576,1
sionna,PDSCH,Table 2,14,10,18.68421052631579,0.0,4352,4576,1
sionna,PDSCH,Table 2,14,10,20.263157894736842,0.0,4352,4576,1
sionna,PDSCH,Table 2,14,10,21.842105263157894,0.0,4352,4576,1
sionna,PDSCH,Table 2,14,10,23.42105263157895,0.0,4352,4576,1
sionna,PDSCH,Table 2,14,10,25.0,0.0,4352,4576,1
sionna,PDSCH,Table 2,14,100,-5.0,1.0,43032,7744,6
sionna,PDSCH,Table 2,14,100,-3.4210526315789473,1.0,43032,7744,6
sionna,PDSCH,Table 2,14,100,-1.8421052631578947,1.0,43032,7744,6
sionna,PDSCH,Table 2,14,100,-0.2631578947368425,1.0,43032,7744,6
sionna,PDSCH,Table 2,14,100,1.3157894736842106,1.0,43032,7744,6
sionna,PDSCH,Table 2,14,100,2.8947368421052637,1.0,43032,7744,6
sionna,PDSCH,Table 2,14,100,4.473684210526315,1.0,43032,7744,6
sionna,PDSCH,Table 2,14,100,6.052631578947368,1.0,43032,7744,6
sionna,PDSCH,Table 2,14,100,7.631578947368421,1.0,43032,7744,6
sionna,PDSCH,Table 2,14,100,9.210526315789474,1.0,43032,7744,6
sionna,PDSCH,Table 2,14,100,10.789473684210527,1.0,43032,7744,6
sionna,PDSCH,Table 2,14,100,12.368421052631579,0.9782879566297721,43032,7744,6
sionna,PDSCH,Table 2,14,100,13.94736842105263,0.001998334052504158,43032,7744,6
sionna,PDSCH,Table 2,14,100,15.526315789473685,0.0,43032,7744,6
sionna,PDSCH,Table 2,14,100,17.105263157894736,0.0,43032,7744,6
sionna,PDSCH,Table 2,14,100,18.68421052631579,0.0,43032,7744,6
sionna,PDSCH,Table 2,14,100,20.263157894736842,0.0,43032,7744,6
sionna,PDSCH,Table 2,14,100,21.842105263157894,0.0,43032,7744,6
sionna,PDSCH,Table 2,14,100,23.42105263157895,0.0,43032,7744,6
sionna,PDSCH,Table 2,14,100,25.0,0.0,43032,7744,6
sionna,PDSCH,Table 2,14,200,-5.0,1.0,86040,8448,11
sionna,PDSCH,Table 2,14,200,-3.4210526315789473,1.0,86040,8448,11
sionna,PDSCH,Table 2,14,200,-1.8421052631578947,1.0,86040,8448,11
sionna,PDSCH,Table 2,14,200,-0.2631578947368425,1.0,86040,8448,11
sionna,PDSCH,Table 2,14,200,1.3157894736842106,1.0,86040,8448,11
sionna,PDSCH,Table 2,14,200,2.8947368421052637,1.0,86040,8448,11
sionna,PDSCH,Table 2,14,200,4.473684210526315,1.0,86040,8448,11
sionna,PDSCH,Table 2,14,200,6.052631578947368,1.0,86040,8448,11
sionna,PDSCH,Table 2,14,200,7.631578947368421,1.0,86040,8448,11
sionna,PDSCH,Table 2,14,200,9.210526315789474,1.0,86040,8448,11
sionna,PDSCH,Table 2,14,200,10.789473684210527,1.0,86040,8448,11
sionna,PDSCH,Table 2,14,200,12.368421052631579,0.9991074800220843,86040,8448,11
sionna,PDSCH,Table 2,14,200,13.94736842105263,0.003660561623454406,86040,8448,11
sionna,PDSCH,Table 2,14,200,15.526315789473685,0.0,86040,8448,11
sionna,PDSCH,Table 2,14,200,17.105263157894736,0.0,86040,8448,11
sionna,PDSCH,Table 2,14,200,18.68421052631579,0.0,86040,8448,11
sionna,PDSCH,Table 2,14,200,20.263157894736842,0.0,86040,8448,11
sionna,PDSCH,Table 2,14,200,21.842105263157894,0.0,86040,8448,11
sionna,PDSCH,Table 2,14,200,23.42105263157895,0.0,86040,8448,11
sionna,PDSCH,Table 2,14,200,25.0,0.0,86040,8448,11
sionna,PDSCH,Table 2,15,10,-5.0,1.0,4608,4928,1
sionna,PDSCH,Table 2,15,10,-3.4210526315789473,1.0,4608,4928,1
sionna,PDSCH,Table 2,15,10,-1.8421052631578947,1.0,4608,4928,1
sionna,PDSCH,Table 2,15,10,-0.2631578947368425,1.0,4608,4928,1
sionna,PDSCH,Table 2,15,10,1.3157894736842106,1.0,4608,4928,1
sionna,PDSCH,Table 2,15,10,2.8947368421052637,1.0,4608,4928,1
sionna,PDSCH,Table 2,15,10,4.473684210526315,1.0,4608,4928,1
sionna,PDSCH,Table 2,15,10,6.052631578947368,1.0,4608,4928,1
sionna,PDSCH,Table 2,15,10,7.631578947368421,1.0,4608,4928,1
sionna,PDSCH,Table 2,15,10,9.210526315789474,1.0,4608,4928,1
sionna,PDSCH,Table 2,15,10,10.789473684210527,1.0,4608,4928,1
sionna,PDSCH,Table 2,15,10,12.368421052631579,1.0,4608,4928,1
sionna,PDSCH,Table 2,15,10,13.94736842105263,0.012666666880249977,4608,4928,1
sionna,PDSCH,Table 2,15,10,15.526315789473685,0.0,4608,4928,1
sionna,PDSCH,Table 2,15,10,17.105263157894736,0.0,4608,4928,1
sionna,PDSCH,Table 2,15,10,18.68421052631579,0.0,4608,4928,1
sionna,PDSCH,Table 2,15,10,20.263157894736842,0.0,4608,4928,1
sionna,PDSCH,Table 2,15,10,21.842105263157894,0.0,4608,4928,1
sionna,PDSCH,Table 2,15,10,23.42105263157895,0.0,4608,4928,1
sionna,PDSCH,Table 2,15,10,25.0,0.0,4608,4928,1
sionna,PDSCH,Table 2,15,100,-5.0,1.0,47112,8448,6
sionna,PDSCH,Table 2,15,100,-3.4210526315789473,1.0,47112,8448,6
sionna,PDSCH,Table 2,15,100,-1.8421052631578947,1.0,47112,8448,6
sionna,PDSCH,Table 2,15,100,-0.2631578947368425,1.0,47112,8448,6
sionna,PDSCH,Table 2,15,100,1.3157894736842106,1.0,47112,8448,6
sionna,PDSCH,Table 2,15,100,2.8947368421052637,1.0,47112,8448,6
sionna,PDSCH,Table 2,15,100,4.473684210526315,1.0,47112,8448,6
sionna,PDSCH,Table 2,15,100,6.052631578947368,1.0,47112,8448,6
sionna,PDSCH,Table 2,15,100,7.631578947368421,1.0,47112,8448,6
sionna,PDSCH,Table 2,15,100,9.210526315789474,1.0,47112,8448,6
sionna,PDSCH,Table 2,15,100,10.789473684210527,1.0,47112,8448,6
sionna,PDSCH,Table 2,15,100,12.368421052631579,1.0,47112,8448,6
sionna,PDSCH,Table 2,15,100,13.94736842105263,0.073633596277625,47112,8448,6
sionna,PDSCH,Table 2,15,100,15.526315789473685,0.0,47112,8448,6
sionna,PDSCH,Table 2,15,100,17.105263157894736,0.0,47112,8448,6
sionna,PDSCH,Table 2,15,100,18.68421052631579,0.0,47112,8448,6
sionna,PDSCH,Table 2,15,100,20.263157894736842,0.0,47112,8448,6
sionna,PDSCH,Table 2,15,100,21.842105263157894,0.0,47112,8448,6
sionna,PDSCH,Table 2,15,100,23.42105263157895,0.0,47112,8448,6
sionna,PDSCH,Table 2,15,100,25.0,0.0,47112,8448,6
sionna,PDSCH,Table 2,15,200,-5.0,1.0,94248,8448,12
sionna,PDSCH,Table 2,15,200,-3.4210526315789473,1.0,94248,8448,12
sionna,PDSCH,Table 2,15,200,-1.8421052631578947,1.0,94248,8448,12
sionna,PDSCH,Table 2,15,200,-0.2631578947368425,1.0,94248,8448,12
sionna,PDSCH,Table 2,15,200,1.3157894736842106,1.0,94248,8448,12
sionna,PDSCH,Table 2,15,200,2.8947368421052637,1.0,94248,8448,12
sionna,PDSCH,Table 2,15,200,4.473684210526315,1.0,94248,8448,12
sionna,PDSCH,Table 2,15,200,6.052631578947368,1.0,94248,8448,12
sionna,PDSCH,Table 2,15,200,7.631578947368421,1.0,94248,8448,12
sionna,PDSCH,Table 2,15,200,9.210526315789474,1.0,94248,8448,12
sionna,PDSCH,Table 2,15,200,10.789473684210527,1.0,94248,8448,12
sionna,PDSCH,Table 2,15,200,12.368421052631579,1.0,94248,8448,12
sionna,PDSCH,Table 2,15,200,13.94736842105263,0.14184528605447388,94248,8448,12
sionna,PDSCH,Table 2,15,200,15.526315789473685,0.0,94248,8448,12
sionna,PDSCH,Table 2,15,200,17.105263157894736,0.0,94248,8448,12
sionna,PDSCH,Table 2,15,200,18.68421052631579,0.0,94248,8448,12
sionna,PDSCH,Table 2,15,200,20.263157894736842,0.0,94248,8448,12
sionna,PDSCH,Table 2,15,200,21.842105263157894,0.0,94248,8448,12
sionna,PDSCH,Table 2,15,200,23.42105263157895,0.0,94248,8448,12
sionna,PDSCH,Table 2,15,200,25.0,0.0,94248,8448,12
sionna,PDSCH,Table 2,16,10,-5.0,1.0,4992,5280,1
sionna,PDSCH,Table 2,16,10,-3.4210526315789473,1.0,4992,5280,1
sionna,PDSCH,Table 2,16,10,-1.8421052631578947,1.0,4992,5280,1
sionna,PDSCH,Table 2,16,10,-0.2631578947368425,1.0,4992,5280,1
sionna,PDSCH,Table 2,16,10,1.3157894736842106,1.0,4992,5280,1
sionna,PDSCH,Table 2,16,10,2.8947368421052637,1.0,4992,5280,1
sionna,PDSCH,Table 2,16,10,4.473684210526315,1.0,4992,5280,1
sionna,PDSCH,Table 2,16,10,6.052631578947368,1.0,4992,5280,1
sionna,PDSCH,Table 2,16,10,7.631578947368421,1.0,4992,5280,1
sionna,PDSCH,Table 2,16,10,9.210526315789474,1.0,4992,5280,1
sionna,PDSCH,Table 2,16,10,10.789473684210527,1.0,4992,5280,1
sionna,PDSCH,Table 2,16,10,12.368421052631579,1.0,4992,5280,1
sionna,PDSCH,Table 2,16,10,13.94736842105263,0.8600000143051147,4992,5280,1
sionna,PDSCH,Table 2,16,10,15.526315789473685,0.00033333332976326346,4992,5280,1
sionna,PDSCH,Table 2,16,10,17.105263157894736,0.0,4992,5280,1
sionna,PDSCH,Table 2,16,10,18.68421052631579,0.0,4992,5280,1
sionna,PDSCH,Table 2,16,10,20.263157894736842,0.0,4992,5280,1
sionna,PDSCH,Table 2,16,10,21.842105263157894,0.0,4992,5280,1
sionna,PDSCH,Table 2,16,10,23.42105263157895,0.0,4992,5280,1
sionna,PDSCH,Table 2,16,10,25.0,0.0,4992,5280,1
sionna,PDSCH,Table 2,16,100,-5.0,1.0,50184,8448,6
sionna,PDSCH,Table 2,16,100,-3.4210526315789473,1.0,50184,8448,6
sionna,PDSCH,Table 2,16,100,-1.8421052631578947,1.0,50184,8448,6
sionna,PDSCH,Table 2,16,100,-0.2631578947368425,1.0,50184,8448,6
sionna,PDSCH,Table 2,16,100,1.3157894736842106,1.0,50184,8448,6
sionna,PDSCH,Table 2,16,100,2.8947368421052637,1.0,50184,8448,6
sionna,PDSCH,Table 2,16,100,4.473684210526315,1.0,50184,8448,6
sionna,PDSCH,Table 2,16,100,6.052631578947368,1.0,50184,8448,6
sionna,PDSCH,Table 2,16,100,7.631578947368421,1.0,50184,8448,6
sionna,PDSCH,Table 2,16,100,9.210526315789474,1.0,50184,8448,6
sionna,PDSCH,Table 2,16,100,10.789473684210527,1.0,50184,8448,6
sionna,PDSCH,Table 2,16,100,12.368421052631579,1.0,50184,8448,6
sionna,PDSCH,Table 2,16,100,13.94736842105263,0.9999924704686162,50184,8448,6
sionna,PDSCH,Table 2,16,100,15.526315789473685,0.001998334052504158,50184,8448,6
sionna,PDSCH,Table 2,16,100,17.105263157894736,0.0,50184,8448,6
sionna,PDSCH,Table 2,16,100,18.68421052631579,0.0,50184,8448,6
sionna,PDSCH,Table 2,16,100,20.263157894736842,0.0,50184,8448,6
sionna,PDSCH,Table 2,16,100,21.842105263157894,0.0,50184,8448,6
sionna,PDSCH,Table 2,16,100,23.42105263157895,0.0,50184,8448,6
sionna,PDSCH,Table 2,16,100,25.0,0.0,50184,8448,6
sionna,PDSCH,Table 2,16,200,-5.0,1.0,100392,8448,12
sionna,PDSCH,Table 2,16,200,-3.4210526315789473,1.0,100392,8448,12
sionna,PDSCH,Table 2,16,200,-1.8421052631578947,1.0,100392,8448,12
sionna,PDSCH,Table 2,16,200,-0.2631578947368425,1.0,100392,8448,12
sionna,PDSCH,Table 2,16,200,1.3157894736842106,1.0,100392,8448,12
sionna,PDSCH,Table 2,16,200,2.8947368421052637,1.0,100392,8448,12
sionna,PDSCH,Table 2,16,200,4.473684210526315,1.0,100392,8448,12
sionna,PDSCH,Table 2,16,200,6.052631578947368,1.0,100392,8448,12
sionna,PDSCH,Table 2,16,200,7.631578947368421,1.0,100392,8448,12
sionna,PDSCH,Table 2,16,200,9.210526315789474,1.0,100392,8448,12
sionna,PDSCH,Table 2,16,200,10.789473684210527,1.0,100392,8448,12
sionna,PDSCH,Table 2,16,200,12.368421052631579,1.0,100392,8448,12
sionna,PDSCH,Table 2,16,200,13.94736842105263,0.9999999999433061,100392,8448,12
sionna,PDSCH,Table 2,16,200,15.526315789473685,0.003992674766022941,100392,8448,12
sionna,PDSCH,Table 2,16,200,17.105263157894736,0.0,100392,8448,12
sionna,PDSCH,Table 2,16,200,18.68421052631579,0.0,100392,8448,12
sionna,PDSCH,Table 2,16,200,20.263157894736842,0.0,100392,8448,12
sionna,PDSCH,Table 2,16,200,21.842105263157894,0.0,100392,8448,12
sionna,PDSCH,Table 2,16,200,23.42105263157895,0.0,100392,8448,12
sionna,PDSCH,Table 2,16,200,25.0,0.0,100392,8448,12
sionna,PDSCH,Table 2,17,10,-5.0,1.0,5376,5632,1
sionna,PDSCH,Table 2,17,10,-3.4210526315789473,1.0,5376,5632,1
sionna,PDSCH,Table 2,17,10,-1.8421052631578947,1.0,5376,5632,1
sionna,PDSCH,Table 2,17,10,-0.2631578947368425,1.0,5376,5632,1
sionna,PDSCH,Table 2,17,10,1.3157894736842106,1.0,5376,5632,1
sionna,PDSCH,Table 2,17,10,2.8947368421052637,1.0,5376,5632,1
sionna,PDSCH,Table 2,17,10,4.473684210526315,1.0,5376,5632,1
sionna,PDSCH,Table 2,17,10,6.052631578947368,1.0,5376,5632,1
sionna,PDSCH,Table 2,17,10,7.631578947368421,1.0,5376,5632,1
sionna,PDSCH,Table 2,17,10,9.210526315789474,1.0,5376,5632,1
sionna,PDSCH,Table 2,17,10,10.789473684210527,1.0,5376,5632,1
sionna,PDSCH,Table 2,17,10,12.368421052631579,1.0,5376,5632,1
sionna,PDSCH,Table 2,17,10,13.94736842105263,1.0,5376,5632,1
sionna,PDSCH,Table 2,17,10,15.526315789473685,0.10233332961797714,5376,5632,1
sionna,PDSCH,Table 2,17,10,17.105263157894736,0.0,5376,5632,1
sionna,PDSCH,Table 2,17,10,18.68421052631579,0.0,5376,5632,1
sionna,PDSCH,Table 2,17,10,20.263157894736842,0.0,5376,5632,1
sionna,PDSCH,Table 2,17,10,21.842105263157894,0.0,5376,5632,1
sionna,PDSCH,Table 2,17,10,23.42105263157895,0.0,5376,5632,1
sionna,PDSCH,Table 2,17,10,25.0,0.0,5376,5632,1
sionna,PDSCH,Table 2,17,100,-5.0,1.0,54296,8448,7
sionna,PDSCH,Table 2,17,100,-3.4210526315789473,1.0,54296,8448,7
sionna,PDSCH,Table 2,17,100,-1.8421052631578947,1.0,54296,8448,7
sionna,PDSCH,Table 2,17,100,-0.2631578947368425,1.0,54296,8448,7
sionna,PDSCH,Table 2,17,100,1.3157894736842106,1.0,54296,8448,7
sionna,PDSCH,Table 2,17,100,2.8947368421052637,1.0,54296,8448,7
sionna,PDSCH,Table 2,17,100,4.473684210526315,1.0,54296,8448,7
sionna,PDSCH,Table 2,17,100,6.052631578947368,1.0,54296,8448,7
sionna,PDSCH,Table 2,17,100,7.631578947368421,1.0,54296,8448,7
sionna,PDSCH,Table 2,17,100,9.210526315789474,1.0,54296,8448,7
sionna,PDSCH,Table 2,17,100,10.789473684210527,1.0,54296,8448,7
sionna,PDSCH,Table 2,17,100,12.368421052631579,1.0,54296,8448,7
sionna,PDSCH,Table 2,17,100,13.94736842105263,1.0,54296,8448,7
sionna,PDSCH,Table 2,17,100,15.526315789473685,0.5303160676685237,54296,8448,7
sionna,PDSCH,Table 2,17,100,17.105263157894736,0.0,54296,8448,7
sionna,PDSCH,Table 2,17,100,18.68421052631579,0.0,54296,8448,7
sionna,PDSCH,Table 2,17,100,20.263157894736842,0.0,54296,8448,7
sionna,PDSCH,Table 2,17,100,21.842105263157894,0.0,54296,8448,7
sionna,PDSCH,Table 2,17,100,23.42105263157895,0.0,54296,8448,7
sionna,PDSCH,Table 2,17,100,25.0,0.0,54296,8448,7
sionna,PDSCH,Table 2,17,200,-5.0,1.0,108552,8448,13
sionna,PDSCH,Table 2,17,200,-3.4210526315789473,1.0,108552,8448,13
sionna,PDSCH,Table 2,17,200,-1.8421052631578947,1.0,108552,8448,13
sionna,PDSCH,Table 2,17,200,-0.2631578947368425,1.0,108552,8448,13
sionna,PDSCH,Table 2,17,200,1.3157894736842106,1.0,108552,8448,13
sionna,PDSCH,Table 2,17,200,2.8947368421052637,1.0,108552,8448,13
sionna,PDSCH,Table 2,17,200,4.473684210526315,1.0,108552,8448,13
sionna,PDSCH,Table 2,17,200,6.052631578947368,1.0,108552,8448,13
sionna,PDSCH,Table 2,17,200,7.631578947368421,1.0,108552,8448,13
sionna,PDSCH,Table 2,17,200,9.210526315789474,1.0,108552,8448,13
sionna,PDSCH,Table 2,17,200,10.789473684210527,1.0,108552,8448,13
sionna,PDSCH,Table 2,17,200,12.368421052631579,1.0,108552,8448,13
sionna,PDSCH,Table 2,17,200,13.94736842105263,1.0,108552,8448,13
sionna,PDSCH,Table 2,17,200,15.526315789473685,0.754248426984065,108552,8448,13
sionna,PDSCH,Table 2,17,200,17.105263157894736,0.0,108552,8448,13
sionna,PDSCH,Table 2,17,200,18.68421052631579,0.0,108552,8448,13
sionna,PDSCH,Table 2,17,200,20.263157894736842,0.0,108552,8448,13
sionna,PDSCH,Table 2,17,200,21.842105263157894,0.0,108552,8448,13
sionna,PDSCH,Table 2,17,200,23.42105263157895,0.0,108552,8448,13
sionna,PDSCH,Table 2,17,200,25.0,0.0,108552,8448,13
sionna,PDSCH,Table 2,18,10,-5.0,1.0,5760,6336,1
sionna,PDSCH,Table 2,18,10,-3.4210526315789473,1.0,5760,6336,1
sionna,PDSCH,Table 2,18,10,-1.8421052631578947,1.0,5760,6336,1
sionna,PDSCH,Table 2,18,10,-0.2631578947368425,1.0,5760,6336,1
sionna,PDSCH,Table 2,18,10,1.3157894736842106,1.0,5760,6336,1
sionna,PDSCH,Table 2,18,10,2.8947368421052637,1.0,5760,6336,1
sionna,PDSCH,Table 2,18,10,4.473684210526315,1.0,5760,6336,1
sionna,PDSCH,Table 2,18,10,6.052631578947368,1.0,5760,6336,1
sionna,PDSCH,Table 2,18,10,7.631578947368421,1.0,5760,6336,1
sionna,PDSCH,Table 2,18,10,9.210526315789474,1.0,5760,6336,1
sionna,PDSCH,Table 2,18,10,10.789473684210527,1.0,5760,6336,1
sionna,PDSCH,Table 2,18,10,12.368421052631579,1.0,5760,6336,1
sionna,PDSCH,Table 2,18,10,13.94736842105263,1.0,5760,6336,1
sionna,PDSCH,Table 2,18,10,15.526315789473685,0.9900000095367432,5760,6336,1
sionna,PDSCH,Table 2,18,10,17.105263157894736,0.0006666666595265269,5760,6336,1
sionna,PDSCH,Table 2,18,10,18.68421052631579,0.0,5760,6336,1
sionna,PDSCH,Table 2,18,10,20.263157894736842,0.0,5760,6336,1
sionna,PDSCH,Table 2,18,10,21.842105263157894,0.0,5760,6336,1
sionna,PDSCH,Table 2,18,10,23.42105263157895,0.0,5760,6336,1
sionna,PDSCH,Table 2,18,10,25.0,0.0,5760,6336,1
sionna,PDSCH,Table 2,18,100,-5.0,1.0,57376,8448,7
sionna,PDSCH,Table 2,18,100,-3.4210526315789473,1.0,57376,8448,7
sionna,PDSCH,Table 2,18,100,-1.8421052631578947,1.0,57376,8448,7
sionna,PDSCH,Table 2,18,100,-0.2631578947368425,1.0,57376,8448,7
sionna,PDSCH,Table 2,18,100,1.3157894736842106,1.0,57376,8448,7
sionna,PDSCH,Table 2,18,100,2.8947368421052637,1.0,57376,8448,7
sionna,PDSCH,Table 2,18,100,4.473684210526315,1.0,57376,8448,7
sionna,PDSCH,Table 2,18,100,6.052631578947368,1.0,57376,8448,7
sionna,PDSCH,Table 2,18,100,7.631578947368421,1.0,57376,8448,7
sionna,PDSCH,Table 2,18,100,9.210526315789474,1.0,57376,8448,7
sionna,PDSCH,Table 2,18,100,10.789473684210527,1.0,57376,8448,7
sionna,PDSCH,Table 2,18,100,12.368421052631579,1.0,57376,8448,7
sionna,PDSCH,Table 2,18,100,13.94736842105263,1.0,57376,8448,7
sionna,PDSCH,Table 2,18,100,15.526315789473685,0.99999999999999,57376,8448,7
sionna,PDSCH,Table 2,18,100,17.105263157894736,0.004657343647011536,57376,8448,7
sionna,PDSCH,Table 2,18,100,18.68421052631579,0.0,57376,8448,7
sionna,PDSCH,Table 2,18,100,20.263157894736842,0.0,57376,8448,7
sionna,PDSCH,Table 2,18,100,21.842105263157894,0.0,57376,8448,7
sionna,PDSCH,Table 2,18,100,23.42105263157895,0.0,57376,8448,7
sionna,PDSCH,Table 2,18,100,25.0,0.0,57376,8448,7
sionna,PDSCH,Table 2,18,200,-5.0,1.0,114776,8448,14
sionna,PDSCH,Table 2,18,200,-3.4210526315789473,1.0,114776,8448,14
sionna,PDSCH,Table 2,18,200,-1.8421052631578947,1.0,114776,8448,14
sionna,PDSCH,Table 2,18,200,-0.2631578947368425,1.0,114776,8448,14
sionna,PDSCH,Table 2,18,200,1.3157894736842106,1.0,114776,8448,14
sionna,PDSCH,Table 2,18,200,2.8947368421052637,1.0,114776,8448,14
sionna,PDSCH,Table 2,18,200,4.473684210526315,1.0,114776,8448,14
sionna,PDSCH,Table 2,18,200,6.052631578947368,1.0,114776,8448,14
sionna,PDSCH,Table 2,18,200,7.631578947368421,1.0,114776,8448,14
sionna,PDSCH,Table 2,18,200,9.210526315789474,1.0,114776,8448,14
sionna,PDSCH,Table 2,18,200,10.789473684210527,1.0,114776,8448,14
sionna,PDSCH,Table 2,18,200,12.368421052631579,1.0,114776,8448,14
sionna,PDSCH,Table 2,18,200,13.94736842105263,1.0,114776,8448,14
sionna,PDSCH,Table 2,18,200,15.526315789473685,1.0,114776,8448,14
sionna,PDSCH,Table 2,18,200,17.105263157894736,0.009292996444176693,114776,8448,14
sionna,PDSCH,Table 2,18,200,18.68421052631579,0.0,114776,8448,14
sionna,PDSCH,Table 2,18,200,20.263157894736842,0.0,114776,8448,14
sionna,PDSCH,Table 2,18,200,21.842105263157894,0.0,114776,8448,14
sionna,PDSCH,Table 2,18,200,23.42105263157895,0.0,114776,8448,14
sionna,PDSCH,Table 2,18,200,25.0,0.0,114776,8448,14
sionna,PDSCH,Table 2,19,10,-5.0,1.0,6144,6336,1
sionna,PDSCH,Table 2,19,10,-3.4210526315789473,1.0,6144,6336,1
sionna,PDSCH,Table 2,19,10,-1.8421052631578947,1.0,6144,6336,1
sionna,PDSCH,Table 2,19,10,-0.2631578947368425,1.0,6144,6336,1
sionna,PDSCH,Table 2,19,10,1.3157894736842106,1.0,6144,6336,1
sionna,PDSCH,Table 2,19,10,2.8947368421052637,1.0,6144,6336,1
sionna,PDSCH,Table 2,19,10,4.473684210526315,1.0,6144,6336,1
sionna,PDSCH,Table 2,19,10,6.052631578947368,1.0,6144,6336,1
sionna,PDSCH,Table 2,19,10,7.631578947368421,1.0,6144,6336,1
sionna,PDSCH,Table 2,19,10,9.210526315789474,1.0,6144,6336,1
sionna,PDSCH,Table 2,19,10,10.789473684210527,1.0,6144,6336,1
sionna,PDSCH,Table 2,19,10,12.368421052631579,1.0,6144,6336,1
sionna,PDSCH,Table 2,19,10,13.94736842105263,1.0,6144,6336,1
sionna,PDSCH,Table 2,19,10,15.526315789473685,1.0,6144,6336,1
sionna,PDSCH,Table 2,19,10,17.105263157894736,0.6524999737739563,6144,6336,1
sionna,PDSCH,Table 2,19,10,18.68421052631579,0.0,6144,6336,1
sionna,PDSCH,Table 2,19,10,20.263157894736842,0.0,6144,6336,1
sionna,PDSCH,Table 2,19,10,21.842105263157894,0.0,6144,6336,1
sionna,PDSCH,Table 2,19,10,23.42105263157895,0.0,6144,6336,1
sionna,PDSCH,Table 2,19,10,25.0,0.0,6144,6336,1
sionna,PDSCH,Table 2,19,100,-5.0,1.0,61480,7744,8
sionna,PDSCH,Table 2,19,100,-3.4210526315789473,1.0,61480,7744,8
sionna,PDSCH,Table 2,19,100,-1.8421052631578947,1.0,61480,7744,8
sionna,PDSCH,Table 2,19,100,-0.2631578947368425,1.0,61480,7744,8
sionna,PDSCH,Table 2,19,100,1.3157894736842106,1.0,61480,7744,8
sionna,PDSCH,Table 2,19,100,2.8947368421052637,1.0,61480,7744,8
sionna,PDSCH,Table 2,19,100,4.473684210526315,1.0,61480,7744,8
sionna,PDSCH,Table 2,19,100,6.052631578947368,1.0,61480,7744,8
sionna,PDSCH,Table 2,19,100,7.631578947368421,1.0,61480,7744,8
sionna,PDSCH,Table 2,19,100,9.210526315789474,1.0,61480,7744,8
sionna,PDSCH,Table 2,19,100,10.789473684210527,1.0,61480,7744,8
sionna,PDSCH,Table 2,19,100,12.368421052631579,1.0,61480,7744,8
sionna,PDSCH,Table 2,19,100,13.94736842105263,1.0,61480,7744,8
sionna,PDSCH,Table 2,19,100,15.526315789473685,1.0,61480,7744,8
sionna,PDSCH,Table 2,19,100,17.105263157894736,0.9997873630503104,61480,7744,8
sionna,PDSCH,Table 2,19,100,18.68421052631579,0.0,61480,7744,8
sionna,PDSCH,Table 2,19,100,20.263157894736842,0.0,61480,7744,8
sionna,PDSCH,Table 2,19,100,21.842105263157894,0.0,61480,7744,8
sionna,PDSCH,Table 2,19,100,23.42105263157895,0.0,61480,7744,8
sionna,PDSCH,Table 2,19,100,25.0,0.0,61480,7744,8
sionna,PDSCH,Table 2,19,200,-5.0,1.0,122976,8448,15
sionna,PDSCH,Table 2,19,200,-3.4210526315789473,1.0,122976,8448,15
sionna,PDSCH,Table 2,19,200,-1.8421052631578947,1.0,122976,8448,15
sionna,PDSCH,Table 2,19,200,-0.2631578947368425,1.0,122976,8448,15
sionna,PDSCH,Table 2,19,200,1.3157894736842106,1.0,122976,8448,15
sionna,PDSCH,Table 2,19,200,2.8947368421052637,1.0,122976,8448,15
sionna,PDSCH,Table 2,19,200,4.473684210526315,1.0,122976,8448,15
sionna,PDSCH,Table 2,19,200,6.052631578947368,1.0,122976,8448,15
sionna,PDSCH,Table 2,19,200,7.631578947368421,1.0,122976,8448,15
sionna,PDSCH,Table 2,19,200,9.210526315789474,1.0,122976,8448,15
sionna,PDSCH,Table 2,19,200,10.789473684210527,1.0,122976,8448,15
sionna,PDSCH,Table 2,19,200,12.368421052631579,1.0,122976,8448,15
sionna,PDSCH,Table 2,19,200,13.94736842105263,1.0,122976,8448,15
sionna,PDSCH,Table 2,19,200,15.526315789473685,1.0,122976,8448,15
sionna,PDSCH,Table 2,19,200,17.105263157894736,0.9999998698864203,122976,8448,15
sionna,PDSCH,Table 2,19,200,18.68421052631579,0.0,122976,8448,15
sionna,PDSCH,Table 2,19,200,20.263157894736842,0.0,122976,8448,15
sionna,PDSCH,Table 2,19,200,21.842105263157894,0.0,122976,8448,15
sionna,PDSCH,Table 2,19,200,23.42105263157895,0.0,122976,8448,15
sionna,PDSCH,Table 2,19,200,25.0,0.0,122976,8448,15
sionna,PDSCH,Table 2,20,10,-5.0,1.0,6400,7040,1
sionna,PDSCH,Table 2,20,10,-3.4210526315789473,1.0,6400,7040,1
sionna,PDSCH,Table 2,20,10,-1.8421052631578947,1.0,6400,7040,1
sionna,PDSCH,Table 2,20,10,-0.2631578947368425,1.0,6400,7040,1
sionna,PDSCH,Table 2,20,10,1.3157894736842106,1.0,6400,7040,1
sionna,PDSCH,Table 2,20,10,2.8947368421052637,1.0,6400,7040,1
sionna,PDSCH,Table 2,20,10,4.473684210526315,1.0,6400,7040,1
sionna,PDSCH,Table 2,20,10,6.052631578947368,1.0,6400,7040,1
sionna,PDSCH,Table 2,20,10,7.631578947368421,1.0,6400,7040,1
sionna,PDSCH,Table 2,20,10,9.210526315789474,1.0,6400,7040,1
sionna,PDSCH,Table 2,20,10,10.789473684210527,1.0,6400,7040,1
sionna,PDSCH,Table 2,20,10,12.368421052631579,1.0,6400,7040,1
sionna,PDSCH,Table 2,20,10,13.94736842105263,1.0,6400,7040,1
sionna,PDSCH,Table 2,20,10,15.526315789473685,1.0,6400,7040,1
sionna,PDSCH,Table 2,20,10,17.105263157894736,1.0,6400,7040,1
sionna,PDSCH,Table 2,20,10,18.68421052631579,0.07533333450555801,6400,7040,1
sionna,PDSCH,Table 2,20,10,20.263157894736842,0.0,6400,7040,1
sionna,PDSCH,Table 2,20,10,21.842105263157894,0.0,6400,7040,1
sionna,PDSCH,Table 2,20,10,23.42105263157895,0.0,6400,7040,1
sionna,PDSCH,Table 2,20,10,25.0,0.0,6400,7040,1
sionna,PDSCH,Table 2,20,100,-5.0,1.0,63528,8448,8
sionna,PDSCH,Table 2,20,100,-3.4210526315789473,1.0,63528,8448,8
sionna,PDSCH,Table 2,20,100,-1.8421052631578947,1.0,63528,8448,8
sionna,PDSCH,Table 2,20,100,-0.2631578947368425,1.0,63528,8448,8
sionna,PDSCH,Table 2,20,100,1.3157894736842106,1.0,63528,8448,8
sionna,PDSCH,Table 2,20,100,2.8947368421052637,1.0,63528,8448,8
sionna,PDSCH,Table 2,20,100,4.473684210526315,1.0,63528,8448,8
sionna,PDSCH,Table 2,20,100,6.052631578947368,1.0,63528,8448,8
sionna,PDSCH,Table 2,20,100,7.631578947368421,1.0,63528,8448,8
sionna,PDSCH,Table 2,20,100,9.210526315789474,1.0,63528,8448,8
sionna,PDSCH,Table 2,20,100,10.789473684210527,1.0,63528,8448,8
sionna,PDSCH,Table 2,20,100,12.368421052631579,1.0,63528,8448,8
sionna,PDSCH,Table 2,20,100,13.94736842105263,1.0,63528,8448,8
sionna,PDSCH,Table 2,20,100,15.526315789473685,1.0,63528,8448,8
sionna,PDSCH,Table 2,20,100,17.105263157894736,1.0,63528,8448,8
sionna,PDSCH,Table 2,20,100,18.68421052631579,0.4655813424802022,63528,8448,8
sionna,PDSCH,Table 2,20,100,20.263157894736842,0.0,63528,8448,8
sionna,PDSCH,Table 2,20,100,21.842105263157894,0.0,63528,8448,8
sionna,PDSCH,Table 2,20,100,23.42105263157895,0.0,63528,8448,8
sionna,PDSCH,Table 2,20,100,25.0,0.0,63528,8448,8
sionna,PDSCH,Table 2,20,200,-5.0,1.0,127080,8448,16
sionna,PDSCH,Table 2,20,200,-3.4210526315789473,1.0,127080,8448,16
sionna,PDSCH,Table 2,20,200,-1.8421052631578947,1.0,127080,8448,16
sionna,PDSCH,Table 2,20,200,-0.2631578947368425,1.0,127080,8448,16
sionna,PDSCH,Table 2,20,200,1.3157894736842106,1.0,127080,8448,16
sionna,PDSCH,Table 2,20,200,2.8947368421052637,1.0,127080,8448,16
sionna,PDSCH,Table 2,20,200,4.473684210526315,1.0,127080,8448,16
sionna,PDSCH,Table 2,20,200,6.052631578947368,1.0,127080,8448,16
sionna,PDSCH,Table 2,20,200,7.631578947368421,1.0,127080,8448,16
sionna,PDSCH,Table 2,20,200,9.210526315789474,1.0,127080,8448,16
sionna,PDSCH,Table 2,20,200,10.789473684210527,1.0,127080,8448,16
sionna,PDSCH,Table 2,20,200,12.368421052631579,1.0,127080,8448,16
sionna,PDSCH,Table 2,20,200,13.94736842105263,1.0,127080,8448,16
sionna,PDSCH,Table 2,20,200,15.526315789473685,1.0,127080,8448,16
sionna,PDSCH,Table 2,20,200,17.105263157894736,1.0,127080,8448,16
sionna,PDSCH,Table 2,20,200,18.68421052631579,0.7143966984947372,127080,8448,16
sionna,PDSCH,Table 2,20,200,20.263157894736842,0.0,127080,8448,16
sionna,PDSCH,Table 2,20,200,21.842105263157894,0.0,127080,8448,16
sionna,PDSCH,Table 2,20,200,23.42105263157895,0.0,127080,8448,16
sionna,PDSCH,Table 2,20,200,25.0,0.0,127080,8448,16
sionna,PDSCH,Table 2,21,10,-5.0,1.0,6656,7040,1
sionna,PDSCH,Table 2,21,10,-3.4210526315789473,1.0,6656,7040,1
sionna,PDSCH,Table 2,21,10,-1.8421052631578947,1.0,6656,7040,1
sionna,PDSCH,Table 2,21,10,-0.2631578947368425,1.0,6656,7040,1
sionna,PDSCH,Table 2,21,10,1.3157894736842106,1.0,6656,7040,1
sionna,PDSCH,Table 2,21,10,2.8947368421052637,1.0,6656,7040,1
sionna,PDSCH,Table 2,21,10,4.473684210526315,1.0,6656,7040,1
sionna,PDSCH,Table 2,21,10,6.052631578947368,1.0,6656,7040,1
sionna,PDSCH,Table 2,21,10,7.631578947368421,1.0,6656,7040,1
sionna,PDSCH,Table 2,21,10,9.210526315789474,1.0,6656,7040,1
sionna,PDSCH,Table 2,21,10,10.789473684210527,1.0,6656,7040,1
sionna,PDSCH,Table 2,21,10,12.368421052631579,1.0,6656,7040,1
sionna,PDSCH,Table 2,21,10,13.94736842105263,1.0,6656,7040,1
sionna,PDSCH,Table 2,21,10,15.526315789473685,1.0,6656,7040,1
sionna,PDSCH,Table 2,21,10,17.105263157894736,1.0,6656,7040,1
sionna,PDSCH,Table 2,21,10,18.68421052631579,0.4790908992290497,6656,7040,1
sionna,PDSCH,Table 2,21,10,20.263157894736842,0.0,6656,7040,1
sionna,PDSCH,Table 2,21,10,21.842105263157894,0.0,6656,7040,1
sionna,PDSCH,Table 2,21,10,23.42105263157895,0.0,6656,7040,1
sionna,PDSCH,Table 2,21,10,25.0,0.0,6656,7040,1
sionna,PDSCH,Table 2,21,100,-5.0,1.0,67584,7744,9
sionna,PDSCH,Table 2,21,100,-3.4210526315789473,1.0,67584,7744,9
sionna,PDSCH,Table 2,21,100,-1.8421052631578947,1.0,67584,7744,9
sionna,PDSCH,Table 2,21,100,-0.2631578947368425,1.0,67584,7744,9
sionna,PDSCH,Table 2,21,100,1.3157894736842106,1.0,67584,7744,9
sionna,PDSCH,Table 2,21,100,2.8947368421052637,1.0,67584,7744,9
sionna,PDSCH,Table 2,21,100,4.473684210526315,1.0,67584,7744,9
sionna,PDSCH,Table 2,21,100,6.052631578947368,1.0,67584,7744,9
sionna,PDSCH,Table 2,21,100,7.631578947368421,1.0,67584,7744,9
sionna,PDSCH,Table 2,21,100,9.210526315789474,1.0,67584,7744,9
sionna,PDSCH,Table 2,21,100,10.789473684210527,1.0,67584,7744,9
sionna,PDSCH,Table 2,21,100,12.368421052631579,1.0,67584,7744,9
sionna,PDSCH,Table 2,21,100,13.94736842105263,1.0,67584,7744,9
sionna,PDSCH,Table 2,21,100,15.526315789473685,1.0,67584,7744,9
sionna,PDSCH,Table 2,21,100,17.105263157894736,1.0,67584,7744,9
sionna,PDSCH,Table 2,21,100,18.68421052631579,0.9971760467337245,67584,7744,9
sionna,PDSCH,Table 2,21,100,20.263157894736842,0.0,67584,7744,9
sionna,PDSCH,Table 2,21,100,21.842105263157894,0.0,67584,7744,9
sionna,PDSCH,Table 2,21,100,23.42105263157895,0.0,67584,7744,9
sionna,PDSCH,Table 2,21,100,25.0,0.0,67584,7744,9
sionna,PDSCH,Table 2,21,200,-5.0,1.0,135296,8448,17
sionna,PDSCH,Table 2,21,200,-3.4210526315789473,1.0,135296,8448,17
sionna,PDSCH,Table 2,21,200,-1.8421052631578947,1.0,135296,8448,17
sionna,PDSCH,Table 2,21,200,-0.2631578947368425,1.0,135296,8448,17
sionna,PDSCH,Table 2,21,200,1.3157894736842106,1.0,135296,8448,17
sionna,PDSCH,Table 2,21,200,2.8947368421052637,1.0,135296,8448,17
sionna,PDSCH,Table 2,21,200,4.473684210526315,1.0,135296,8448,17
sionna,PDSCH,Table 2,21,200,6.052631578947368,1.0,135296,8448,17
sionna,PDSCH,Table 2,21,200,7.631578947368421,1.0,135296,8448,17
sionna,PDSCH,Table 2,21,200,9.210526315789474,1.0,135296,8448,17
sionna,PDSCH,Table 2,21,200,10.789473684210527,1.0,135296,8448,17
sionna,PDSCH,Table 2,21,200,12.368421052631579,1.0,135296,8448,17
sionna,PDSCH,Table 2,21,200,13.94736842105263,1.0,135296,8448,17
sionna,PDSCH,Table 2,21,200,15.526315789473685,1.0,135296,8448,17
sionna,PDSCH,Table 2,21,200,17.105263157894736,1.0,135296,8448,17
sionna,PDSCH,Table 2,21,200,18.68421052631579,0.9999846907799493,135296,8448,17
sionna,PDSCH,Table 2,21,200,20.263157894736842,0.0,135296,8448,17
sionna,PDSCH,Table 2,21,200,21.842105263157894,0.0,135296,8448,17
sionna,PDSCH,Table 2,21,200,23.42105263157895,0.0,135296,8448,17
sionna,PDSCH,Table 2,21,200,25.0,0.0,135296,8448,17
sionna,PDSCH,Table 2,22,10,-5.0,1.0,7040,7744,1
sionna,PDSCH,Table 2,22,10,-3.4210526315789473,1.0,7040,7744,1
sionna,PDSCH,Table 2,22,10,-1.8421052631578947,1.0,7040,7744,1
sionna,PDSCH,Table 2,22,10,-0.2631578947368425,1.0,7040,7744,1
sionna,PDSCH,Table 2,22,10,1.3157894736842106,1.0,7040,7744,1
sionna,PDSCH,Table 2,22,10,2.8947368421052637,1.0,7040,7744,1
sionna,PDSCH,Table 2,22,10,4.473684210526315,1.0,7040,7744,1
sionna,PDSCH,Table 2,22,10,6.052631578947368,1.0,7040,7744,1
sionna,PDSCH,Table 2,22,10,7.631578947368421,1.0,7040,7744,1
sionna,PDSCH,Table 2,22,10,9.210526315789474,1.0,7040,7744,1
sionna,PDSCH,Table 2,22,10,10.789473684210527,1.0,7040,7744,1
sionna,PDSCH,Table 2,22,10,12.368421052631579,1.0,7040,7744,1
sionna,PDSCH,Table 2,22,10,13.94736842105263,1.0,7040,7744,1
sionna,PDSCH,Table 2,22,10,15.526315789473685,1.0,7040,7744,1
sionna,PDSCH,Table 2,22,10,17.105263157894736,1.0,7040,7744,1
sionna,PDSCH,Table 2,22,10,18.68421052631579,1.0,7040,7744,1
sionna,PDSCH,Table 2,22,10,20.263157894736842,0.03799999877810478,7040,7744,1
sionna,PDSCH,Table 2,22,10,21.842105263157894,0.0,7040,7744,1
sionna,PDSCH,Table 2,22,10,23.42105263157895,0.0,7040,7744,1
sionna,PDSCH,Table 2,22,10,25.0,0.0,7040,7744,1
sionna,PDSCH,Table 2,22,100,-5.0,1.0,71688,8448,9
sionna,PDSCH,Table 2,22,100,-3.4210526315789473,1.0,71688,8448,9
sionna,PDSCH,Table 2,22,100,-1.8421052631578947,1.0,71688,8448,9
sionna,PDSCH,Table 2,22,100,-0.2631578947368425,1.0,71688,8448,9
sionna,PDSCH,Table 2,22,100,1.3157894736842106,1.0,71688,8448,9
sionna,PDSCH,Table 2,22,100,2.8947368421052637,1.0,71688,8448,9
sionna,PDSCH,Table 2,22,100,4.473684210526315,1.0,71688,8448,9
sionna,PDSCH,Table 2,22,100,6.052631578947368,1.0,71688,8448,9
sionna,PDSCH,Table 2,22,100,7.631578947368421,1.0,71688,8448,9
sionna,PDSCH,Table 2,22,100,9.210526315789474,1.0,71688,8448,9
sionna,PDSCH,Table 2,22,100,10.789473684210527,1.0,71688,8448,9
sionna,PDSCH,Table 2,22,100,12.368421052631579,1.0,71688,8448,9
sionna,PDSCH,Table 2,22,100,13.94736842105263,1.0,71688,8448,9
sionna,PDSCH,Table 2,22,100,15.526315789473685,1.0,71688,8448,9
sionna,PDSCH,Table 2,22,100,17.105263157894736,1.0,71688,8448,9
sionna,PDSCH,Table 2,22,100,18.68421052631579,1.0,71688,8448,9
sionna,PDSCH,Table 2,22,100,20.263157894736842,0.294372247590158,71688,8448,9
sionna,PDSCH,Table 2,22,100,21.842105263157894,0.0,71688,8448,9
sionna,PDSCH,Table 2,22,100,23.42105263157895,0.0,71688,8448,9
sionna,PDSCH,Table 2,22,100,25.0,0.0,71688,8448,9
sionna,PDSCH,Table 2,22,200,-5.0,1.0,143400,8448,18
sionna,PDSCH,Table 2,22,200,-3.4210526315789473,1.0,143400,8448,18
sionna,PDSCH,Table 2,22,200,-1.8421052631578947,1.0,143400,8448,18
sionna,PDSCH,Table 2,22,200,-0.2631578947368425,1.0,143400,8448,18
sionna,PDSCH,Table 2,22,200,1.3157894736842106,1.0,143400,8448,18
sionna,PDSCH,Table 2,22,200,2.8947368421052637,1.0,143400,8448,18
sionna,PDSCH,Table 2,22,200,4.473684210526315,1.0,143400,8448,18
sionna,PDSCH,Table 2,22,200,6.052631578947368,1.0,143400,8448,18
sionna,PDSCH,Table 2,22,200,7.631578947368421,1.0,143400,8448,18
sionna,PDSCH,Table 2,22,200,9.210526315789474,1.0,143400,8448,18
sionna,PDSCH,Table 2,22,200,10.789473684210527,1.0,143400,8448,18
sionna,PDSCH,Table 2,22,200,12.368421052631579,1.0,143400,8448,18
sionna,PDSCH,Table 2,22,200,13.94736842105263,1.0,143400,8448,18
sionna,PDSCH,Table 2,22,200,15.526315789473685,1.0,143400,8448,18
sionna,PDSCH,Table 2,22,200,17.105263157894736,1.0,143400,8448,18
sionna,PDSCH,Table 2,22,200,18.68421052631579,1.0,143400,8448,18
sionna,PDSCH,Table 2,22,200,20.263157894736842,0.5020894750290347,143400,8448,18
sionna,PDSCH,Table 2,22,200,21.842105263157894,0.0,143400,8448,18
sionna,PDSCH,Table 2,22,200,23.42105263157895,0.0,143400,8448,18
sionna,PDSCH,Table 2,22,200,25.0,0.0,143400,8448,18
sionna,PDSCH,Table 2,23,10,-5.0,1.0,7424,7744,1
sionna,PDSCH,Table 2,23,10,-3.4210526315789473,1.0,7424,7744,1
sionna,PDSCH,Table 2,23,10,-1.8421052631578947,1.0,7424,7744,1
sionna,PDSCH,Table 2,23,10,-0.2631578947368425,1.0,7424,7744,1
sionna,PDSCH,Table 2,23,10,1.3157894736842106,1.0,7424,7744,1
sionna,PDSCH,Table 2,23,10,2.8947368421052637,1.0,7424,7744,1
sionna,PDSCH,Table 2,23,10,4.473684210526315,1.0,7424,7744,1
sionna,PDSCH,Table 2,23,10,6.052631578947368,1.0,7424,7744,1
sionna,PDSCH,Table 2,23,10,7.631578947368421,1.0,7424,7744,1
sionna,PDSCH,Table 2,23,10,9.210526315789474,1.0,7424,7744,1
sionna,PDSCH,Table 2,23,10,10.789473684210527,1.0,7424,7744,1
sionna,PDSCH,Table 2,23,10,12.368421052631579,1.0,7424,7744,1
sionna,PDSCH,Table 2,23,10,13.94736842105263,1.0,7424,7744,1
sionna,PDSCH,Table 2,23,10,15.526315789473685,1.0,7424,7744,1
sionna,PDSCH,Table 2,23,10,17.105263157894736,1.0,7424,7744,1
sionna,PDSCH,Table 2,23,10,18.68421052631579,1.0,7424,7744,1
sionna,PDSCH,Table 2,23,10,20.263157894736842,0.9449999928474426,7424,7744,1
sionna,PDSCH,Table 2,23,10,21.842105263157894,0.0013333333190530539,7424,7744,1
sionna,PDSCH,Table 2,23,10,23.42105263157895,0.0,7424,7744,1
sionna,PDSCH,Table 2,23,10,25.0,0.0,7424,7744,1
sionna,PDSCH,Table 2,23,100,-5.0,1.0,73776,8448,9
sionna,PDSCH,Table 2,23,100,-3.4210526315789473,1.0,73776,8448,9
sionna,PDSCH,Table 2,23,100,-1.8421052631578947,1.0,73776,8448,9
sionna,PDSCH,Table 2,23,100,-0.2631578947368425,1.0,73776,8448,9
sionna,PDSCH,Table 2,23,100,1.3157894736842106,1.0,73776,8448,9
sionna,PDSCH,Table 2,23,100,2.8947368421052637,1.0,73776,8448,9
sionna,PDSCH,Table 2,23,100,4.473684210526315,1.0,73776,8448,9
sionna,PDSCH,Table 2,23,100,6.052631578947368,1.0,73776,8448,9
sionna,PDSCH,Table 2,23,100,7.631578947368421,1.0,73776,8448,9
sionna,PDSCH,Table 2,23,100,9.210526315789474,1.0,73776,8448,9
sionna,PDSCH,Table 2,23,100,10.789473684210527,1.0,73776,8448,9
sionna,PDSCH,Table 2,23,100,12.368421052631579,1.0,73776,8448,9
sionna,PDSCH,Table 2,23,100,13.94736842105263,1.0,73776,8448,9
sionna,PDSCH,Table 2,23,100,15.526315789473685,1.0,73776,8448,9
sionna,PDSCH,Table 2,23,100,17.105263157894736,1.0,73776,8448,9
sionna,PDSCH,Table 2,23,100,18.68421052631579,1.0,73776,8448,9
sionna,PDSCH,Table 2,23,100,20.263157894736842,0.9999999999953946,73776,8448,9
sionna,PDSCH,Table 2,23,100,21.842105263157894,0.011936198586261382,73776,8448,9
sionna,PDSCH,Table 2,23,100,23.42105263157895,0.0,73776,8448,9
sionna,PDSCH,Table 2,23,100,25.0,0.0,73776,8448,9
sionna,PDSCH,Table 2,23,200,-5.0,1.0,147576,8448,18
sionna,PDSCH,Table 2,23,200,-3.4210526315789473,1.0,147576,8448,18
sionna,PDSCH,Table 2,23,200,-1.8421052631578947,1.0,147576,8448,18
sionna,PDSCH,Table 2,23,200,-0.2631578947368425,1.0,147576,8448,18
sionna,PDSCH,Table 2,23,200,1.3157894736842106,1.0,147576,8448,18
sionna,PDSCH,Table 2,23,200,2.8947368421052637,1.0,147576,8448,18
sionna,PDSCH,Table 2,23,200,4.473684210526315,1.0,147576,8448,18
sionna,PDSCH,Table 2,23,200,6.052631578947368,1.0,147576,8448,18
sionna,PDSCH,Table 2,23,200,7.631578947368421,1.0,147576,8448,18
sionna,PDSCH,Table 2,23,200,9.210526315789474,1.0,147576,8448,18
sionna,PDSCH,Table 2,23,200,10.789473684210527,1.0,147576,8448,18
sionna,PDSCH,Table 2,23,200,12.368421052631579,1.0,147576,8448,18
sionna,PDSCH,Table 2,23,200,13.94736842105263,1.0,147576,8448,18
sionna,PDSCH,Table 2,23,200,15.526315789473685,1.0,147576,8448,18
sionna,PDSCH,Table 2,23,200,17.105263157894736,1.0,147576,8448,18
sionna,PDSCH,Table 2,23,200,18.68421052631579,1.0,147576,8448,18
sionna,PDSCH,Table 2,23,200,20.263157894736842,1.0,147576,8448,18
sionna,PDSCH,Table 2,23,200,21.842105263157894,0.023729924335832098,147576,8448,18
sionna,PDSCH,Table 2,23,200,23.42105263157895,0.0,147576,8448,18
sionna,PDSCH,Table 2,23,200,25.0,0.0,147576,8448,18
sionna,PDSCH,Table 2,24,10,-5.0,1.0,7808,8448,1
sionna,PDSCH,Table 2,24,10,-3.4210526315789473,1.0,7808,8448,1
sionna,PDSCH,Table 2,24,10,-1.8421052631578947,1.0,7808,8448,1
sionna,PDSCH,Table 2,24,10,-0.2631578947368425,1.0,7808,8448,1
sionna,PDSCH,Table 2,24,10,1.3157894736842106,1.0,7808,8448,1
sionna,PDSCH,Table 2,24,10,2.8947368421052637,1.0,7808,8448,1
sionna,PDSCH,Table 2,24,10,4.473684210526315,1.0,7808,8448,1
sionna,PDSCH,Table 2,24,10,6.052631578947368,1.0,7808,8448,1
sionna,PDSCH,Table 2,24,10,7.631578947368421,1.0,7808,8448,1
sionna,PDSCH,Table 2,24,10,9.210526315789474,1.0,7808,8448,1
sionna,PDSCH,Table 2,24,10,10.789473684210527,1.0,7808,8448,1
sionna,PDSCH,Table 2,24,10,12.368421052631579,1.0,7808,8448,1
sionna,PDSCH,Table 2,24,10,13.94736842105263,1.0,7808,8448,1
sionna,PDSCH,Table 2,24,10,15.526315789473685,1.0,7808,8448,1
sionna,PDSCH,Table 2,24,10,17.105263157894736,1.0,7808,8448,1
sionna,PDSCH,Table 2,24,10,18.68421052631579,1.0,7808,8448,1
sionna,PDSCH,Table 2,24,10,20.263157894736842,1.0,7808,8448,1
sionna,PDSCH,Table 2,24,10,21.842105263157894,0.3479999899864197,7808,8448,1
sionna,PDSCH,Table 2,24,10,23.42105263157895,0.00033333332976326346,7808,8448,1
sionna,PDSCH,Table 2,24,10,25.0,0.0,7808,8448,1
sionna,PDSCH,Table 2,24,100,-5.0,1.0,77896,8448,10
sionna,PDSCH,Table 2,24,100,-3.4210526315789473,1.0,77896,8448,10
sionna,PDSCH,Table 2,24,100,-1.8421052631578947,1.0,77896,8448,10
sionna,PDSCH,Table 2,24,100,-0.2631578947368425,1.0,77896,8448,10
sionna,PDSCH,Table 2,24,100,1.3157894736842106,1.0,77896,8448,10
sionna,PDSCH,Table 2,24,100,2.8947368421052637,1.0,77896,8448,10
sionna,PDSCH,Table 2,24,100,4.473684210526315,1.0,77896,8448,10
sionna,PDSCH,Table 2,24,100,6.052631578947368,1.0,77896,8448,10
sionna,PDSCH,Table 2,24,100,7.631578947368421,1.0,77896,8448,10
sionna,PDSCH,Table 2,24,100,9.210526315789474,1.0,77896,8448,10
sionna,PDSCH,Table 2,24,100,10.789473684210527,1.0,77896,8448,10
sionna,PDSCH,Table 2,24,100,12.368421052631579,1.0,77896,8448,10
sionna,PDSCH,Table 2,24,100,13.94736842105263,1.0,77896,8448,10
sionna,PDSCH,Table 2,24,100,15.526315789473685,1.0,77896,8448,10
sionna,PDSCH,Table 2,24,100,17.105263157894736,1.0,77896,8448,10
sionna,PDSCH,Table 2,24,100,18.68421052631579,1.0,77896,8448,10
sionna,PDSCH,Table 2,24,100,20.263157894736842,1.0,77896,8448,10
sionna,PDSCH,Table 2,24,100,21.842105263157894,0.9861172333440978,77896,8448,10
sionna,PDSCH,Table 2,24,100,23.42105263157895,0.003328337739592513,77896,8448,10
sionna,PDSCH,Table 2,24,100,25.0,0.0,77896,8448,10
sionna,PDSCH,Table 2,24,200,-5.0,1.0,155776,8448,19
sionna,PDSCH,Table 2,24,200,-3.4210526315789473,1.0,155776,8448,19
sionna,PDSCH,Table 2,24,200,-1.8421052631578947,1.0,155776,8448,19
sionna,PDSCH,Table 2,24,200,-0.2631578947368425,1.0,155776,8448,19
sionna,PDSCH,Table 2,24,200,1.3157894736842106,1.0,155776,8448,19
sionna,PDSCH,Table 2,24,200,2.8947368421052637,1.0,155776,8448,19
sionna,PDSCH,Table 2,24,200,4.473684210526315,1.0,155776,8448,19
sionna,PDSCH,Table 2,24,200,6.052631578947368,1.0,155776,8448,19
sionna,PDSCH,Table 2,24,200,7.631578947368421,1.0,155776,8448,19
sionna,PDSCH,Table 2,24,200,9.210526315789474,1.0,155776,8448,19
sionna,PDSCH,Table 2,24,200,10.789473684210527,1.0,155776,8448,19
sionna,PDSCH,Table 2,24,200,12.368421052631579,1.0,155776,8448,19
sionna,PDSCH,Table 2,24,200,13.94736842105263,1.0,155776,8448,19
sionna,PDSCH,Table 2,24,200,15.526315789473685,1.0,155776,8448,19
sionna,PDSCH,Table 2,24,200,17.105263157894736,1.0,155776,8448,19
sionna,PDSCH,Table 2,24,200,18.68421052631579,1.0,155776,8448,19
sionna,PDSCH,Table 2,24,200,20.263157894736842,1.0,155776,8448,19
sionna,PDSCH,Table 2,24,200,21.842105263157894,0.9997043999891684,155776,8448,19
sionna,PDSCH,Table 2,24,200,23.42105263157895,0.006314369106992679,155776,8448,19
sionna,PDSCH,Table 2,24,200,25.0,0.0,155776,8448,19
sionna,PDSCH,Table 2,25,10,-5.0,1.0,8192,8448,1
sionna,PDSCH,Table 2,25,10,-3.4210526315789473,1.0,8192,8448,1
sionna,PDSCH,Table 2,25,10,-1.8421052631578947,1.0,8192,8448,1
sionna,PDSCH,Table 2,25,10,-0.2631578947368425,1.0,8192,8448,1
sionna,PDSCH,Table 2,25,10,1.3157894736842106,1.0,8192,8448,1
sionna,PDSCH,Table 2,25,10,2.8947368421052637,1.0,8192,8448,1
sionna,PDSCH,Table 2,25,10,4.473684210526315,1.0,8192,8448,1
sionna,PDSCH,Table 2,25,10,6.052631578947368,1.0,8192,8448,1
sionna,PDSCH,Table 2,25,10,7.631578947368421,1.0,8192,8448,1
sionna,PDSCH,Table 2,25,10,9.210526315789474,1.0,8192,8448,1
sionna,PDSCH,Table 2,25,10,10.789473684210527,1.0,8192,8448,1
sionna,PDSCH,Table 2,25,10,12.368421052631579,1.0,8192,8448,1
sionna,PDSCH,Table 2,25,10,13.94736842105263,1.0,8192,8448,1
sionna,PDSCH,Table 2,25,10,15.526315789473685,1.0,8192,8448,1
sionna,PDSCH,Table 2,25,10,17.105263157894736,1.0,8192,8448,1
sionna,PDSCH,Table 2,25,10,18.68421052631579,1.0,8192,8448,1
sionna,PDSCH,Table 2,25,10,20.263157894736842,1.0,8192,8448,1
sionna,PDSCH,Table 2,25,10,21.842105263157894,1.0,8192,8448,1
sionna,PDSCH,Table 2,25,10,23.42105263157895,0.03700000047683716,8192,8448,1
sionna,PDSCH,Table 2,25,10,25.0,0.0,8192,8448,1
sionna,PDSCH,Table 2,25,100,-5.0,1.0,83976,8448,10
sionna,PDSCH,Table 2,25,100,-3.4210526315789473,1.0,83976,8448,10
sionna,PDSCH,Table 2,25,100,-1.8421052631578947,1.0,83976,8448,10
sionna,PDSCH,Table 2,25,100,-0.2631578947368425,1.0,83976,8448,10
sionna,PDSCH,Table 2,25,100,1.3157894736842106,1.0,83976,8448,10
sionna,PDSCH,Table 2,25,100,2.8947368421052637,1.0,83976,8448,10
sionna,PDSCH,Table 2,25,100,4.473684210526315,1.0,83976,8448,10
sionna,PDSCH,Table 2,25,100,6.052631578947368,1.0,83976,8448,10
sionna,PDSCH,Table 2,25,100,7.631578947368421,1.0,83976,8448,10
sionna,PDSCH,Table 2,25,100,9.210526315789474,1.0,83976,8448,10
sionna,PDSCH,Table 2,25,100,10.789473684210527,1.0,83976,8448,10
sionna,PDSCH,Table 2,25,100,12.368421052631579,1.0,83976,8448,10
sionna,PDSCH,Table 2,25,100,13.94736842105263,1.0,83976,8448,10
sionna,PDSCH,Table 2,25,100,15.526315789473685,1.0,83976,8448,10
sionna,PDSCH,Table 2,25,100,17.105263157894736,1.0,83976,8448,10
sionna,PDSCH,Table 2,25,100,18.68421052631579,1.0,83976,8448,10
sionna,PDSCH,Table 2,25,100,20.263157894736842,1.0,83976,8448,10
sionna,PDSCH,Table 2,25,100,21.842105263157894,1.0,83976,8448,10
sionna,PDSCH,Table 2,25,100,23.42105263157895,0.3140967366959815,83976,8448,10
sionna,PDSCH,Table 2,25,100,25.0,0.0,83976,8448,10
sionna,PDSCH,Table 2,25,200,-5.0,1.0,167976,8448,20
sionna,PDSCH,Table 2,25,200,-3.4210526315789473,1.0,167976,8448,20
sionna,PDSCH,Table 2,25,200,-1.8421052631578947,1.0,167976,8448,20
sionna,PDSCH,Table 2,25,200,-0.2631578947368425,1.0,167976,8448,20
sionna,PDSCH,Table 2,25,200,1.3157894736842106,1.0,167976,8448,20
sionna,PDSCH,Table 2,25,200,2.8947368421052637,1.0,167976,8448,20
sionna,PDSCH,Table 2,25,200,4.473684210526315,1.0,167976,8448,20
sionna,PDSCH,Table 2,25,200,6.052631578947368,1.0,167976,8448,20
sionna,PDSCH,Table 2,25,200,7.631578947368421,1.0,167976,8448,20
sionna,PDSCH,Table 2,25,200,9.210526315789474,1.0,167976,8448,20
sionna,PDSCH,Table 2,25,200,10.789473684210527,1.0,167976,8448,20
sionna,PDSCH,Table 2,25,200,12.368421052631579,1.0,167976,8448,20
sionna,PDSCH,Table 2,25,200,13.94736842105263,1.0,167976,8448,20
sionna,PDSCH,Table 2,25,200,15.526315789473685,1.0,167976,8448,20
sionna,PDSCH,Table 2,25,200,17.105263157894736,1.0,167976,8448,20
sionna,PDSCH,Table 2,25,200,18.68421052631579,1.0,167976,8448,20
sionna,PDSCH,Table 2,25,200,20.263157894736842,1.0,167976,8448,20
sionna,PDSCH,Table 2,25,200,21.842105263157894,1.0,167976,8448,20
sionna,PDSCH,Table 2,25,200,23.42105263157895,0.5295367133888983,167976,8448,20
sionna,PDSCH,Table 2,25,200,25.0,0.0,167976,8448,20
sionna,PDSCH,Table 2,26,10,-5.0,1.0,8456,4576,2
sionna,PDSCH,Table 2,26,10,-3.4210526315789473,1.0,8456,4576,2
sionna,PDSCH,Table 2,26,10,-1.8421052631578947,1.0,8456,4576,2
sionna,PDSCH,Table 2,26,10,-0.2631578947368425,1.0,8456,4576,2
sionna,PDSCH,Table 2,26,10,1.3157894736842106,1.0,8456,4576,2
sionna,PDSCH,Table 2,26,10,2.8947368421052637,1.0,8456,4576,2
sionna,PDSCH,Table 2,26,10,4.473684210526315,1.0,8456,4576,2
sionna,PDSCH,Table 2,26,10,6.052631578947368,1.0,8456,4576,2
sionna,PDSCH,Table 2,26,10,7.631578947368421,1.0,8456,4576,2
sionna,PDSCH,Table 2,26,10,9.210526315789474,1.0,8456,4576,2
sionna,PDSCH,Table 2,26,10,10.789473684210527,1.0,8456,4576,2
sionna,PDSCH,Table 2,26,10,12.368421052631579,1.0,8456,4576,2
sionna,PDSCH,Table 2,26,10,13.94736842105263,1.0,8456,4576,2
sionna,PDSCH,Table 2,26,10,15.526315789473685,1.0,8456,4576,2
sionna,PDSCH,Table 2,26,10,17.105263157894736,1.0,8456,4576,2
sionna,PDSCH,Table 2,26,10,18.68421052631579,1.0,8456,4576,2
sionna,PDSCH,Table 2,26,10,20.263157894736842,1.0,8456,4576,2
sionna,PDSCH,Table 2,26,10,21.842105263157894,1.0,8456,4576,2
sionna,PDSCH,Table 2,26,10,23.42105263157895,0.9605693818033956,8456,4576,2
sionna,PDSCH,Table 2,26,10,25.0,0.0013328888746181322,8456,4576,2
sionna,PDSCH,Table 2,26,100,-5.0,1.0,86040,8448,11
sionna,PDSCH,Table 2,26,100,-3.4210526315789473,1.0,86040,8448,11
sionna,PDSCH,Table 2,26,100,-1.8421052631578947,1.0,86040,8448,11
sionna,PDSCH,Table 2,26,100,-0.2631578947368425,1.0,86040,8448,11
sionna,PDSCH,Table 2,26,100,1.3157894736842106,1.0,86040,8448,11
sionna,PDSCH,Table 2,26,100,2.8947368421052637,1.0,86040,8448,11
sionna,PDSCH,Table 2,26,100,4.473684210526315,1.0,86040,8448,11
sionna,PDSCH,Table 2,26,100,6.052631578947368,1.0,86040,8448,11
sionna,PDSCH,Table 2,26,100,7.631578947368421,1.0,86040,8448,11
sionna,PDSCH,Table 2,26,100,9.210526315789474,1.0,86040,8448,11
sionna,PDSCH,Table 2,26,100,10.789473684210527,1.0,86040,8448,11
sionna,PDSCH,Table 2,26,100,12.368421052631579,1.0,86040,8448,11
sionna,PDSCH,Table 2,26,100,13.94736842105263,1.0,86040,8448,11
sionna,PDSCH,Table 2,26,100,15.526315789473685,1.0,86040,8448,11
sionna,PDSCH,Table 2,26,100,17.105263157894736,1.0,86040,8448,11
sionna,PDSCH,Table 2,26,100,18.68421052631579,1.0,86040,8448,11
sionna,PDSCH,Table 2,26,100,20.263157894736842,1.0,86040,8448,11
sionna,PDSCH,Table 2,26,100,21.842105263157894,1.0,86040,8448,11
sionna,PDSCH,Table 2,26,100,23.42105263157895,0.9999999810728718,86040,8448,11
sionna,PDSCH,Table 2,26,100,25.0,0.007308937634633916,86040,8448,11
sionna,PDSCH,Table 2,26,200,-5.0,1.0,172176,8448,21
sionna,PDSCH,Table 2,26,200,-3.4210526315789473,1.0,172176,8448,21
sionna,PDSCH,Table 2,26,200,-1.8421052631578947,1.0,172176,8448,21
sionna,PDSCH,Table 2,26,200,-0.2631578947368425,1.0,172176,8448,21
sionna,PDSCH,Table 2,26,200,1.3157894736842106,1.0,172176,8448,21
sionna,PDSCH,Table 2,26,200,2.8947368421052637,1.0,172176,8448,21
sionna,PDSCH,Table 2,26,200,4.473684210526315,1.0,172176,8448,21
sionna,PDSCH,Table 2,26,200,6.052631578947368,1.0,172176,8448,21
sionna,PDSCH,Table 2,26,200,7.631578947368421,1.0,172176,8448,21
sionna,PDSCH,Table 2,26,200,9.210526315789474,1.0,172176,8448,21
sionna,PDSCH,Table 2,26,200,10.789473684210527,1.0,172176,8448,21
sionna,PDSCH,Table 2,26,200,12.368421052631579,1.0,172176,8448,21
sionna,PDSCH,Table 2,26,200,13.94736842105263,1.0,172176,8448,21
sionna,PDSCH,Table 2,26,200,15.526315789473685,1.0,172176,8448,21
sionna,PDSCH,Table 2,26,200,17.105263157894736,1.0,172176,8448,21
sionna,PDSCH,Table 2,26,200,18.68421052631579,1.0,172176,8448,21
sionna,PDSCH,Table 2,26,200,20.263157894736842,1.0,172176,8448,21
sionna,PDSCH,Table 2,26,200,21.842105263157894,1.0,172176,8448,21
sionna,PDSCH,Table 2,26,200,23.42105263157895,0.9999999999999982,172176,8448,21
sionna,PDSCH,Table 2,26,200,25.0,0.01390705941323711,172176,8448,21
sionna,PDSCH,Table 2,27,10,-5.0,1.0,8968,4576,2
sionna,PDSCH,Table 2,27,10,-3.4210526315789473,1.0,8968,4576,2
sionna,PDSCH,Table 2,27,10,-1.8421052631578947,1.0,8968,4576,2
sionna,PDSCH,Table 2,27,10,-0.2631578947368425,1.0,8968,4576,2
sionna,PDSCH,Table 2,27,10,1.3157894736842106,1.0,8968,4576,2
sionna,PDSCH,Table 2,27,10,2.8947368421052637,1.0,8968,4576,2
sionna,PDSCH,Table 2,27,10,4.473684210526315,1.0,8968,4576,2
sionna,PDSCH,Table 2,27,10,6.052631578947368,1.0,8968,4576,2
sionna,PDSCH,Table 2,27,10,7.631578947368421,1.0,8968,4576,2
sionna,PDSCH,Table 2,27,10,9.210526315789474,1.0,8968,4576,2
sionna,PDSCH,Table 2,27,10,10.789473684210527,1.0,8968,4576,2
sionna,PDSCH,Table 2,27,10,12.368421052631579,1.0,8968,4576,2
sionna,PDSCH,Table 2,27,10,13.94736842105263,1.0,8968,4576,2
sionna,PDSCH,Table 2,27,10,15.526315789473685,1.0,8968,4576,2
sionna,PDSCH,Table 2,27,10,17.105263157894736,1.0,8968,4576,2
sionna,PDSCH,Table 2,27,10,18.68421052631579,1.0,8968,4576,2
sionna,PDSCH,Table 2,27,10,20.263157894736842,1.0,8968,4576,2
sionna,PDSCH,Table 2,27,10,21.842105263157894,1.0,8968,4576,2
sionna,PDSCH,Table 2,27,10,23.42105263157895,1.0,8968,4576,2
sionna,PDSCH,Table 2,27,10,25.0,0.27806654995094404,8968,4576,2
sionna,PDSCH,Table 2,27,100,-5.0,1.0,88064,8448,11
sionna,PDSCH,Table 2,27,100,-3.4210526315789473,1.0,88064,8448,11
sionna,PDSCH,Table 2,27,100,-1.8421052631578947,1.0,88064,8448,11
sionna,PDSCH,Table 2,27,100,-0.2631578947368425,1.0,88064,8448,11
sionna,PDSCH,Table 2,27,100,1.3157894736842106,1.0,88064,8448,11
sionna,PDSCH,Table 2,27,100,2.8947368421052637,1.0,88064,8448,11
sionna,PDSCH,Table 2,27,100,4.473684210526315,1.0,88064,8448,11
sionna,PDSCH,Table 2,27,100,6.052631578947368,1.0,88064,8448,11
sionna,PDSCH,Table 2,27,100,7.631578947368421,1.0,88064,8448,11
sionna,PDSCH,Table 2,27,100,9.210526315789474,1.0,88064,8448,11
sionna,PDSCH,Table 2,27,100,10.789473684210527,1.0,88064,8448,11
sionna,PDSCH,Table 2,27,100,12.368421052631579,1.0,88064,8448,11
sionna,PDSCH,Table 2,27,100,13.94736842105263,1.0,88064,8448,11
sionna,PDSCH,Table 2,27,100,15.526315789473685,1.0,88064,8448,11
sionna,PDSCH,Table 2,27,100,17.105263157894736,1.0,88064,8448,11
sionna,PDSCH,Table 2,27,100,18.68421052631579,1.0,88064,8448,11
sionna,PDSCH,Table 2,27,100,20.263157894736842,1.0,88064,8448,11
sionna,PDSCH,Table 2,27,100,21.842105263157894,1.0,88064,8448,11
sionna,PDSCH,Table 2,27,100,23.42105263157895,1.0,88064,8448,11
sionna,PDSCH,Table 2,27,100,25.0,0.833377208238805,88064,8448,11
sionna,PDSCH,Table 2,27,200,-5.0,1.0,176208,8448,21
sionna,PDSCH,Table 2,27,200,-3.4210526315789473,1.0,176208,8448,21
sionna,PDSCH,Table 2,27,200,-1.8421052631578947,1.0,176208,8448,21
sionna,PDSCH,Table 2,27,200,-0.2631578947368425,1.0,176208,8448,21
sionna,PDSCH,Table 2,27,200,1.3157894736842106,1.0,176208,8448,21
sionna,PDSCH,Table 2,27,200,2.8947368421052637,1.0,176208,8448,21
sionna,PDSCH,Table 2,27,200,4.473684210526315,1.0,176208,8448,21
sionna,PDSCH,Table 2,27,200,6.052631578947368,1.0,176208,8448,21
sionna,PDSCH,Table 2,27,200,7.631578947368421,1.0,176208,8448,21
sionna,PDSCH,Table 2,27,200,9.210526315789474,1.0,176208,8448,21
sionna,PDSCH,Table 2,27,200,10.789473684210527,1.0,176208,8448,21
sionna,PDSCH,Table 2,27,200,12.368421052631579,1.0,176208,8448,21
sionna,PDSCH,Table 2,27,200,13.94736842105263,1.0,176208,8448,21
sionna,PDSCH,Table 2,27,200,15.526315789473685,1.0,176208,8448,21
sionna,PDSCH,Table 2,27,200,17.105263157894736,1.0,176208,8448,21
sionna,PDSCH,Table 2,27,200,18.68421052631579,1.0,176208,8448,21
sionna,PDSCH,Table 2,27,200,20.263157894736842,1.0,176208,8448,21
sionna,PDSCH,Table 2,27,200,21.842105263157894,1.0,176208,8448,21
sionna,PDSCH,Table 2,27,200,23.42105263157895,1.0,176208,8448,21
sionna,PDSCH,Table 2,27,200,25.0,0.9673246512830201,176208,8448,21
sionna,PDSCH,Table 3,9,10,-5.0,1.0,608,720,1
sionna,PDSCH,Table 3,9,10,-3.4210526315789473,0.91833331823349,608,720,1
sionna,PDSCH,Table 3,9,10,-1.8421052631578947,0.0003733333293348684,608,720,1
sionna,PDSCH,Table 3,9,10,-0.2631578947368425,0.0,608,720,1
sionna,PDSCH,Table 3,9,10,1.3157894736842106,0.0,608,720,1
sionna,PDSCH,Table 3,9,10,2.8947368421052637,0.0,608,720,1
sionna,PDSCH,Table 3,9,10,4.473684210526315,0.0,608,720,1
sionna,PDSCH,Table 3,9,10,6.052631578947368,0.0,608,720,1
sionna,PDSCH,Table 3,9,10,7.631578947368421,0.0,608,720,1
sionna,PDSCH,Table 3,9,10,9.210526315789474,0.0,608,720,1
sionna,PDSCH,Table 3,9,10,10.789473684210527,0.0,608,720,1
sionna,PDSCH,Table 3,9,10,12.368421052631579,0.0,608,720,1
sionna,PDSCH,Table 3,9,10,13.94736842105263,0.0,608,720,1
sionna,PDSCH,Table 3,9,10,15.526315789473685,0.0,608,720,1
sionna,PDSCH,Table 3,9,10,17.105263157894736,0.0,608,720,1
sionna,PDSCH,Table 3,9,10,18.68421052631579,0.0,608,720,1
sionna,PDSCH,Table 3,9,10,20.263157894736842,0.0,608,720,1
sionna,PDSCH,Table 3,9,10,21.842105263157894,0.0,608,720,1
sionna,PDSCH,Table 3,9,10,23.42105263157895,0.0,608,720,1
sionna,PDSCH,Table 3,9,10,25.0,0.0,608,720,1
sionna,PDSCH,Table 3,9,100,-5.0,1.0,5896,3200,2
sionna,PDSCH,Table 3,9,100,-3.4210526315789473,1.0,5896,3200,2
sionna,PDSCH,Table 3,9,100,-1.8421052631578947,0.0,5896,3200,2
sionna,PDSCH,Table 3,9,100,-0.2631578947368425,0.0,5896,3200,2
sionna,PDSCH,Table 3,9,100,1.3157894736842106,0.0,5896,3200,2
sionna,PDSCH,Table 3,9,100,2.8947368421052637,0.0,5896,3200,2
sionna,PDSCH,Table 3,9,100,4.473684210526315,0.0,5896,3200,2
sionna,PDSCH,Table 3,9,100,6.052631578947368,0.0,5896,3200,2
sionna,PDSCH,Table 3,9,100,7.631578947368421,0.0,5896,3200,2
sionna,PDSCH,Table 3,9,100,9.210526315789474,0.0,5896,3200,2
sionna,PDSCH,Table 3,9,100,10.789473684210527,0.0,5896,3200,2
sionna,PDSCH,Table 3,9,100,12.368421052631579,0.0,5896,3200,2
sionna,PDSCH,Table 3,9,100,13.94736842105263,0.0,5896,3200,2
sionna,PDSCH,Table 3,9,100,15.526315789473685,0.0,5896,3200,2
sionna,PDSCH,Table 3,9,100,17.105263157894736,0.0,5896,3200,2
sionna,PDSCH,Table 3,9,100,18.68421052631579,0.0,5896,3200,2
sionna,PDSCH,Table 3,9,100,20.263157894736842,0.0,5896,3200,2
sionna,PDSCH,Table 3,9,100,21.842105263157894,0.0,5896,3200,2
sionna,PDSCH,Table 3,9,100,23.42105263157895,0.0,5896,3200,2
sionna,PDSCH,Table 3,9,100,25.0,0.0,5896,3200,2
sionna,PDSCH,Table 3,9,200,-5.0,1.0,11784,3200,4
sionna,PDSCH,Table 3,9,200,-3.4210526315789473,1.0,11784,3200,4
sionna,PDSCH,Table 3,9,200,-1.8421052631578947,0.0,11784,3200,4
sionna,PDSCH,Table 3,9,200,-0.2631578947368425,0.0,11784,3200,4
sionna,PDSCH,Table 3,9,200,1.3157894736842106,0.0,11784,3200,4
sionna,PDSCH,Table 3,9,200,2.8947368421052637,0.0,11784,3200,4
sionna,PDSCH,Table 3,9,200,4.473684210526315,0.0,11784,3200,4
sionna,PDSCH,Table 3,9,200,6.052631578947368,0.0,11784,3200,4
sionna,PDSCH,Table 3,9,200,7.631578947368421,0.0,11784,3200,4
sionna,PDSCH,Table 3,9,200,9.210526315789474,0.0,11784,3200,4
sionna,PDSCH,Table 3,9,200,10.789473684210527,0.0,11784,3200,4
sionna,PDSCH,Table 3,9,200,12.368421052631579,0.0,11784,3200,4
sionna,PDSCH,Table 3,9,200,13.94736842105263,0.0,11784,3200,4
sionna,PDSCH,Table 3,9,200,15.526315789473685,0.0,11784,3200,4
sionna,PDSCH,Table 3,9,200,17.105263157894736,0.0,11784,3200,4
sionna,PDSCH,Table 3,9,200,18.68421052631579,0.0,11784,3200,4
sionna,PDSCH,Table 3,9,200,20.263157894736842,0.0,11784,3200,4
sionna,PDSCH,Table 3,9,200,21.842105263157894,0.0,11784,3200,4
sionna,PDSCH,Table 3,9,200,23.42105263157895,0.0,11784,3200,4
sionna,PDSCH,Table 3,9,200,25.0,0.0,11784,3200,4
sionna,PDSCH,Table 3,10,10,-5.0,1.0,736,800,1
sionna,PDSCH,Table 3,10,10,-3.4210526315789473,1.0,736,800,1
sionna,PDSCH,Table 3,10,10,-1.8421052631578947,0.38042857050895695,736,800,1
sionna,PDSCH,Table 3,10,10,-0.2631578947368425,0.0,736,800,1
sionna,PDSCH,Table 3,10,10,1.3157894736842106,0.0,736,800,1
sionna,PDSCH,Table 3,10,10,2.8947368421052637,0.0,736,800,1
sionna,PDSCH,Table 3,10,10,4.473684210526315,0.0,736,800,1
sionna,PDSCH,Table 3,10,10,6.052631578947368,0.0,736,800,1
sionna,PDSCH,Table 3,10,10,7.631578947368421,0.0,736,800,1
sionna,PDSCH,Table 3,10,10,9.210526315789474,0.0,736,800,1
sionna,PDSCH,Table 3,10,10,10.789473684210527,0.0,736,800,1
sionna,PDSCH,Table 3,10,10,12.368421052631579,0.0,736,800,1
sionna,PDSCH,Table 3,10,10,13.94736842105263,0.0,736,800,1
sionna,PDSCH,Table 3,10,10,15.526315789473685,0.0,736,800,1
sionna,PDSCH,Table 3,10,10,17.105263157894736,0.0,736,800,1
sionna,PDSCH,Table 3,10,10,18.68421052631579,0.0,736,800,1
sionna,PDSCH,Table 3,10,10,20.263157894736842,0.0,736,800,1
sionna,PDSCH,Table 3,10,10,21.842105263157894,0.0,736,800,1
sionna,PDSCH,Table 3,10,10,23.42105263157895,0.0,736,800,1
sionna,PDSCH,Table 3,10,10,25.0,0.0,736,800,1
sionna,PDSCH,Table 3,10,100,-5.0,1.0,7168,7744,1
sionna,PDSCH,Table 3,10,100,-3.4210526315789473,1.0,7168,7744,1
sionna,PDSCH,Table 3,10,100,-1.8421052631578947,0.4000000059604645,7168,7744,1
sionna,PDSCH,Table 3,10,100,-0.2631578947368425,0.0,7168,7744,1
sionna,PDSCH,Table 3,10,100,1.3157894736842106,0.0,7168,7744,1
sionna,PDSCH,Table 3,10,100,2.8947368421052637,0.0,7168,7744,1
sionna,PDSCH,Table 3,10,100,4.473684210526315,0.0,7168,7744,1
sionna,PDSCH,Table 3,10,100,6.052631578947368,0.0,7168,7744,1
sionna,PDSCH,Table 3,10,100,7.631578947368421,0.0,7168,7744,1
sionna,PDSCH,Table 3,10,100,9.210526315789474,0.0,7168,7744,1
sionna,PDSCH,Table 3,10,100,10.789473684210527,0.0,7168,7744,1
sionna,PDSCH,Table 3,10,100,12.368421052631579,0.0,7168,7744,1
sionna,PDSCH,Table 3,10,100,13.94736842105263,0.0,7168,7744,1
sionna,PDSCH,Table 3,10,100,15.526315789473685,0.0,7168,7744,1
sionna,PDSCH,Table 3,10,100,17.105263157894736,0.0,7168,7744,1
sionna,PDSCH,Table 3,10,100,18.68421052631579,0.0,7168,7744,1
sionna,PDSCH,Table 3,10,100,20.263157894736842,0.0,7168,7744,1
sionna,PDSCH,Table 3,10,100,21.842105263157894,0.0,7168,7744,1
sionna,PDSCH,Table 3,10,100,23.42105263157895,0.0,7168,7744,1
sionna,PDSCH,Table 3,10,100,25.0,0.0,7168,7744,1
sionna,PDSCH,Table 3,10,200,-5.0,1.0,14344,7744,2
sionna,PDSCH,Table 3,10,200,-3.4210526315789473,1.0,14344,7744,2
sionna,PDSCH,Table 3,10,200,-1.8421052631578947,0.6400000071525573,14344,7744,2
sionna,PDSCH,Table 3,10,200,-0.2631578947368425,0.0,14344,7744,2
sionna,PDSCH,Table 3,10,200,1.3157894736842106,0.0,14344,7744,2
sionna,PDSCH,Table 3,10,200,2.8947368421052637,0.0,14344,7744,2
sionna,PDSCH,Table 3,10,200,4.473684210526315,0.0,14344,7744,2
sionna,PDSCH,Table 3,10,200,6.052631578947368,0.0,14344,7744,2
sionna,PDSCH,Table 3,10,200,7.631578947368421,0.0,14344,7744,2
sionna,PDSCH,Table 3,10,200,9.210526315789474,0.0,14344,7744,2
sionna,PDSCH,Table 3,10,200,10.789473684210527,0.0,14344,7744,2
sionna,PDSCH,Table 3,10,200,12.368421052631579,0.0,14344,7744,2
sionna,PDSCH,Table 3,10,200,13.94736842105263,0.0,14344,7744,2
sionna,PDSCH,Table 3,10,200,15.526315789473685,0.0,14344,7744,2
sionna,PDSCH,Table 3,10,200,17.105263157894736,0.0,14344,7744,2
sionna,PDSCH,Table 3,10,200,18.68421052631579,0.0,14344,7744,2
sionna,PDSCH,Table 3,10,200,20.263157894736842,0.0,14344,7744,2
sionna,PDSCH,Table 3,10,200,21.842105263157894,0.0,14344,7744,2
sionna,PDSCH,Table 3,10,200,23.42105263157895,0.0,14344,7744,2
sionna,PDSCH,Table 3,10,200,25.0,0.0,14344,7744,2
sionna,PDSCH,Table 3,11,10,-5.0,1.0,888,960,1
sionna,PDSCH,Table 3,11,10,-3.4210526315789473,1.0,888,960,1
sionna,PDSCH,Table 3,11,10,-1.8421052631578947,0.9997333335876465,888,960,1
sionna,PDSCH,Table 3,11,10,-0.2631578947368425,0.02020000085234641,888,960,1
sionna,PDSCH,Table 3,11,10,1.3157894736842106,0.0,888,960,1
sionna,PDSCH,Table 3,11,10,2.8947368421052637,0.0,888,960,1
sionna,PDSCH,Table 3,11,10,4.473684210526315,0.0,888,960,1
sionna,PDSCH,Table 3,11,10,6.052631578947368,0.0,888,960,1
sionna,PDSCH,Table 3,11,10,7.631578947368421,0.0,888,960,1
sionna,PDSCH,Table 3,11,10,9.210526315789474,0.0,888,960,1
sionna,PDSCH,Table 3,11,10,10.789473684210527,0.0,888,960,1
sionna,PDSCH,Table 3,11,10,12.368421052631579,0.0,888,960,1
sionna,PDSCH,Table 3,11,10,13.94736842105263,0.0,888,960,1
sionna,PDSCH,Table 3,11,10,15.526315789473685,0.0,888,960,1
sionna,PDSCH,Table 3,11,10,17.105263157894736,0.0,888,960,1
sionna,PDSCH,Table 3,11,10,18.68421052631579,0.0,888,960,1
sionna,PDSCH,Table 3,11,10,20.263157894736842,0.0,888,960,1
sionna,PDSCH,Table 3,11,10,21.842105263157894,0.0,888,960,1
sionna,PDSCH,Table 3,11,10,23.42105263157895,0.0,888,960,1
sionna,PDSCH,Table 3,11,10,25.0,0.0,888,960,1
sionna,PDSCH,Table 3,11,100,-5.0,1.0,8968,4576,2
sionna,PDSCH,Table 3,11,100,-3.4210526315789473,1.0,8968,4576,2
sionna,PDSCH,Table 3,11,100,-1.8421052631578947,1.0,8968,4576,2
sionna,PDSCH,Table 3,11,100,-0.2631578947368425,0.007984000378459699,8968,4576,2
sionna,PDSCH,Table 3,11,100,1.3157894736842106,0.0,8968,4576,2
sionna,PDSCH,Table 3,11,100,2.8947368421052637,0.0,8968,4576,2
sionna,PDSCH,Table 3,11,100,4.473684210526315,0.0,8968,4576,2
sionna,PDSCH,Table 3,11,100,6.052631578947368,0.0,8968,4576,2
sionna,PDSCH,Table 3,11,100,7.631578947368421,0.0,8968,4576,2
sionna,PDSCH,Table 3,11,100,9.210526315789474,0.0,8968,4576,2
sionna,PDSCH,Table 3,11,100,10.789473684210527,0.0,8968,4576,2
sionna,PDSCH,Table 3,11,100,12.368421052631579,0.0,8968,4576,2
sionna,PDSCH,Table 3,11,100,13.94736842105263,0.0,8968,4576,2
sionna,PDSCH,Table 3,11,100,15.526315789473685,0.0,8968,4576,2
sionna,PDSCH,Table 3,11,100,17.105263157894736,0.0,8968,4576,2
sionna,PDSCH,Table 3,11,100,18.68421052631579,0.0,8968,4576,2
sionna,PDSCH,Table 3,11,100,20.263157894736842,0.0,8968,4576,2
sionna,PDSCH,Table 3,11,100,21.842105263157894,0.0,8968,4576,2
sionna,PDSCH,Table 3,11,100,23.42105263157895,0.0,8968,4576,2
sionna,PDSCH,Table 3,11,100,25.0,0.0,8968,4576,2
sionna,PDSCH,Table 3,11,200,-5.0,1.0,17928,6336,3
sionna,PDSCH,Table 3,11,200,-3.4210526315789473,1.0,17928,6336,3
sionna,PDSCH,Table 3,11,200,-1.8421052631578947,1.0,17928,6336,3
sionna,PDSCH,Table 3,11,200,-0.2631578947368425,0.011952064565418752,17928,6336,3
sionna,PDSCH,Table 3,11,200,1.3157894736842106,0.0,17928,6336,3
sionna,PDSCH,Table 3,11,200,2.8947368421052637,0.0,17928,6336,3
sionna,PDSCH,Table 3,11,200,4.473684210526315,0.0,17928,6336,3
sionna,PDSCH,Table 3,11,200,6.052631578947368,0.0,17928,6336,3
sionna,PDSCH,Table 3,11,200,7.631578947368421,0.0,17928,6336,3
sionna,PDSCH,Table 3,11,200,9.210526315789474,0.0,17928,6336,3
sionna,PDSCH,Table 3,11,200,10.789473684210527,0.0,17928,6336,3
sionna,PDSCH,Table 3,11,200,12.368421052631579,0.0,17928,6336,3
sionna,PDSCH,Table 3,11,200,13.94736842105263,0.0,17928,6336,3
sionna,PDSCH,Table 3,11,200,15.526315789473685,0.0,17928,6336,3
sionna,PDSCH,Table 3,11,200,17.105263157894736,0.0,17928,6336,3
sionna,PDSCH,Table 3,11,200,18.68421052631579,0.0,17928,6336,3
sionna,PDSCH,Table 3,11,200,20.263157894736842,0.0,17928,6336,3
sionna,PDSCH,Table 3,11,200,21.842105263157894,0.0,17928,6336,3
sionna,PDSCH,Table 3,11,200,23.42105263157895,0.0,17928,6336,3
sionna,PDSCH,Table 3,11,200,25.0,0.0,17928,6336,3
sionna,PDSCH,Table 3,12,10,-5.0,1.0,1064,1120,1
sionna,PDSCH,Table 3,12,10,-3.4210526315789473,1.0,1064,1120,1
sionna,PDSCH,Table 3,12,10,-1.8421052631578947,1.0,1064,1120,1
sionna,PDSCH,Table 3,12,10,-0.2631578947368425,0.958733320236206,1064,1120,1
sionna,PDSCH,Table 3,12,10,1.3157894736842106,0.0,1064,1120,1
sionna,PDSCH,Table 3,12,10,2.8947368421052637,0.0,1064,1120,1
sionna,PDSCH,Table 3,12,10,4.473684210526315,0.0,1064,1120,1
sionna,PDSCH,Table 3,12,10,6.052631578947368,0.0,1064,1120,1
sionna,PDSCH,Table 3,12,10,7.631578947368421,0.0,1064,1120,1
sionna,PDSCH,Table 3,12,10,9.210526315789474,0.0,1064,1120,1
sionna,PDSCH,Table 3,12,10,10.789473684210527,0.0,1064,1120,1
sionna,PDSCH,Table 3,12,10,12.368421052631579,0.0,1064,1120,1
sionna,PDSCH,Table 3,12,10,13.94736842105263,0.0,1064,1120,1
sionna,PDSCH,Table 3,12,10,15.526315789473685,0.0,1064,1120,1
sionna,PDSCH,Table 3,12,10,17.105263157894736,0.0,1064,1120,1
sionna,PDSCH,Table 3,12,10,18.68421052631579,0.0,1064,1120,1
sionna,PDSCH,Table 3,12,10,20.263157894736842,0.0,1064,1120,1
sionna,PDSCH,Table 3,12,10,21.842105263157894,0.0,1064,1120,1
sionna,PDSCH,Table 3,12,10,23.42105263157895,0.0,1064,1120,1
sionna,PDSCH,Table 3,12,10,25.0,0.0,1064,1120,1
sionna,PDSCH,Table 3,12,100,-5.0,1.0,10504,5632,2
sionna,PDSCH,Table 3,12,100,-3.4210526315789473,1.0,10504,5632,2
sionna,PDSCH,Table 3,12,100,-1.8421052631578947,1.0,10504,5632,2
sionna,PDSCH,Table 3,12,100,-0.2631578947368425,0.9999972222275204,10504,5632,2
sionna,PDSCH,Table 3,12,100,1.3157894736842106,0.0,10504,5632,2
sionna,PDSCH,Table 3,12,100,2.8947368421052637,0.0,10504,5632,2
sionna,PDSCH,Table 3,12,100,4.473684210526315,0.0,10504,5632,2
sionna,PDSCH,Table 3,12,100,6.052631578947368,0.0,10504,5632,2
sionna,PDSCH,Table 3,12,100,7.631578947368421,0.0,10504,5632,2
sionna,PDSCH,Table 3,12,100,9.210526315789474,0.0,10504,5632,2
sionna,PDSCH,Table 3,12,100,10.789473684210527,0.0,10504,5632,2
sionna,PDSCH,Table 3,12,100,12.368421052631579,0.0,10504,5632,2
sionna,PDSCH,Table 3,12,100,13.94736842105263,0.0,10504,5632,2
sionna,PDSCH,Table 3,12,100,15.526315789473685,0.0,10504,5632,2
sionna,PDSCH,Table 3,12,100,17.105263157894736,0.0,10504,5632,2
sionna,PDSCH,Table 3,12,100,18.68421052631579,0.0,10504,5632,2
sionna,PDSCH,Table 3,12,100,20.263157894736842,0.0,10504,5632,2
sionna,PDSCH,Table 3,12,100,21.842105263157894,0.0,10504,5632,2
sionna,PDSCH,Table 3,12,100,23.42105263157895,0.0,10504,5632,2
sionna,PDSCH,Table 3,12,100,25.0,0.0,10504,5632,2
sionna,PDSCH,Table 3,12,200,-5.0,1.0,21000,7040,3
sionna,PDSCH,Table 3,12,200,-3.4210526315789473,1.0,21000,7040,3
sionna,PDSCH,Table 3,12,200,-1.8421052631578947,1.0,21000,7040,3
sionna,PDSCH,Table 3,12,200,-0.2631578947368425,0.9999999953703836,21000,7040,3
sionna,PDSCH,Table 3,12,200,1.3157894736842106,0.0,21000,7040,3
sionna,PDSCH,Table 3,12,200,2.8947368421052637,0.0,21000,7040,3
sionna,PDSCH,Table 3,12,200,4.473684210526315,0.0,21000,7040,3
sionna,PDSCH,Table 3,12,200,6.052631578947368,0.0,21000,7040,3
sionna,PDSCH,Table 3,12,200,7.631578947368421,0.0,21000,7040,3
sionna,PDSCH,Table 3,12,200,9.210526315789474,0.0,21000,7040,3
sionna,PDSCH,Table 3,12,200,10.789473684210527,0.0,21000,7040,3
sionna,PDSCH,Table 3,12,200,12.368421052631579,0.0,21000,7040,3
sionna,PDSCH,Table 3,12,200,13.94736842105263,0.0,21000,7040,3
sionna,PDSCH,Table 3,12,200,15.526315789473685,0.0,21000,7040,3
sionna,PDSCH,Table 3,12,200,17.105263157894736,0.0,21000,7040,3
sionna,PDSCH,Table 3,12,200,18.68421052631579,0.0,21000,7040,3
sionna,PDSCH,Table 3,12,200,20.263157894736842,0.0,21000,7040,3
sionna,PDSCH,Table 3,12,200,21.842105263157894,0.0,21000,7040,3
sionna,PDSCH,Table 3,12,200,23.42105263157895,0.0,21000,7040,3
sionna,PDSCH,Table 3,12,200,25.0,0.0,21000,7040,3
sionna,PDSCH,Table 3,13,10,-5.0,1.0,1256,1280,1
sionna,PDSCH,Table 3,13,10,-3.4210526315789473,1.0,1256,1280,1
sionna,PDSCH,Table 3,13,10,-1.8421052631578947,1.0,1256,1280,1
sionna,PDSCH,Table 3,13,10,-0.2631578947368425,1.0,1256,1280,1
sionna,PDSCH,Table 3,13,10,1.3157894736842106,0.2619703441858292,1256,1280,1
sionna,PDSCH,Table 3,13,10,2.8947368421052637,0.0,1256,1280,1
sionna,PDSCH,Table 3,13,10,4.473684210526315,0.0,1256,1280,1
sionna,PDSCH,Table 3,13,10,6.052631578947368,0.0,1256,1280,1
sionna,PDSCH,Table 3,13,10,7.631578947368421,0.0,1256,1280,1
sionna,PDSCH,Table 3,13,10,9.210526315789474,0.0,1256,1280,1
sionna,PDSCH,Table 3,13,10,10.789473684210527,0.0,1256,1280,1
sionna,PDSCH,Table 3,13,10,12.368421052631579,0.0,1256,1280,1
sionna,PDSCH,Table 3,13,10,13.94736842105263,0.0,1256,1280,1
sionna,PDSCH,Table 3,13,10,15.526315789473685,0.0,1256,1280,1
sionna,PDSCH,Table 3,13,10,17.105263157894736,0.0,1256,1280,1
sionna,PDSCH,Table 3,13,10,18.68421052631579,0.0,1256,1280,1
sionna,PDSCH,Table 3,13,10,20.263157894736842,0.0,1256,1280,1
sionna,PDSCH,Table 3,13,10,21.842105263157894,0.0,1256,1280,1
sionna,PDSCH,Table 3,13,10,23.42105263157895,0.0,1256,1280,1
sionna,PDSCH,Table 3,13,10,25.0,0.0,1256,1280,1
sionna,PDSCH,Table 3,13,100,-5.0,1.0,12296,6336,2
sionna,PDSCH,Table 3,13,100,-3.4210526315789473,1.0,12296,6336,2
sionna,PDSCH,Table 3,13,100,-1.8421052631578947,1.0,12296,6336,2
sionna,PDSCH,Table 3,13,100,-0.2631578947368425,1.0,12296,6336,2
sionna,PDSCH,Table 3,13,100,1.3157894736842106,0.4161650804088628,12296,6336,2
sionna,PDSCH,Table 3,13,100,2.8947368421052637,0.0,12296,6336,2
sionna,PDSCH,Table 3,13,100,4.473684210526315,0.0,12296,6336,2
sionna,PDSCH,Table 3,13,100,6.052631578947368,0.0,12296,6336,2
sionna,PDSCH,Table 3,13,100,7.631578947368421,0.0,12296,6336,2
sionna,PDSCH,Table 3,13,100,9.210526315789474,0.0,12296,6336,2
sionna,PDSCH,Table 3,13,100,10.789473684210527,0.0,12296,6336,2
sionna,PDSCH,Table 3,13,100,12.368421052631579,0.0,12296,6336,2
sionna,PDSCH,Table 3,13,100,13.94736842105263,0.0,12296,6336,2
sionna,PDSCH,Table 3,13,100,15.526315789473685,0.0,12296,6336,2
sionna,PDSCH,Table 3,13,100,17.105263157894736,0.0,12296,6336,2
sionna,PDSCH,Table 3,13,100,18.68421052631579,0.0,12296,6336,2
sionna,PDSCH,Table 3,13,100,20.263157894736842,0.0,12296,6336,2
sionna,PDSCH,Table 3,13,100,21.842105263157894,0.0,12296,6336,2
sionna,PDSCH,Table 3,13,100,23.42105263157895,0.0,12296,6336,2
sionna,PDSCH,Table 3,13,100,25.0,0.0,12296,6336,2
sionna,PDSCH,Table 3,13,200,-5.0,1.0,24576,8448,3
sionna,PDSCH,Table 3,13,200,-3.4210526315789473,1.0,24576,8448,3
sionna,PDSCH,Table 3,13,200,-1.8421052631578947,1.0,24576,8448,3
sionna,PDSCH,Table 3,13,200,-0.2631578947368425,1.0,24576,8448,3
sionna,PDSCH,Table 3,13,200,1.3157894736842106,0.5538970446764262,24576,8448,3
sionna,PDSCH,Table 3,13,200,2.8947368421052637,0.0,24576,8448,3
sionna,PDSCH,Table 3,13,200,4.473684210526315,0.0,24576,8448,3
sionna,PDSCH,Table 3,13,200,6.052631578947368,0.0,24576,8448,3
sionna,PDSCH,Table 3,13,200,7.631578947368421,0.0,24576,8448,3
sionna,PDSCH,Table 3,13,200,9.210526315789474,0.0,24576,8448,3
sionna,PDSCH,Table 3,13,200,10.789473684210527,0.0,24576,8448,3
sionna,PDSCH,Table 3,13,200,12.368421052631579,0.0,24576,8448,3
sionna,PDSCH,Table 3,13,200,13.94736842105263,0.0,24576,8448,3
sionna,PDSCH,Table 3,13,200,15.526315789473685,0.0,24576,8448,3
sionna,PDSCH,Table 3,13,200,17.105263157894736,0.0,24576,8448,3
sionna,PDSCH,Table 3,13,200,18.68421052631579,0.0,24576,8448,3
sionna,PDSCH,Table 3,13,200,20.263157894736842,0.0,24576,8448,3
sionna,PDSCH,Table 3,13,200,21.842105263157894,0.0,24576,8448,3
sionna,PDSCH,Table 3,13,200,23.42105263157895,0.0,24576,8448,3
sionna,PDSCH,Table 3,13,200,25.0,0.0,24576,8448,3
sionna,PDSCH,Table 3,14,10,-5.0,1.0,1416,1440,1
sionna,PDSCH,Table 3,14,10,-3.4210526315789473,1.0,1416,1440,1
sionna,PDSCH,Table 3,14,10,-1.8421052631578947,1.0,1416,1440,1
sionna,PDSCH,Table 3,14,10,-0.2631578947368425,1.0,1416,1440,1
sionna,PDSCH,Table 3,14,10,1.3157894736842106,1.0,1416,1440,1
sionna,PDSCH,Table 3,14,10,2.8947368421052637,0.0007466666586697368,1416,1440,1
sionna,PDSCH,Table 3,14,10,4.473684210526315,0.0,1416,1440,1
sionna,PDSCH,Table 3,14,10,6.052631578947368,0.0,1416,1440,1
sionna,PDSCH,Table 3,14,10,7.631578947368421,0.0,1416,1440,1
sionna,PDSCH,Table 3,14,10,9.210526315789474,0.0,1416,1440,1
sionna,PDSCH,Table 3,14,10,10.789473684210527,0.0,1416,1440,1
sionna,PDSCH,Table 3,14,10,12.368421052631579,0.0,1416,1440,1
sionna,PDSCH,Table 3,14,10,13.94736842105263,0.0,1416,1440,1
sionna,PDSCH,Table 3,14,10,15.526315789473685,0.0,1416,1440,1
sionna,PDSCH,Table 3,14,10,17.105263157894736,0.0,1416,1440,1
sionna,PDSCH,Table 3,14,10,18.68421052631579,0.0,1416,1440,1
sionna,PDSCH,Table 3,14,10,20.263157894736842,0.0,1416,1440,1
sionna,PDSCH,Table 3,14,10,21.842105263157894,0.0,1416,1440,1
sionna,PDSCH,Table 3,14,10,23.42105263157895,0.0,1416,1440,1
sionna,PDSCH,Table 3,14,10,25.0,0.0,1416,1440,1
sionna,PDSCH,Table 3,14,100,-5.0,1.0,14088,7744,2
sionna,PDSCH,Table 3,14,100,-3.4210526315789473,1.0,14088,7744,2
sionna,PDSCH,Table 3,14,100,-1.8421052631578947,1.0,14088,7744,2
sionna,PDSCH,Table 3,14,100,-0.2631578947368425,1.0,14088,7744,2
sionna,PDSCH,Table 3,14,100,1.3157894736842106,1.0,14088,7744,2
sionna,PDSCH,Table 3,14,100,2.8947368421052637,0.0,14088,7744,2
sionna,PDSCH,Table 3,14,100,4.473684210526315,0.0,14088,7744,2
sionna,PDSCH,Table 3,14,100,6.052631578947368,0.0,14088,7744,2
sionna,PDSCH,Table 3,14,100,7.631578947368421,0.0,14088,7744,2
sionna,PDSCH,Table 3,14,100,9.210526315789474,0.0,14088,7744,2
sionna,PDSCH,Table 3,14,100,10.789473684210527,0.0,14088,7744,2
sionna,PDSCH,Table 3,14,100,12.368421052631579,0.0,14088,7744,2
sionna,PDSCH,Table 3,14,100,13.94736842105263,0.0,14088,7744,2
sionna,PDSCH,Table 3,14,100,15.526315789473685,0.0,14088,7744,2
sionna,PDSCH,Table 3,14,100,17.105263157894736,0.0,14088,7744,2
sionna,PDSCH,Table 3,14,100,18.68421052631579,0.0,14088,7744,2
sionna,PDSCH,Table 3,14,100,20.263157894736842,0.0,14088,7744,2
sionna,PDSCH,Table 3,14,100,21.842105263157894,0.0,14088,7744,2
sionna,PDSCH,Table 3,14,100,23.42105263157895,0.0,14088,7744,2
sionna,PDSCH,Table 3,14,100,25.0,0.0,14088,7744,2
sionna,PDSCH,Table 3,14,200,-5.0,1.0,28168,7744,4
sionna,PDSCH,Table 3,14,200,-3.4210526315789473,1.0,28168,7744,4
sionna,PDSCH,Table 3,14,200,-1.8421052631578947,1.0,28168,7744,4
sionna,PDSCH,Table 3,14,200,-0.2631578947368425,1.0,28168,7744,4
sionna,PDSCH,Table 3,14,200,1.3157894736842106,1.0,28168,7744,4
sionna,PDSCH,Table 3,14,200,2.8947368421052637,0.0,28168,7744,4
sionna,PDSCH,Table 3,14,200,4.473684210526315,0.0,28168,7744,4
sionna,PDSCH,Table 3,14,200,6.052631578947368,0.0,28168,7744,4
sionna,PDSCH,Table 3,14,200,7.631578947368421,0.0,28168,7744,4
sionna,PDSCH,Table 3,14,200,9.210526315789474,0.0,28168,7744,4
sionna,PDSCH,Table 3,14,200,10.789473684210527,0.0,28168,7744,4
sionna,PDSCH,Table 3,14,200,12.368421052631579,0.0,28168,7744,4
sionna,PDSCH,Table 3,14,200,13.94736842105263,0.0,28168,7744,4
sionna,PDSCH,Table 3,14,200,15.526315789473685,0.0,28168,7744,4
sionna,PDSCH,Table 3,14,200,17.105263157894736,0.0,28168,7744,4
sionna,PDSCH,Table 3,14,200,18.68421052631579,0.0,28168,7744,4
sionna,PDSCH,Table 3,14,200,20.263157894736842,0.0,28168,7744,4
sionna,PDSCH,Table 3,14,200,21.842105263157894,0.0,28168,7744,4
sionna,PDSCH,Table 3,14,200,23.42105263157895,0.0,28168,7744,4
sionna,PDSCH,Table 3,14,200,25.0,0.0,28168,7744,4
sionna,PDSCH,Table 3,15,10,-5.0,1.0,1608,1760,1
sionna,PDSCH,Table 3,15,10,-3.4210526315789473,1.0,1608,1760,1
sionna,PDSCH,Table 3,15,10,-1.8421052631578947,1.0,1608,1760,1
sionna,PDSCH,Table 3,15,10,-0.2631578947368425,1.0,1608,1760,1
sionna,PDSCH,Table 3,15,10,1.3157894736842106,1.0,1608,1760,1
sionna,PDSCH,Table 3,15,10,2.8947368421052637,0.9253333163261414,1608,1760,1
sionna,PDSCH,Table 3,15,10,4.473684210526315,7.999999914320988e-05,1608,1760,1
sionna,PDSCH,Table 3,15,10,6.052631578947368,0.0,1608,1760,1
sionna,PDSCH,Table 3,15,10,7.631578947368421,0.0,1608,1760,1
sionna,PDSCH,Table 3,15,10,9.210526315789474,0.0,1608,1760,1
sionna,PDSCH,Table 3,15,10,10.789473684210527,0.0,1608,1760,1
sionna,PDSCH,Table 3,15,10,12.368421052631579,0.0,1608,1760,1
sionna,PDSCH,Table 3,15,10,13.94736842105263,0.0,1608,1760,1
sionna,PDSCH,Table 3,15,10,15.526315789473685,0.0,1608,1760,1
sionna,PDSCH,Table 3,15,10,17.105263157894736,0.0,1608,1760,1
sionna,PDSCH,Table 3,15,10,18.68421052631579,0.0,1608,1760,1
sionna,PDSCH,Table 3,15,10,20.263157894736842,0.0,1608,1760,1
sionna,PDSCH,Table 3,15,10,21.842105263157894,0.0,1608,1760,1
sionna,PDSCH,Table 3,15,10,23.42105263157895,0.0,1608,1760,1
sionna,PDSCH,Table 3,15,10,25.0,0.0,1608,1760,1
sionna,PDSCH,Table 3,15,100,-5.0,1.0,15880,8448,2
sionna,PDSCH,Table 3,15,100,-3.4210526315789473,1.0,15880,8448,2
sionna,PDSCH,Table 3,15,100,-1.8421052631578947,1.0,15880,8448,2
sionna,PDSCH,Table 3,15,100,-0.2631578947368425,1.0,15880,8448,2
sionna,PDSCH,Table 3,15,100,1.3157894736842106,1.0,15880,8448,2
sionna,PDSCH,Table 3,15,100,2.8947368421052637,0.9978222208129033,15880,8448,2
sionna,PDSCH,Table 3,15,100,4.473684210526315,0.0,15880,8448,2
sionna,PDSCH,Table 3,15,100,6.052631578947368,0.0,15880,8448,2
sionna,PDSCH,Table 3,15,100,7.631578947368421,0.0,15880,8448,2
sionna,PDSCH,Table 3,15,100,9.210526315789474,0.0,15880,8448,2
sionna,PDSCH,Table 3,15,100,10.789473684210527,0.0,15880,8448,2
sionna,PDSCH,Table 3,15,100,12.368421052631579,0.0,15880,8448,2
sionna,PDSCH,Table 3,15,100,13.94736842105263,0.0,15880,8448,2
sionna,PDSCH,Table 3,15,100,15.526315789473685,0.0,15880,8448,2
sionna,PDSCH,Table 3,15,100,17.105263157894736,0.0,15880,8448,2
sionna,PDSCH,Table 3,15,100,18.68421052631579,0.0,15880,8448,2
sionna,PDSCH,Table 3,15,100,20.263157894736842,0.0,15880,8448,2
sionna,PDSCH,Table 3,15,100,21.842105263157894,0.0,15880,8448,2
sionna,PDSCH,Table 3,15,100,23.42105263157895,0.0,15880,8448,2
sionna,PDSCH,Table 3,15,100,25.0,0.0,15880,8448,2
sionna,PDSCH,Table 3,15,200,-5.0,1.0,31752,8448,4
sionna,PDSCH,Table 3,15,200,-3.4210526315789473,1.0,31752,8448,4
sionna,PDSCH,Table 3,15,200,-1.8421052631578947,1.0,31752,8448,4
sionna,PDSCH,Table 3,15,200,-0.2631578947368425,1.0,31752,8448,4
sionna,PDSCH,Table 3,15,200,1.3157894736842106,1.0,31752,8448,4
sionna,PDSCH,Table 3,15,200,2.8947368421052637,0.9999952572778122,31752,8448,4
sionna,PDSCH,Table 3,15,200,4.473684210526315,0.0,31752,8448,4
sionna,PDSCH,Table 3,15,200,6.052631578947368,0.0,31752,8448,4
sionna,PDSCH,Table 3,15,200,7.631578947368421,0.0,31752,8448,4
sionna,PDSCH,Table 3,15,200,9.210526315789474,0.0,31752,8448,4
sionna,PDSCH,Table 3,15,200,10.789473684210527,0.0,31752,8448,4
sionna,PDSCH,Table 3,15,200,12.368421052631579,0.0,31752,8448,4
sionna,PDSCH,Table 3,15,200,13.94736842105263,0.0,31752,8448,4
sionna,PDSCH,Table 3,15,200,15.526315789473685,0.0,31752,8448,4
sionna,PDSCH,Table 3,15,200,17.105263157894736,0.0,31752,8448,4
sionna,PDSCH,Table 3,15,200,18.68421052631579,0.0,31752,8448,4
sionna,PDSCH,Table 3,15,200,20.263157894736842,0.0,31752,8448,4
sionna,PDSCH,Table 3,15,200,21.842105263157894,0.0,31752,8448,4
sionna,PDSCH,Table 3,15,200,23.42105263157895,0.0,31752,8448,4
sionna,PDSCH,Table 3,15,200,25.0,0.0,31752,8448,4
sionna,PDSCH,Table 3,16,10,-5.0,1.0,1800,1920,1
sionna,PDSCH,Table 3,16,10,-3.4210526315789473,1.0,1800,1920,1
sionna,PDSCH,Table 3,16,10,-1.8421052631578947,1.0,1800,1920,1
sionna,PDSCH,Table 3,16,10,-0.2631578947368425,1.0,1800,1920,1
sionna,PDSCH,Table 3,16,10,1.3157894736842106,1.0,1800,1920,1
sionna,PDSCH,Table 3,16,10,2.8947368421052637,1.0,1800,1920,1
sionna,PDSCH,Table 3,16,10,4.473684210526315,0.012373333349823934,1800,1920,1
sionna,PDSCH,Table 3,16,10,6.052631578947368,0.0,1800,1920,1
sionna,PDSCH,Table 3,16,10,7.631578947368421,0.0,1800,1920,1
sionna,PDSCH,Table 3,16,10,9.210526315789474,0.0,1800,1920,1
sionna,PDSCH,Table 3,16,10,10.789473684210527,0.0,1800,1920,1
sionna,PDSCH,Table 3,16,10,12.368421052631579,0.0,1800,1920,1
sionna,PDSCH,Table 3,16,10,13.94736842105263,0.0,1800,1920,1
sionna,PDSCH,Table 3,16,10,15.526315789473685,0.0,1800,1920,1
sionna,PDSCH,Table 3,16,10,17.105263157894736,0.0,1800,1920,1
sionna,PDSCH,Table 3,16,10,18.68421052631579,0.0,1800,1920,1
sionna,PDSCH,Table 3,16,10,20.263157894736842,0.0,1800,1920,1
sionna,PDSCH,Table 3,16,10,21.842105263157894,0.0,1800,1920,1
sionna,PDSCH,Table 3,16,10,23.42105263157895,0.0,1800,1920,1
sionna,PDSCH,Table 3,16,10,25.0,0.0,1800,1920,1
sionna,PDSCH,Table 3,16,100,-5.0,1.0,17928,6336,3
sionna,PDSCH,Table 3,16,100,-3.4210526315789473,1.0,17928,6336,3
sionna,PDSCH,Table 3,16,100,-1.8421052631578947,1.0,17928,6336,3
sionna,PDSCH,Table 3,16,100,-0.2631578947368425,1.0,17928,6336,3
sionna,PDSCH,Table 3,16,100,1.3157894736842106,1.0,17928,6336,3
sionna,PDSCH,Table 3,16,100,2.8947368421052637,1.0,17928,6336,3
sionna,PDSCH,Table 3,16,100,4.473684210526315,0.03361612235580502,17928,6336,3
sionna,PDSCH,Table 3,16,100,6.052631578947368,0.0,17928,6336,3
sionna,PDSCH,Table 3,16,100,7.631578947368421,0.0,17928,6336,3
sionna,PDSCH,Table 3,16,100,9.210526315789474,0.0,17928,6336,3
sionna,PDSCH,Table 3,16,100,10.789473684210527,0.0,17928,6336,3
sionna,PDSCH,Table 3,16,100,12.368421052631579,0.0,17928,6336,3
sionna,PDSCH,Table 3,16,100,13.94736842105263,0.0,17928,6336,3
sionna,PDSCH,Table 3,16,100,15.526315789473685,0.0,17928,6336,3
sionna,PDSCH,Table 3,16,100,17.105263157894736,0.0,17928,6336,3
sionna,PDSCH,Table 3,16,100,18.68421052631579,0.0,17928,6336,3
sionna,PDSCH,Table 3,16,100,20.263157894736842,0.0,17928,6336,3
sionna,PDSCH,Table 3,16,100,21.842105263157894,0.0,17928,6336,3
sionna,PDSCH,Table 3,16,100,23.42105263157895,0.0,17928,6336,3
sionna,PDSCH,Table 3,16,100,25.0,0.0,17928,6336,3
sionna,PDSCH,Table 3,16,200,-5.0,1.0,35856,7744,5
sionna,PDSCH,Table 3,16,200,-3.4210526315789473,1.0,35856,7744,5
sionna,PDSCH,Table 3,16,200,-1.8421052631578947,1.0,35856,7744,5
sionna,PDSCH,Table 3,16,200,-0.2631578947368425,1.0,35856,7744,5
sionna,PDSCH,Table 3,16,200,1.3157894736842106,1.0,35856,7744,5
sionna,PDSCH,Table 3,16,200,2.8947368421052637,1.0,35856,7744,5
sionna,PDSCH,Table 3,16,200,4.473684210526315,0.055396696932631384,35856,7744,5
sionna,PDSCH,Table 3,16,200,6.052631578947368,0.0,35856,7744,5
sionna,PDSCH,Table 3,16,200,7.631578947368421,0.0,35856,7744,5
sionna,PDSCH,Table 3,16,200,9.210526315789474,0.0,35856,7744,5
sionna,PDSCH,Table 3,16,200,10.789473684210527,0.0,35856,7744,5
sionna,PDSCH,Table 3,16,200,12.368421052631579,0.0,35856,7744,5
sionna,PDSCH,Table 3,16,200,13.94736842105263,0.0,35856,7744,5
sionna,PDSCH,Table 3,16,200,15.526315789473685,0.0,35856,7744,5
sionna,PDSCH,Table 3,16,200,17.105263157894736,0.0,35856,7744,5
sionna,PDSCH,Table 3,16,200,18.68421052631579,0.0,35856,7744,5
sionna,PDSCH,Table 3,16,200,20.263157894736842,0.0,35856,7744,5
sionna,PDSCH,Table 3,16,200,21.842105263157894,0.0,35856,7744,5
sionna,PDSCH,Table 3,16,200,23.42105263157895,0.0,35856,7744,5
sionna,PDSCH,Table 3,16,200,25.0,0.0,35856,7744,5
sionna,PDSCH,Table 3,17,10,-5.0,1.0,2088,2240,1
sionna,PDSCH,Table 3,17,10,-3.4210526315789473,1.0,2088,2240,1
sionna,PDSCH,Table 3,17,10,-1.8421052631578947,1.0,2088,2240,1
sionna,PDSCH,Table 3,17,10,-0.2631578947368425,1.0,2088,2240,1
sionna,PDSCH,Table 3,17,10,1.3157894736842106,1.0,2088,2240,1
sionna,PDSCH,Table 3,17,10,2.8947368421052637,1.0,2088,2240,1
sionna,PDSCH,Table 3,17,10,4.473684210526315,0.9483333230018616,2088,2240,1
sionna,PDSCH,Table 3,17,10,6.052631578947368,0.0,2088,2240,1
sionna,PDSCH,Table 3,17,10,7.631578947368421,0.0,2088,2240,1
sionna,PDSCH,Table 3,17,10,9.210526315789474,0.0,2088,2240,1
sionna,PDSCH,Table 3,17,10,10.789473684210527,0.0,2088,2240,1
sionna,PDSCH,Table 3,17,10,12.368421052631579,0.0,2088,2240,1
sionna,PDSCH,Table 3,17,10,13.94736842105263,0.0,2088,2240,1
sionna,PDSCH,Table 3,17,10,15.526315789473685,0.0,2088,2240,1
sionna,PDSCH,Table 3,17,10,17.105263157894736,0.0,2088,2240,1
sionna,PDSCH,Table 3,17,10,18.68421052631579,0.0,2088,2240,1
sionna,PDSCH,Table 3,17,10,20.263157894736842,0.0,2088,2240,1
sionna,PDSCH,Table 3,17,10,21.842105263157894,0.0,2088,2240,1
sionna,PDSCH,Table 3,17,10,23.42105263157895,0.0,2088,2240,1
sionna,PDSCH,Table 3,17,10,25.0,0.0,2088,2240,1
sionna,PDSCH,Table 3,17,100,-5.0,1.0,20496,7040,3
sionna,PDSCH,Table 3,17,100,-3.4210526315789473,1.0,20496,7040,3
sionna,PDSCH,Table 3,17,100,-1.8421052631578947,1.0,20496,7040,3
sionna,PDSCH,Table 3,17,100,-0.2631578947368425,1.0,20496,7040,3
sionna,PDSCH,Table 3,17,100,1.3157894736842106,1.0,20496,7040,3
sionna,PDSCH,Table 3,17,100,2.8947368421052637,1.0,20496,7040,3
sionna,PDSCH,Table 3,17,100,4.473684210526315,0.9998620786209658,20496,7040,3
sionna,PDSCH,Table 3,17,100,6.052631578947368,0.0,20496,7040,3
sionna,PDSCH,Table 3,17,100,7.631578947368421,0.0,20496,7040,3
sionna,PDSCH,Table 3,17,100,9.210526315789474,0.0,20496,7040,3
sionna,PDSCH,Table 3,17,100,10.789473684210527,0.0,20496,7040,3
sionna,PDSCH,Table 3,17,100,12.368421052631579,0.0,20496,7040,3
sionna,PDSCH,Table 3,17,100,13.94736842105263,0.0,20496,7040,3
sionna,PDSCH,Table 3,17,100,15.526315789473685,0.0,20496,7040,3
sionna,PDSCH,Table 3,17,100,17.105263157894736,0.0,20496,7040,3
sionna,PDSCH,Table 3,17,100,18.68421052631579,0.0,20496,7040,3
sionna,PDSCH,Table 3,17,100,20.263157894736842,0.0,20496,7040,3
sionna,PDSCH,Table 3,17,100,21.842105263157894,0.0,20496,7040,3
sionna,PDSCH,Table 3,17,100,23.42105263157895,0.0,20496,7040,3
sionna,PDSCH,Table 3,17,100,25.0,0.0,20496,7040,3
sionna,PDSCH,Table 3,17,200,-5.0,1.0,40976,8448,5
sionna,PDSCH,Table 3,17,200,-3.4210526315789473,1.0,40976,8448,5
sionna,PDSCH,Table 3,17,200,-1.8421052631578947,1.0,40976,8448,5
sionna,PDSCH,Table 3,17,200,-0.2631578947368425,1.0,40976,8448,5
sionna,PDSCH,Table 3,17,200,1.3157894736842106,1.0,40976,8448,5
sionna,PDSCH,Table 3,17,200,2.8947368421052637,1.0,40976,8448,5
sionna,PDSCH,Table 3,17,200,4.473684210526315,0.9999996318263937,40976,8448,5
sionna,PDSCH,Table 3,17,200,6.052631578947368,0.0,40976,8448,5
sionna,PDSCH,Table 3,17,200,7.631578947368421,0.0,40976,8448,5
sionna,PDSCH,Table 3,17,200,9.210526315789474,0.0,40976,8448,5
sionna,PDSCH,Table 3,17,200,10.789473684210527,0.0,40976,8448,5
sionna,PDSCH,Table 3,17,200,12.368421052631579,0.0,40976,8448,5
sionna,PDSCH,Table 3,17,200,13.94736842105263,0.0,40976,8448,5
sionna,PDSCH,Table 3,17,200,15.526315789473685,0.0,40976,8448,5
sionna,PDSCH,Table 3,17,200,17.105263157894736,0.0,40976,8448,5
sionna,PDSCH,Table 3,17,200,18.68421052631579,0.0,40976,8448,5
sionna,PDSCH,Table 3,17,200,20.263157894736842,0.0,40976,8448,5
sionna,PDSCH,Table 3,17,200,21.842105263157894,0.0,40976,8448,5
sionna,PDSCH,Table 3,17,200,23.42105263157895,0.0,40976,8448,5
sionna,PDSCH,Table 3,17,200,25.0,0.0,40976,8448,5
sionna,PDSCH,Table 3,18,10,-5.0,1.0,2280,2400,1
sionna,PDSCH,Table 3,18,10,-3.4210526315789473,1.0,2280,2400,1
sionna,PDSCH,Table 3,18,10,-1.8421052631578947,1.0,2280,2400,1
sionna,PDSCH,Table 3,18,10,-0.2631578947368425,1.0,2280,2400,1
sionna,PDSCH,Table 3,18,10,1.3157894736842106,1.0,2280,2400,1
sionna,PDSCH,Table 3,18,10,2.8947368421052637,1.0,2280,2400,1
sionna,PDSCH,Table 3,18,10,4.473684210526315,1.0,2280,2400,1
sionna,PDSCH,Table 3,18,10,6.052631578947368,0.10466666519641876,2280,2400,1
sionna,PDSCH,Table 3,18,10,7.631578947368421,0.0,2280,2400,1
sionna,PDSCH,Table 3,18,10,9.210526315789474,0.0,2280,2400,1
sionna,PDSCH,Table 3,18,10,10.789473684210527,0.0,2280,2400,1
sionna,PDSCH,Table 3,18,10,12.368421052631579,0.0,2280,2400,1
sionna,PDSCH,Table 3,18,10,13.94736842105263,0.0,2280,2400,1
sionna,PDSCH,Table 3,18,10,15.526315789473685,0.0,2280,2400,1
sionna,PDSCH,Table 3,18,10,17.105263157894736,0.0,2280,2400,1
sionna,PDSCH,Table 3,18,10,18.68421052631579,0.0,2280,2400,1
sionna,PDSCH,Table 3,18,10,20.263157894736842,0.0,2280,2400,1
sionna,PDSCH,Table 3,18,10,21.842105263157894,0.0,2280,2400,1
sionna,PDSCH,Table 3,18,10,23.42105263157895,0.0,2280,2400,1
sionna,PDSCH,Table 3,18,10,25.0,0.0,2280,2400,1
sionna,PDSCH,Table 3,18,100,-5.0,1.0,23040,7744,3
sionna,PDSCH,Table 3,18,100,-3.4210526315789473,1.0,23040,7744,3
sionna,PDSCH,Table 3,18,100,-1.8421052631578947,1.0,23040,7744,3
sionna,PDSCH,Table 3,18,100,-0.2631578947368425,1.0,23040,7744,3
sionna,PDSCH,Table 3,18,100,1.3157894736842106,1.0,23040,7744,3
sionna,PDSCH,Table 3,18,100,2.8947368421052637,1.0,23040,7744,3
sionna,PDSCH,Table 3,18,100,4.473684210526315,1.0,23040,7744,3
sionna,PDSCH,Table 3,18,100,6.052631578947368,0.28228129809388136,23040,7744,3
sionna,PDSCH,Table 3,18,100,7.631578947368421,0.0,23040,7744,3
sionna,PDSCH,Table 3,18,100,9.210526315789474,0.0,23040,7744,3
sionna,PDSCH,Table 3,18,100,10.789473684210527,0.0,23040,7744,3
sionna,PDSCH,Table 3,18,100,12.368421052631579,0.0,23040,7744,3
sionna,PDSCH,Table 3,18,100,13.94736842105263,0.0,23040,7744,3
sionna,PDSCH,Table 3,18,100,15.526315789473685,0.0,23040,7744,3
sionna,PDSCH,Table 3,18,100,17.105263157894736,0.0,23040,7744,3
sionna,PDSCH,Table 3,18,100,18.68421052631579,0.0,23040,7744,3
sionna,PDSCH,Table 3,18,100,20.263157894736842,0.0,23040,7744,3
sionna,PDSCH,Table 3,18,100,21.842105263157894,0.0,23040,7744,3
sionna,PDSCH,Table 3,18,100,23.42105263157895,0.0,23040,7744,3
sionna,PDSCH,Table 3,18,100,25.0,0.0,23040,7744,3
sionna,PDSCH,Table 3,18,200,-5.0,1.0,46104,7744,6
sionna,PDSCH,Table 3,18,200,-3.4210526315789473,1.0,46104,7744,6
sionna,PDSCH,Table 3,18,200,-1.8421052631578947,1.0,46104,7744,6
sionna,PDSCH,Table 3,18,200,-0.2631578947368425,1.0,46104,7744,6
sionna,PDSCH,Table 3,18,200,1.3157894736842106,1.0,46104,7744,6
sionna,PDSCH,Table 3,18,200,2.8947368421052637,1.0,46104,7744,6
sionna,PDSCH,Table 3,18,200,4.473684210526315,1.0,46104,7744,6
sionna,PDSCH,Table 3,18,200,6.052631578947368,0.4848798649341961,46104,7744,6
sionna,PDSCH,Table 3,18,200,7.631578947368421,0.0,46104,7744,6
sionna,PDSCH,Table 3,18,200,9.210526315789474,0.0,46104,7744,6
sionna,PDSCH,Table 3,18,200,10.789473684210527,0.0,46104,7744,6
sionna,PDSCH,Table 3,18,200,12.368421052631579,0.0,46104,7744,6
sionna,PDSCH,Table 3,18,200,13.94736842105263,0.0,46104,7744,6
sionna,PDSCH,Table 3,18,200,15.526315789473685,0.0,46104,7744,6
sionna,PDSCH,Table 3,18,200,17.105263157894736,0.0,46104,7744,6
sionna,PDSCH,Table 3,18,200,18.68421052631579,0.0,46104,7744,6
sionna,PDSCH,Table 3,18,200,20.263157894736842,0.0,46104,7744,6
sionna,PDSCH,Table 3,18,200,21.842105263157894,0.0,46104,7744,6
sionna,PDSCH,Table 3,18,200,23.42105263157895,0.0,46104,7744,6
sionna,PDSCH,Table 3,18,200,25.0,0.0,46104,7744,6
sionna,PDSCH,Table 3,19,10,-5.0,1.0,2600,2880,1
sionna,PDSCH,Table 3,19,10,-3.4210526315789473,1.0,2600,2880,1
sionna,PDSCH,Table 3,19,10,-1.8421052631578947,1.0,2600,2880,1
sionna,PDSCH,Table 3,19,10,-0.2631578947368425,1.0,2600,2880,1
sionna,PDSCH,Table 3,19,10,1.3157894736842106,1.0,2600,2880,1
sionna,PDSCH,Table 3,19,10,2.8947368421052637,1.0,2600,2880,1
sionna,PDSCH,Table 3,19,10,4.473684210526315,1.0,2600,2880,1
sionna,PDSCH,Table 3,19,10,6.052631578947368,1.0,2600,2880,1
sionna,PDSCH,Table 3,19,10,7.631578947368421,0.0,2600,2880,1
sionna,PDSCH,Table 3,19,10,9.210526315789474,0.0,2600,2880,1
sionna,PDSCH,Table 3,19,10,10.789473684210527,0.0,2600,2880,1
sionna,PDSCH,Table 3,19,10,12.368421052631579,0.0,2600,2880,1
sionna,PDSCH,Table 3,19,10,13.94736842105263,0.0,2600,2880,1
sionna,PDSCH,Table 3,19,10,15.526315789473685,0.0,2600,2880,1
sionna,PDSCH,Table 3,19,10,17.105263157894736,0.0,2600,2880,1
sionna,PDSCH,Table 3,19,10,18.68421052631579,0.0,2600,2880,1
sionna,PDSCH,Table 3,19,10,20.263157894736842,0.0,2600,2880,1
sionna,PDSCH,Table 3,19,10,21.842105263157894,0.0,2600,2880,1
sionna,PDSCH,Table 3,19,10,23.42105263157895,0.0,2600,2880,1
sionna,PDSCH,Table 3,19,10,25.0,0.0,2600,2880,1
sionna,PDSCH,Table 3,19,100,-5.0,1.0,26120,7040,4
sionna,PDSCH,Table 3,19,100,-3.4210526315789473,1.0,26120,7040,4
sionna,PDSCH,Table 3,19,100,-1.8421052631578947,1.0,26120,7040,4
sionna,PDSCH,Table 3,19,100,-0.2631578947368425,1.0,26120,7040,4
sionna,PDSCH,Table 3,19,100,1.3157894736842106,1.0,26120,7040,4
sionna,PDSCH,Table 3,19,100,2.8947368421052637,1.0,26120,7040,4
sionna,PDSCH,Table 3,19,100,4.473684210526315,1.0,26120,7040,4
sionna,PDSCH,Table 3,19,100,6.052631578947368,1.0,26120,7040,4
sionna,PDSCH,Table 3,19,100,7.631578947368421,0.0,26120,7040,4
sionna,PDSCH,Table 3,19,100,9.210526315789474,0.0,26120,7040,4
sionna,PDSCH,Table 3,19,100,10.789473684210527,0.0,26120,7040,4
sionna,PDSCH,Table 3,19,100,12.368421052631579,0.0,26120,7040,4
sionna,PDSCH,Table 3,19,100,13.94736842105263,0.0,26120,7040,4
sionna,PDSCH,Table 3,19,100,15.526315789473685,0.0,26120,7040,4
sionna,PDSCH,Table 3,19,100,17.105263157894736,0.0,26120,7040,4
sionna,PDSCH,Table 3,19,100,18.68421052631579,0.0,26120,7040,4
sionna,PDSCH,Table 3,19,100,20.263157894736842,0.0,26120,7040,4
sionna,PDSCH,Table 3,19,100,21.842105263157894,0.0,26120,7040,4
sionna,PDSCH,Table 3,19,100,23.42105263157895,0.0,26120,7040,4
sionna,PDSCH,Table 3,19,100,25.0,0.0,26120,7040,4
sionna,PDSCH,Table 3,19,200,-5.0,1.0,52224,7744,7
sionna,PDSCH,Table 3,19,200,-3.4210526315789473,1.0,52224,7744,7
sionna,PDSCH,Table 3,19,200,-1.8421052631578947,1.0,52224,7744,7
sionna,PDSCH,Table 3,19,200,-0.2631578947368425,1.0,52224,7744,7
sionna,PDSCH,Table 3,19,200,1.3157894736842106,1.0,52224,7744,7
sionna,PDSCH,Table 3,19,200,2.8947368421052637,1.0,52224,7744,7
sionna,PDSCH,Table 3,19,200,4.473684210526315,1.0,52224,7744,7
sionna,PDSCH,Table 3,19,200,6.052631578947368,1.0,52224,7744,7
sionna,PDSCH,Table 3,19,200,7.631578947368421,0.0,52224,7744,7
sionna,PDSCH,Table 3,19,200,9.210526315789474,0.0,52224,7744,7
sionna,PDSCH,Table 3,19,200,10.789473684210527,0.0,52224,7744,7
sionna,PDSCH,Table 3,19,200,12.368421052631579,0.0,52224,7744,7
sionna,PDSCH,Table 3,19,200,13.94736842105263,0.0,52224,7744,7
sionna,PDSCH,Table 3,19,200,15.526315789473685,0.0,52224,7744,7
sionna,PDSCH,Table 3,19,200,17.105263157894736,0.0,52224,7744,7
sionna,PDSCH,Table 3,19,200,18.68421052631579,0.0,52224,7744,7
sionna,PDSCH,Table 3,19,200,20.263157894736842,0.0,52224,7744,7
sionna,PDSCH,Table 3,19,200,21.842105263157894,0.0,52224,7744,7
sionna,PDSCH,Table 3,19,200,23.42105263157895,0.0,52224,7744,7
sionna,PDSCH,Table 3,19,200,25.0,0.0,52224,7744,7
sionna,PDSCH,Table 3,20,10,-5.0,1.0,2976,3200,1
sionna,PDSCH,Table 3,20,10,-3.4210526315789473,1.0,2976,3200,1
sionna,PDSCH,Table 3,20,10,-1.8421052631578947,1.0,2976,3200,1
sionna,PDSCH,Table 3,20,10,-0.2631578947368425,1.0,2976,3200,1
sionna,PDSCH,Table 3,20,10,1.3157894736842106,1.0,2976,3200,1
sionna,PDSCH,Table 3,20,10,2.8947368421052637,1.0,2976,3200,1
sionna,PDSCH,Table 3,20,10,4.473684210526315,1.0,2976,3200,1
sionna,PDSCH,Table 3,20,10,6.052631578947368,1.0,2976,3200,1
sionna,PDSCH,Table 3,20,10,7.631578947368421,0.7400000095367432,2976,3200,1
sionna,PDSCH,Table 3,20,10,9.210526315789474,0.0,2976,3200,1
sionna,PDSCH,Table 3,20,10,10.789473684210527,0.0,2976,3200,1
sionna,PDSCH,Table 3,20,10,12.368421052631579,0.0,2976,3200,1
sionna,PDSCH,Table 3,20,10,13.94736842105263,0.0,2976,3200,1
sionna,PDSCH,Table 3,20,10,15.526315789473685,0.0,2976,3200,1
sionna,PDSCH,Table 3,20,10,17.105263157894736,0.0,2976,3200,1
sionna,PDSCH,Table 3,20,10,18.68421052631579,0.0,2976,3200,1
sionna,PDSCH,Table 3,20,10,20.263157894736842,0.0,2976,3200,1
sionna,PDSCH,Table 3,20,10,21.842105263157894,0.0,2976,3200,1
sionna,PDSCH,Table 3,20,10,23.42105263157895,0.0,2976,3200,1
sionna,PDSCH,Table 3,20,10,25.0,0.0,2976,3200,1
sionna,PDSCH,Table 3,20,100,-5.0,1.0,28680,7744,4
sionna,PDSCH,Table 3,20,100,-3.4210526315789473,1.0,28680,7744,4
sionna,PDSCH,Table 3,20,100,-1.8421052631578947,1.0,28680,7744,4
sionna,PDSCH,Table 3,20,100,-0.2631578947368425,1.0,28680,7744,4
sionna,PDSCH,Table 3,20,100,1.3157894736842106,1.0,28680,7744,4
sionna,PDSCH,Table 3,20,100,2.8947368421052637,1.0,28680,7744,4
sionna,PDSCH,Table 3,20,100,4.473684210526315,1.0,28680,7744,4
sionna,PDSCH,Table 3,20,100,6.052631578947368,1.0,28680,7744,4
sionna,PDSCH,Table 3,20,100,7.631578947368421,0.9954302406704711,28680,7744,4
sionna,PDSCH,Table 3,20,100,9.210526315789474,0.0,28680,7744,4
sionna,PDSCH,Table 3,20,100,10.789473684210527,0.0,28680,7744,4
sionna,PDSCH,Table 3,20,100,12.368421052631579,0.0,28680,7744,4
sionna,PDSCH,Table 3,20,100,13.94736842105263,0.0,28680,7744,4
sionna,PDSCH,Table 3,20,100,15.526315789473685,0.0,28680,7744,4
sionna,PDSCH,Table 3,20,100,17.105263157894736,0.0,28680,7744,4
sionna,PDSCH,Table 3,20,100,18.68421052631579,0.0,28680,7744,4
sionna,PDSCH,Table 3,20,100,20.263157894736842,0.0,28680,7744,4
sionna,PDSCH,Table 3,20,100,21.842105263157894,0.0,28680,7744,4
sionna,PDSCH,Table 3,20,100,23.42105263157895,0.0,28680,7744,4
sionna,PDSCH,Table 3,20,100,25.0,0.0,28680,7744,4
sionna,PDSCH,Table 3,20,200,-5.0,1.0,57376,8448,7
sionna,PDSCH,Table 3,20,200,-3.4210526315789473,1.0,57376,8448,7
sionna,PDSCH,Table 3,20,200,-1.8421052631578947,1.0,57376,8448,7
sionna,PDSCH,Table 3,20,200,-0.2631578947368425,1.0,57376,8448,7
sionna,PDSCH,Table 3,20,200,1.3157894736842106,1.0,57376,8448,7
sionna,PDSCH,Table 3,20,200,2.8947368421052637,1.0,57376,8448,7
sionna,PDSCH,Table 3,20,200,4.473684210526315,1.0,57376,8448,7
sionna,PDSCH,Table 3,20,200,6.052631578947368,1.0,57376,8448,7
sionna,PDSCH,Table 3,20,200,7.631578947368421,0.9999196819188624,57376,8448,7
sionna,PDSCH,Table 3,20,200,9.210526315789474,0.0,57376,8448,7
sionna,PDSCH,Table 3,20,200,10.789473684210527,0.0,57376,8448,7
sionna,PDSCH,Table 3,20,200,12.368421052631579,0.0,57376,8448,7
sionna,PDSCH,Table 3,20,200,13.94736842105263,0.0,57376,8448,7
sionna,PDSCH,Table 3,20,200,15.526315789473685,0.0,57376,8448,7
sionna,PDSCH,Table 3,20,200,17.105263157894736,0.0,57376,8448,7
sionna,PDSCH,Table 3,20,200,18.68421052631579,0.0,57376,8448,7
sionna,PDSCH,Table 3,20,200,20.263157894736842,0.0,57376,8448,7
sionna,PDSCH,Table 3,20,200,21.842105263157894,0.0,57376,8448,7
sionna,PDSCH,Table 3,20,200,23.42105263157895,0.0,57376,8448,7
sionna,PDSCH,Table 3,20,200,25.0,0.0,57376,8448,7
sionna,PDSCH,Table 3,21,10,-5.0,1.0,3104,3200,1
sionna,PDSCH,Table 3,21,10,-3.4210526315789473,1.0,3104,3200,1
sionna,PDSCH,Table 3,21,10,-1.8421052631578947,1.0,3104,3200,1
sionna,PDSCH,Table 3,21,10,-0.2631578947368425,1.0,3104,3200,1
sionna,PDSCH,Table 3,21,10,1.3157894736842106,1.0,3104,3200,1
sionna,PDSCH,Table 3,21,10,2.8947368421052637,1.0,3104,3200,1
sionna,PDSCH,Table 3,21,10,4.473684210526315,1.0,3104,3200,1
sionna,PDSCH,Table 3,21,10,6.052631578947368,1.0,3104,3200,1
sionna,PDSCH,Table 3,21,10,7.631578947368421,1.0,3104,3200,1
sionna,PDSCH,Table 3,21,10,9.210526315789474,0.06566666811704636,3104,3200,1
sionna,PDSCH,Table 3,21,10,10.789473684210527,0.0,3104,3200,1
sionna,PDSCH,Table 3,21,10,12.368421052631579,0.0,3104,3200,1
sionna,PDSCH,Table 3,21,10,13.94736842105263,0.0,3104,3200,1
sionna,PDSCH,Table 3,21,10,15.526315789473685,0.0,3104,3200,1
sionna,PDSCH,Table 3,21,10,17.105263157894736,0.0,3104,3200,1
sionna,PDSCH,Table 3,21,10,18.68421052631579,0.0,3104,3200,1
sionna,PDSCH,Table 3,21,10,20.263157894736842,0.0,3104,3200,1
sionna,PDSCH,Table 3,21,10,21.842105263157894,0.0,3104,3200,1
sionna,PDSCH,Table 3,21,10,23.42105263157895,0.0,3104,3200,1
sionna,PDSCH,Table 3,21,10,25.0,0.0,3104,3200,1
sionna,PDSCH,Table 3,21,100,-5.0,1.0,30728,7744,4
sionna,PDSCH,Table 3,21,100,-3.4210526315789473,1.0,30728,7744,4
sionna,PDSCH,Table 3,21,100,-1.8421052631578947,1.0,30728,7744,4
sionna,PDSCH,Table 3,21,100,-0.2631578947368425,1.0,30728,7744,4
sionna,PDSCH,Table 3,21,100,1.3157894736842106,1.0,30728,7744,4
sionna,PDSCH,Table 3,21,100,2.8947368421052637,1.0,30728,7744,4
sionna,PDSCH,Table 3,21,100,4.473684210526315,1.0,30728,7744,4
sionna,PDSCH,Table 3,21,100,6.052631578947368,1.0,30728,7744,4
sionna,PDSCH,Table 3,21,100,7.631578947368421,1.0,30728,7744,4
sionna,PDSCH,Table 3,21,100,9.210526315789474,0.2379080582816444,30728,7744,4
sionna,PDSCH,Table 3,21,100,10.789473684210527,0.0,30728,7744,4
sionna,PDSCH,Table 3,21,100,12.368421052631579,0.0,30728,7744,4
sionna,PDSCH,Table 3,21,100,13.94736842105263,0.0,30728,7744,4
sionna,PDSCH,Table 3,21,100,15.526315789473685,0.0,30728,7744,4
sionna,PDSCH,Table 3,21,100,17.105263157894736,0.0,30728,7744,4
sionna,PDSCH,Table 3,21,100,18.68421052631579,0.0,30728,7744,4
sionna,PDSCH,Table 3,21,100,20.263157894736842,0.0,30728,7744,4
sionna,PDSCH,Table 3,21,100,21.842105263157894,0.0,30728,7744,4
sionna,PDSCH,Table 3,21,100,23.42105263157895,0.0,30728,7744,4
sionna,PDSCH,Table 3,21,100,25.0,0.0,30728,7744,4
sionna,PDSCH,Table 3,21,200,-5.0,1.0,61480,7744,8
sionna,PDSCH,Table 3,21,200,-3.4210526315789473,1.0,61480,7744,8
sionna,PDSCH,Table 3,21,200,-1.8421052631578947,1.0,61480,7744,8
sionna,PDSCH,Table 3,21,200,-0.2631578947368425,1.0,61480,7744,8
sionna,PDSCH,Table 3,21,200,1.3157894736842106,1.0,61480,7744,8
sionna,PDSCH,Table 3,21,200,2.8947368421052637,1.0,61480,7744,8
sionna,PDSCH,Table 3,21,200,4.473684210526315,1.0,61480,7744,8
sionna,PDSCH,Table 3,21,200,6.052631578947368,1.0,61480,7744,8
sionna,PDSCH,Table 3,21,200,7.631578947368421,1.0,61480,7744,8
sionna,PDSCH,Table 3,21,200,9.210526315789474,0.41921587236794655,61480,7744,8
sionna,PDSCH,Table 3,21,200,10.789473684210527,0.0,61480,7744,8
sionna,PDSCH,Table 3,21,200,12.368421052631579,0.0,61480,7744,8
sionna,PDSCH,Table 3,21,200,13.94736842105263,0.0,61480,7744,8
sionna,PDSCH,Table 3,21,200,15.526315789473685,0.0,61480,7744,8
sionna,PDSCH,Table 3,21,200,17.105263157894736,0.0,61480,7744,8
sionna,PDSCH,Table 3,21,200,18.68421052631579,0.0,61480,7744,8
sionna,PDSCH,Table 3,21,200,20.263157894736842,0.0,61480,7744,8
sionna,PDSCH,Table 3,21,200,21.842105263157894,0.0,61480,7744,8
sionna,PDSCH,Table 3,21,200,23.42105263157895,0.0,61480,7744,8
sionna,PDSCH,Table 3,21,200,25.0,0.0,61480,7744,8
sionna,PDSCH,Table 3,22,10,-5.0,1.0,3368,3520,1
sionna,PDSCH,Table 3,22,10,-3.4210526315789473,1.0,3368,3520,1
sionna,PDSCH,Table 3,22,10,-1.8421052631578947,1.0,3368,3520,1
sionna,PDSCH,Table 3,22,10,-0.2631578947368425,1.0,3368,3520,1
sionna,PDSCH,Table 3,22,10,1.3157894736842106,1.0,3368,3520,1
sionna,PDSCH,Table 3,22,10,2.8947368421052637,1.0,3368,3520,1
sionna,PDSCH,Table 3,22,10,4.473684210526315,1.0,3368,3520,1
sionna,PDSCH,Table 3,22,10,6.052631578947368,1.0,3368,3520,1
sionna,PDSCH,Table 3,22,10,7.631578947368421,1.0,3368,3520,1
sionna,PDSCH,Table 3,22,10,9.210526315789474,0.8057143092155457,3368,3520,1
sionna,PDSCH,Table 3,22,10,10.789473684210527,0.00033333332976326346,3368,3520,1
sionna,PDSCH,Table 3,22,10,12.368421052631579,0.0,3368,3520,1
sionna,PDSCH,Table 3,22,10,13.94736842105263,0.0,3368,3520,1
sionna,PDSCH,Table 3,22,10,15.526315789473685,0.0,3368,3520,1
sionna,PDSCH,Table 3,22,10,17.105263157894736,0.0,3368,3520,1
sionna,PDSCH,Table 3,22,10,18.68421052631579,0.0,3368,3520,1
sionna,PDSCH,Table 3,22,10,20.263157894736842,0.0,3368,3520,1
sionna,PDSCH,Table 3,22,10,21.842105263157894,0.0,3368,3520,1
sionna,PDSCH,Table 3,22,10,23.42105263157895,0.0,3368,3520,1
sionna,PDSCH,Table 3,22,10,25.0,0.0,3368,3520,1
sionna,PDSCH,Table 3,22,100,-5.0,1.0,32776,8448,4
sionna,PDSCH,Table 3,22,100,-3.4210526315789473,1.0,32776,8448,4
sionna,PDSCH,Table 3,22,100,-1.8421052631578947,1.0,32776,8448,4
sionna,PDSCH,Table 3,22,100,-0.2631578947368425,1.0,32776,8448,4
sionna,PDSCH,Table 3,22,100,1.3157894736842106,1.0,32776,8448,4
sionna,PDSCH,Table 3,22,100,2.8947368421052637,1.0,32776,8448,4
sionna,PDSCH,Table 3,22,100,4.473684210526315,1.0,32776,8448,4
sionna,PDSCH,Table 3,22,100,6.052631578947368,1.0,32776,8448,4
sionna,PDSCH,Table 3,22,100,7.631578947368421,1.0,32776,8448,4
sionna,PDSCH,Table 3,22,100,9.210526315789474,0.9985751693024817,32776,8448,4
sionna,PDSCH,Table 3,22,100,10.789473684210527,0.0013326668005364528,32776,8448,4
sionna,PDSCH,Table 3,22,100,12.368421052631579,0.0,32776,8448,4
sionna,PDSCH,Table 3,22,100,13.94736842105263,0.0,32776,8448,4
sionna,PDSCH,Table 3,22,100,15.526315789473685,0.0,32776,8448,4
sionna,PDSCH,Table 3,22,100,17.105263157894736,0.0,32776,8448,4
sionna,PDSCH,Table 3,22,100,18.68421052631579,0.0,32776,8448,4
sionna,PDSCH,Table 3,22,100,20.263157894736842,0.0,32776,8448,4
sionna,PDSCH,Table 3,22,100,21.842105263157894,0.0,32776,8448,4
sionna,PDSCH,Table 3,22,100,23.42105263157895,0.0,32776,8448,4
sionna,PDSCH,Table 3,22,100,25.0,0.0,32776,8448,4
sionna,PDSCH,Table 3,22,200,-5.0,1.0,65576,8448,8
sionna,PDSCH,Table 3,22,200,-3.4210526315789473,1.0,65576,8448,8
sionna,PDSCH,Table 3,22,200,-1.8421052631578947,1.0,65576,8448,8
sionna,PDSCH,Table 3,22,200,-0.2631578947368425,1.0,65576,8448,8
sionna,PDSCH,Table 3,22,200,1.3157894736842106,1.0,65576,8448,8
sionna,PDSCH,Table 3,22,200,2.8947368421052637,1.0,65576,8448,8
sionna,PDSCH,Table 3,22,200,4.473684210526315,1.0,65576,8448,8
sionna,PDSCH,Table 3,22,200,6.052631578947368,1.0,65576,8448,8
sionna,PDSCH,Table 3,22,200,7.631578947368421,1.0,65576,8448,8
sionna,PDSCH,Table 3,22,200,9.210526315789474,0.9999979698574835,65576,8448,8
sionna,PDSCH,Table 3,22,200,10.789473684210527,0.0026635576002717043,65576,8448,8
sionna,PDSCH,Table 3,22,200,12.368421052631579,0.0,65576,8448,8
sionna,PDSCH,Table 3,22,200,13.94736842105263,0.0,65576,8448,8
sionna,PDSCH,Table 3,22,200,15.526315789473685,0.0,65576,8448,8
sionna,PDSCH,Table 3,22,200,17.105263157894736,0.0,65576,8448,8
sionna,PDSCH,Table 3,22,200,18.68421052631579,0.0,65576,8448,8
sionna,PDSCH,Table 3,22,200,20.263157894736842,0.0,65576,8448,8
sionna,PDSCH,Table 3,22,200,21.842105263157894,0.0,65576,8448,8
sionna,PDSCH,Table 3,22,200,23.42105263157895,0.0,65576,8448,8
sionna,PDSCH,Table 3,22,200,25.0,0.0,65576,8448,8
sionna,PDSCH,Table 3,23,10,-5.0,1.0,3624,3840,1
sionna,PDSCH,Table 3,23,10,-3.4210526315789473,1.0,3624,3840,1
sionna,PDSCH,Table 3,23,10,-1.8421052631578947,1.0,3624,3840,1
sionna,PDSCH,Table 3,23,10,-0.2631578947368425,1.0,3624,3840,1
sionna,PDSCH,Table 3,23,10,1.3157894736842106,1.0,3624,3840,1
sionna,PDSCH,Table 3,23,10,2.8947368421052637,1.0,3624,3840,1
sionna,PDSCH,Table 3,23,10,4.473684210526315,1.0,3624,3840,1
sionna,PDSCH,Table 3,23,10,6.052631578947368,1.0,3624,3840,1
sionna,PDSCH,Table 3,23,10,7.631578947368421,1.0,3624,3840,1
sionna,PDSCH,Table 3,23,10,9.210526315789474,1.0,3624,3840,1
sionna,PDSCH,Table 3,23,10,10.789473684210527,0.07333333045244217,3624,3840,1
sionna,PDSCH,Table 3,23,10,12.368421052631579,0.0,3624,3840,1
sionna,PDSCH,Table 3,23,10,13.94736842105263,0.0,3624,3840,1
sionna,PDSCH,Table 3,23,10,15.526315789473685,0.0,3624,3840,1
sionna,PDSCH,Table 3,23,10,17.105263157894736,0.0,3624,3840,1
sionna,PDSCH,Table 3,23,10,18.68421052631579,0.0,3624,3840,1
sionna,PDSCH,Table 3,23,10,20.263157894736842,0.0,3624,3840,1
sionna,PDSCH,Table 3,23,10,21.842105263157894,0.0,3624,3840,1
sionna,PDSCH,Table 3,23,10,23.42105263157895,0.0,3624,3840,1
sionna,PDSCH,Table 3,23,10,25.0,0.0,3624,3840,1
sionna,PDSCH,Table 3,23,100,-5.0,1.0,35856,7744,5
sionna,PDSCH,Table 3,23,100,-3.4210526315789473,1.0,35856,7744,5
sionna,PDSCH,Table 3,23,100,-1.8421052631578947,1.0,35856,7744,5
sionna,PDSCH,Table 3,23,100,-0.2631578947368425,1.0,35856,7744,5
sionna,PDSCH,Table 3,23,100,1.3157894736842106,1.0,35856,7744,5
sionna,PDSCH,Table 3,23,100,2.8947368421052637,1.0,35856,7744,5
sionna,PDSCH,Table 3,23,100,4.473684210526315,1.0,35856,7744,5
sionna,PDSCH,Table 3,23,100,6.052631578947368,1.0,35856,7744,5
sionna,PDSCH,Table 3,23,100,7.631578947368421,1.0,35856,7744,5
sionna,PDSCH,Table 3,23,100,9.210526315789474,1.0,35856,7744,5
sionna,PDSCH,Table 3,23,100,10.789473684210527,0.31669010033804434,35856,7744,5
sionna,PDSCH,Table 3,23,100,12.368421052631579,0.0,35856,7744,5
sionna,PDSCH,Table 3,23,100,13.94736842105263,0.0,35856,7744,5
sionna,PDSCH,Table 3,23,100,15.526315789473685,0.0,35856,7744,5
sionna,PDSCH,Table 3,23,100,17.105263157894736,0.0,35856,7744,5
sionna,PDSCH,Table 3,23,100,18.68421052631579,0.0,35856,7744,5
sionna,PDSCH,Table 3,23,100,20.263157894736842,0.0,35856,7744,5
sionna,PDSCH,Table 3,23,100,21.842105263157894,0.0,35856,7744,5
sionna,PDSCH,Table 3,23,100,23.42105263157895,0.0,35856,7744,5
sionna,PDSCH,Table 3,23,100,25.0,0.0,35856,7744,5
sionna,PDSCH,Table 3,23,200,-5.0,1.0,71688,8448,9
sionna,PDSCH,Table 3,23,200,-3.4210526315789473,1.0,71688,8448,9
sionna,PDSCH,Table 3,23,200,-1.8421052631578947,1.0,71688,8448,9
sionna,PDSCH,Table 3,23,200,-0.2631578947368425,1.0,71688,8448,9
sionna,PDSCH,Table 3,23,200,1.3157894736842106,1.0,71688,8448,9
sionna,PDSCH,Table 3,23,200,2.8947368421052637,1.0,71688,8448,9
sionna,PDSCH,Table 3,23,200,4.473684210526315,1.0,71688,8448,9
sionna,PDSCH,Table 3,23,200,6.052631578947368,1.0,71688,8448,9
sionna,PDSCH,Table 3,23,200,7.631578947368421,1.0,71688,8448,9
sionna,PDSCH,Table 3,23,200,9.210526315789474,1.0,71688,8448,9
sionna,PDSCH,Table 3,23,200,10.789473684210527,0.4961376789304395,71688,8448,9
sionna,PDSCH,Table 3,23,200,12.368421052631579,0.0,71688,8448,9
sionna,PDSCH,Table 3,23,200,13.94736842105263,0.0,71688,8448,9
sionna,PDSCH,Table 3,23,200,15.526315789473685,0.0,71688,8448,9
sionna,PDSCH,Table 3,23,200,17.105263157894736,0.0,71688,8448,9
sionna,PDSCH,Table 3,23,200,18.68421052631579,0.0,71688,8448,9
sionna,PDSCH,Table 3,23,200,20.263157894736842,0.0,71688,8448,9
sionna,PDSCH,Table 3,23,200,21.842105263157894,0.0,71688,8448,9
sionna,PDSCH,Table 3,23,200,23.42105263157895,0.0,71688,8448,9
sionna,PDSCH,Table 3,23,200,25.0,0.0,71688,8448,9
sionna,PDSCH,Table 3,24,10,-5.0,1.0,3968,4224,1
sionna,PDSCH,Table 3,24,10,-3.4210526315789473,1.0,3968,4224,1
sionna,PDSCH,Table 3,24,10,-1.8421052631578947,1.0,3968,4224,1
sionna,PDSCH,Table 3,24,10,-0.2631578947368425,1.0,3968,4224,1
sionna,PDSCH,Table 3,24,10,1.3157894736842106,1.0,3968,4224,1
sionna,PDSCH,Table 3,24,10,2.8947368421052637,1.0,3968,4224,1
sionna,PDSCH,Table 3,24,10,4.473684210526315,1.0,3968,4224,1
sionna,PDSCH,Table 3,24,10,6.052631578947368,1.0,3968,4224,1
sionna,PDSCH,Table 3,24,10,7.631578947368421,1.0,3968,4224,1
sionna,PDSCH,Table 3,24,10,9.210526315789474,1.0,3968,4224,1
sionna,PDSCH,Table 3,24,10,10.789473684210527,0.9883333444595337,3968,4224,1
sionna,PDSCH,Table 3,24,10,12.368421052631579,0.0,3968,4224,1
sionna,PDSCH,Table 3,24,10,13.94736842105263,0.0,3968,4224,1
sionna,PDSCH,Table 3,24,10,15.526315789473685,0.0,3968,4224,1
sionna,PDSCH,Table 3,24,10,17.105263157894736,0.0,3968,4224,1
sionna,PDSCH,Table 3,24,10,18.68421052631579,0.0,3968,4224,1
sionna,PDSCH,Table 3,24,10,20.263157894736842,0.0,3968,4224,1
sionna,PDSCH,Table 3,24,10,21.842105263157894,0.0,3968,4224,1
sionna,PDSCH,Table 3,24,10,23.42105263157895,0.0,3968,4224,1
sionna,PDSCH,Table 3,24,10,25.0,0.0,3968,4224,1
sionna,PDSCH,Table 3,24,100,-5.0,1.0,39936,8448,5
sionna,PDSCH,Table 3,24,100,-3.4210526315789473,1.0,39936,8448,5
sionna,PDSCH,Table 3,24,100,-1.8421052631578947,1.0,39936,8448,5
sionna,PDSCH,Table 3,24,100,-0.2631578947368425,1.0,39936,8448,5
sionna,PDSCH,Table 3,24,100,1.3157894736842106,1.0,39936,8448,5
sionna,PDSCH,Table 3,24,100,2.8947368421052637,1.0,39936,8448,5
sionna,PDSCH,Table 3,24,100,4.473684210526315,1.0,39936,8448,5
sionna,PDSCH,Table 3,24,100,6.052631578947368,1.0,39936,8448,5
sionna,PDSCH,Table 3,24,100,7.631578947368421,1.0,39936,8448,5
sionna,PDSCH,Table 3,24,100,9.210526315789474,1.0,39936,8448,5
sionna,PDSCH,Table 3,24,100,10.789473684210527,0.9999999997838617,39936,8448,5
sionna,PDSCH,Table 3,24,100,12.368421052631579,0.0,39936,8448,5
sionna,PDSCH,Table 3,24,100,13.94736842105263,0.0,39936,8448,5
sionna,PDSCH,Table 3,24,100,15.526315789473685,0.0,39936,8448,5
sionna,PDSCH,Table 3,24,100,17.105263157894736,0.0,39936,8448,5
sionna,PDSCH,Table 3,24,100,18.68421052631579,0.0,39936,8448,5
sionna,PDSCH,Table 3,24,100,20.263157894736842,0.0,39936,8448,5
sionna,PDSCH,Table 3,24,100,21.842105263157894,0.0,39936,8448,5
sionna,PDSCH,Table 3,24,100,23.42105263157895,0.0,39936,8448,5
sionna,PDSCH,Table 3,24,100,25.0,0.0,39936,8448,5
sionna,PDSCH,Table 3,24,200,-5.0,1.0,79896,8448,10
sionna,PDSCH,Table 3,24,200,-3.4210526315789473,1.0,79896,8448,10
sionna,PDSCH,Table 3,24,200,-1.8421052631578947,1.0,79896,8448,10
sionna,PDSCH,Table 3,24,200,-0.2631578947368425,1.0,79896,8448,10
sionna,PDSCH,Table 3,24,200,1.3157894736842106,1.0,79896,8448,10
sionna,PDSCH,Table 3,24,200,2.8947368421052637,1.0,79896,8448,10
sionna,PDSCH,Table 3,24,200,4.473684210526315,1.0,79896,8448,10
sionna,PDSCH,Table 3,24,200,6.052631578947368,1.0,79896,8448,10
sionna,PDSCH,Table 3,24,200,7.631578947368421,1.0,79896,8448,10
sionna,PDSCH,Table 3,24,200,9.210526315789474,1.0,79896,8448,10
sionna,PDSCH,Table 3,24,200,10.789473684210527,1.0,79896,8448,10
sionna,PDSCH,Table 3,24,200,12.368421052631579,0.0,79896,8448,10
sionna,PDSCH,Table 3,24,200,13.94736842105263,0.0,79896,8448,10
sionna,PDSCH,Table 3,24,200,15.526315789473685,0.0,79896,8448,10
sionna,PDSCH,Table 3,24,200,17.105263157894736,0.0,79896,8448,10
sionna,PDSCH,Table 3,24,200,18.68421052631579,0.0,79896,8448,10
sionna,PDSCH,Table 3,24,200,20.263157894736842,0.0,79896,8448,10
sionna,PDSCH,Table 3,24,200,21.842105263157894,0.0,79896,8448,10
sionna,PDSCH,Table 3,24,200,23.42105263157895,0.0,79896,8448,10
sionna,PDSCH,Table 3,24,200,25.0,0.0,79896,8448,10
sionna,PDSCH,Table 3,25,10,-5.0,1.0,4352,4576,1
sionna,PDSCH,Table 3,25,10,-3.4210526315789473,1.0,4352,4576,1
sionna,PDSCH,Table 3,25,10,-1.8421052631578947,1.0,4352,4576,1
sionna,PDSCH,Table 3,25,10,-0.2631578947368425,1.0,4352,4576,1
sionna,PDSCH,Table 3,25,10,1.3157894736842106,1.0,4352,4576,1
sionna,PDSCH,Table 3,25,10,2.8947368421052637,1.0,4352,4576,1
sionna,PDSCH,Table 3,25,10,4.473684210526315,1.0,4352,4576,1
sionna,PDSCH,Table 3,25,10,6.052631578947368,1.0,4352,4576,1
sionna,PDSCH,Table 3,25,10,7.631578947368421,1.0,4352,4576,1
sionna,PDSCH,Table 3,25,10,9.210526315789474,1.0,4352,4576,1
sionna,PDSCH,Table 3,25,10,10.789473684210527,1.0,4352,4576,1
sionna,PDSCH,Table 3,25,10,12.368421052631579,0.4763636291027069,4352,4576,1
sionna,PDSCH,Table 3,25,10,13.94736842105263,0.0,4352,4576,1
sionna,PDSCH,Table 3,25,10,15.526315789473685,0.0,4352,4576,1
sionna,PDSCH,Table 3,25,10,17.105263157894736,0.0,4352,4576,1
sionna,PDSCH,Table 3,25,10,18.68421052631579,0.0,4352,4576,1
sionna,PDSCH,Table 3,25,10,20.263157894736842,0.0,4352,4576,1
sionna,PDSCH,Table 3,25,10,21.842105263157894,0.0,4352,4576,1
sionna,PDSCH,Table 3,25,10,23.42105263157895,0.0,4352,4576,1
sionna,PDSCH,Table 3,25,10,25.0,0.0,4352,4576,1
sionna,PDSCH,Table 3,25,100,-5.0,1.0,43032,7744,6
sionna,PDSCH,Table 3,25,100,-3.4210526315789473,1.0,43032,7744,6
sionna,PDSCH,Table 3,25,100,-1.8421052631578947,1.0,43032,7744,6
sionna,PDSCH,Table 3,25,100,-0.2631578947368425,1.0,43032,7744,6
sionna,PDSCH,Table 3,25,100,1.3157894736842106,1.0,43032,7744,6
sionna,PDSCH,Table 3,25,100,2.8947368421052637,1.0,43032,7744,6
sionna,PDSCH,Table 3,25,100,4.473684210526315,1.0,43032,7744,6
sionna,PDSCH,Table 3,25,100,6.052631578947368,1.0,43032,7744,6
sionna,PDSCH,Table 3,25,100,7.631578947368421,1.0,43032,7744,6
sionna,PDSCH,Table 3,25,100,9.210526315789474,1.0,43032,7744,6
sionna,PDSCH,Table 3,25,100,10.789473684210527,1.0,43032,7744,6
sionna,PDSCH,Table 3,25,100,12.368421052631579,0.9793852142407278,43032,7744,6
sionna,PDSCH,Table 3,25,100,13.94736842105263,0.0,43032,7744,6
sionna,PDSCH,Table 3,25,100,15.526315789473685,0.0,43032,7744,6
sionna,PDSCH,Table 3,25,100,17.105263157894736,0.0,43032,7744,6
sionna,PDSCH,Table 3,25,100,18.68421052631579,0.0,43032,7744,6
sionna,PDSCH,Table 3,25,100,20.263157894736842,0.0,43032,7744,6
sionna,PDSCH,Table 3,25,100,21.842105263157894,0.0,43032,7744,6
sionna,PDSCH,Table 3,25,100,23.42105263157895,0.0,43032,7744,6
sionna,PDSCH,Table 3,25,100,25.0,0.0,43032,7744,6
sionna,PDSCH,Table 3,25,200,-5.0,1.0,86040,8448,11
sionna,PDSCH,Table 3,25,200,-3.4210526315789473,1.0,86040,8448,11
sionna,PDSCH,Table 3,25,200,-1.8421052631578947,1.0,86040,8448,11
sionna,PDSCH,Table 3,25,200,-0.2631578947368425,1.0,86040,8448,11
sionna,PDSCH,Table 3,25,200,1.3157894736842106,1.0,86040,8448,11
sionna,PDSCH,Table 3,25,200,2.8947368421052637,1.0,86040,8448,11
sionna,PDSCH,Table 3,25,200,4.473684210526315,1.0,86040,8448,11
sionna,PDSCH,Table 3,25,200,6.052631578947368,1.0,86040,8448,11
sionna,PDSCH,Table 3,25,200,7.631578947368421,1.0,86040,8448,11
sionna,PDSCH,Table 3,25,200,9.210526315789474,1.0,86040,8448,11
sionna,PDSCH,Table 3,25,200,10.789473684210527,1.0,86040,8448,11
sionna,PDSCH,Table 3,25,200,12.368421052631579,0.9991884265197766,86040,8448,11
sionna,PDSCH,Table 3,25,200,13.94736842105263,0.0,86040,8448,11
sionna,PDSCH,Table 3,25,200,15.526315789473685,0.0,86040,8448,11
sionna,PDSCH,Table 3,25,200,17.105263157894736,0.0,86040,8448,11
sionna,PDSCH,Table 3,25,200,18.68421052631579,0.0,86040,8448,11
sionna,PDSCH,Table 3,25,200,20.263157894736842,0.0,86040,8448,11
sionna,PDSCH,Table 3,25,200,21.842105263157894,0.0,86040,8448,11
sionna,PDSCH,Table 3,25,200,23.42105263157895,0.0,86040,8448,11
sionna,PDSCH,Table 3,25,200,25.0,0.0,86040,8448,11
sionna,PDSCH,Table 3,26,10,-5.0,1.0,4608,4928,1
sionna,PDSCH,Table 3,26,10,-3.4210526315789473,1.0,4608,4928,1
sionna,PDSCH,Table 3,26,10,-1.8421052631578947,1.0,4608,4928,1
sionna,PDSCH,Table 3,26,10,-0.2631578947368425,1.0,4608,4928,1
sionna,PDSCH,Table 3,26,10,1.3157894736842106,1.0,4608,4928,1
sionna,PDSCH,Table 3,26,10,2.8947368421052637,1.0,4608,4928,1
sionna,PDSCH,Table 3,26,10,4.473684210526315,1.0,4608,4928,1
sionna,PDSCH,Table 3,26,10,6.052631578947368,1.0,4608,4928,1
sionna,PDSCH,Table 3,26,10,7.631578947368421,1.0,4608,4928,1
sionna,PDSCH,Table 3,26,10,9.210526315789474,1.0,4608,4928,1
sionna,PDSCH,Table 3,26,10,10.789473684210527,1.0,4608,4928,1
sionna,PDSCH,Table 3,26,10,12.368421052631579,1.0,4608,4928,1
sionna,PDSCH,Table 3,26,10,13.94736842105263,0.017999999225139618,4608,4928,1
sionna,PDSCH,Table 3,26,10,15.526315789473685,0.0,4608,4928,1
sionna,PDSCH,Table 3,26,10,17.105263157894736,0.0,4608,4928,1
sionna,PDSCH,Table 3,26,10,18.68421052631579,0.0,4608,4928,1
sionna,PDSCH,Table 3,26,10,20.263157894736842,0.0,4608,4928,1
sionna,PDSCH,Table 3,26,10,21.842105263157894,0.0,4608,4928,1
sionna,PDSCH,Table 3,26,10,23.42105263157895,0.0,4608,4928,1
sionna,PDSCH,Table 3,26,10,25.0,0.0,4608,4928,1
sionna,PDSCH,Table 3,26,100,-5.0,1.0,47112,8448,6
sionna,PDSCH,Table 3,26,100,-3.4210526315789473,1.0,47112,8448,6
sionna,PDSCH,Table 3,26,100,-1.8421052631578947,1.0,47112,8448,6
sionna,PDSCH,Table 3,26,100,-0.2631578947368425,1.0,47112,8448,6
sionna,PDSCH,Table 3,26,100,1.3157894736842106,1.0,47112,8448,6
sionna,PDSCH,Table 3,26,100,2.8947368421052637,1.0,47112,8448,6
sionna,PDSCH,Table 3,26,100,4.473684210526315,1.0,47112,8448,6
sionna,PDSCH,Table 3,26,100,6.052631578947368,1.0,47112,8448,6
sionna,PDSCH,Table 3,26,100,7.631578947368421,1.0,47112,8448,6
sionna,PDSCH,Table 3,26,100,9.210526315789474,1.0,47112,8448,6
sionna,PDSCH,Table 3,26,100,10.789473684210527,1.0,47112,8448,6
sionna,PDSCH,Table 3,26,100,12.368421052631579,1.0,47112,8448,6
sionna,PDSCH,Table 3,26,100,13.94736842105263,0.10325507241786347,47112,8448,6
sionna,PDSCH,Table 3,26,100,15.526315789473685,0.0,47112,8448,6
sionna,PDSCH,Table 3,26,100,17.105263157894736,0.0,47112,8448,6
sionna,PDSCH,Table 3,26,100,18.68421052631579,0.0,47112,8448,6
sionna,PDSCH,Table 3,26,100,20.263157894736842,0.0,47112,8448,6
sionna,PDSCH,Table 3,26,100,21.842105263157894,0.0,47112,8448,6
sionna,PDSCH,Table 3,26,100,23.42105263157895,0.0,47112,8448,6
sionna,PDSCH,Table 3,26,100,25.0,0.0,47112,8448,6
sionna,PDSCH,Table 3,26,200,-5.0,1.0,94248,8448,12
sionna,PDSCH,Table 3,26,200,-3.4210526315789473,1.0,94248,8448,12
sionna,PDSCH,Table 3,26,200,-1.8421052631578947,1.0,94248,8448,12
sionna,PDSCH,Table 3,26,200,-0.2631578947368425,1.0,94248,8448,12
sionna,PDSCH,Table 3,26,200,1.3157894736842106,1.0,94248,8448,12
sionna,PDSCH,Table 3,26,200,2.8947368421052637,1.0,94248,8448,12
sionna,PDSCH,Table 3,26,200,4.473684210526315,1.0,94248,8448,12
sionna,PDSCH,Table 3,26,200,6.052631578947368,1.0,94248,8448,12
sionna,PDSCH,Table 3,26,200,7.631578947368421,1.0,94248,8448,12
sionna,PDSCH,Table 3,26,200,9.210526315789474,1.0,94248,8448,12
sionna,PDSCH,Table 3,26,200,10.789473684210527,1.0,94248,8448,12
sionna,PDSCH,Table 3,26,200,12.368421052631579,1.0,94248,8448,12
sionna,PDSCH,Table 3,26,200,13.94736842105263,0.19584853485570874,94248,8448,12
sionna,PDSCH,Table 3,26,200,15.526315789473685,0.0,94248,8448,12
sionna,PDSCH,Table 3,26,200,17.105263157894736,0.0,94248,8448,12
sionna,PDSCH,Table 3,26,200,18.68421052631579,0.0,94248,8448,12
sionna,PDSCH,Table 3,26,200,20.263157894736842,0.0,94248,8448,12
sionna,PDSCH,Table 3,26,200,21.842105263157894,0.0,94248,8448,12
sionna,PDSCH,Table 3,26,200,23.42105263157895,0.0,94248,8448,12
sionna,PDSCH,Table 3,26,200,25.0,0.0,94248,8448,12
sionna,PDSCH,Table 3,27,10,-5.0,1.0,4992,5280,1
sionna,PDSCH,Table 3,27,10,-3.4210526315789473,1.0,4992,5280,1
sionna,PDSCH,Table 3,27,10,-1.8421052631578947,1.0,4992,5280,1
sionna,PDSCH,Table 3,27,10,-0.2631578947368425,1.0,4992,5280,1
sionna,PDSCH,Table 3,27,10,1.3157894736842106,1.0,4992,5280,1
sionna,PDSCH,Table 3,27,10,2.8947368421052637,1.0,4992,5280,1
sionna,PDSCH,Table 3,27,10,4.473684210526315,1.0,4992,5280,1
sionna,PDSCH,Table 3,27,10,6.052631578947368,1.0,4992,5280,1
sionna,PDSCH,Table 3,27,10,7.631578947368421,1.0,4992,5280,1
sionna,PDSCH,Table 3,27,10,9.210526315789474,1.0,4992,5280,1
sionna,PDSCH,Table 3,27,10,10.789473684210527,1.0,4992,5280,1
sionna,PDSCH,Table 3,27,10,12.368421052631579,1.0,4992,5280,1
sionna,PDSCH,Table 3,27,10,13.94736842105263,0.8433333039283752,4992,5280,1
sionna,PDSCH,Table 3,27,10,15.526315789473685,0.0,4992,5280,1
sionna,PDSCH,Table 3,27,10,17.105263157894736,0.0,4992,5280,1
sionna,PDSCH,Table 3,27,10,18.68421052631579,0.0,4992,5280,1
sionna,PDSCH,Table 3,27,10,20.263157894736842,0.0,4992,5280,1
sionna,PDSCH,Table 3,27,10,21.842105263157894,0.0,4992,5280,1
sionna,PDSCH,Table 3,27,10,23.42105263157895,0.0,4992,5280,1
sionna,PDSCH,Table 3,27,10,25.0,0.0,4992,5280,1
sionna,PDSCH,Table 3,27,100,-5.0,1.0,50184,8448,6
sionna,PDSCH,Table 3,27,100,-3.4210526315789473,1.0,50184,8448,6
sionna,PDSCH,Table 3,27,100,-1.8421052631578947,1.0,50184,8448,6
sionna,PDSCH,Table 3,27,100,-0.2631578947368425,1.0,50184,8448,6
sionna,PDSCH,Table 3,27,100,1.3157894736842106,1.0,50184,8448,6
sionna,PDSCH,Table 3,27,100,2.8947368421052637,1.0,50184,8448,6
sionna,PDSCH,Table 3,27,100,4.473684210526315,1.0,50184,8448,6
sionna,PDSCH,Table 3,27,100,6.052631578947368,1.0,50184,8448,6
sionna,PDSCH,Table 3,27,100,7.631578947368421,1.0,50184,8448,6
sionna,PDSCH,Table 3,27,100,9.210526315789474,1.0,50184,8448,6
sionna,PDSCH,Table 3,27,100,10.789473684210527,1.0,50184,8448,6
sionna,PDSCH,Table 3,27,100,12.368421052631579,1.0,50184,8448,6
sionna,PDSCH,Table 3,27,100,13.94736842105263,0.9999852136797421,50184,8448,6
sionna,PDSCH,Table 3,27,100,15.526315789473685,0.0,50184,8448,6
sionna,PDSCH,Table 3,27,100,17.105263157894736,0.0,50184,8448,6
sionna,PDSCH,Table 3,27,100,18.68421052631579,0.0,50184,8448,6
sionna,PDSCH,Table 3,27,100,20.263157894736842,0.0,50184,8448,6
sionna,PDSCH,Table 3,27,100,21.842105263157894,0.0,50184,8448,6
sionna,PDSCH,Table 3,27,100,23.42105263157895,0.0,50184,8448,6
sionna,PDSCH,Table 3,27,100,25.0,0.0,50184,8448,6
sionna,PDSCH,Table 3,27,200,-5.0,1.0,100392,8448,12
sionna,PDSCH,Table 3,27,200,-3.4210526315789473,1.0,100392,8448,12
sionna,PDSCH,Table 3,27,200,-1.8421052631578947,1.0,100392,8448,12
sionna,PDSCH,Table 3,27,200,-0.2631578947368425,1.0,100392,8448,12
sionna,PDSCH,Table 3,27,200,1.3157894736842106,1.0,100392,8448,12
sionna,PDSCH,Table 3,27,200,2.8947368421052637,1.0,100392,8448,12
sionna,PDSCH,Table 3,27,200,4.473684210526315,1.0,100392,8448,12
sionna,PDSCH,Table 3,27,200,6.052631578947368,1.0,100392,8448,12
sionna,PDSCH,Table 3,27,200,7.631578947368421,1.0,100392,8448,12
sionna,PDSCH,Table 3,27,200,9.210526315789474,1.0,100392,8448,12
sionna,PDSCH,Table 3,27,200,10.789473684210527,1.0,100392,8448,12
sionna,PDSCH,Table 3,27,200,12.368421052631579,1.0,100392,8448,12
sionna,PDSCH,Table 3,27,200,13.94736842105263,0.9999999997813648,100392,8448,12
sionna,PDSCH,Table 3,27,200,15.526315789473685,0.0,100392,8448,12
sionna,PDSCH,Table 3,27,200,17.105263157894736,0.0,100392,8448,12
sionna,PDSCH,Table 3,27,200,18.68421052631579,0.0,100392,8448,12
sionna,PDSCH,Table 3,27,200,20.263157894736842,0.0,100392,8448,12
sionna,PDSCH,Table 3,27,200,21.842105263157894,0.0,100392,8448,12
sionna,PDSCH,Table 3,27,200,23.42105263157895,0.0,100392,8448,12
sionna,PDSCH,Table 3,27,200,25.0,0.0,100392,8448,12
sionna,PDSCH,Table 3,28,10,-5.0,1.0,5376,5632,1
sionna,PDSCH,Table 3,28,10,-3.4210526315789473,1.0,5376,5632,1
sionna,PDSCH,Table 3,28,10,-1.8421052631578947,1.0,5376,5632,1
sionna,PDSCH,Table 3,28,10,-0.2631578947368425,1.0,5376,5632,1
sionna,PDSCH,Table 3,28,10,1.3157894736842106,1.0,5376,5632,1
sionna,PDSCH,Table 3,28,10,2.8947368421052637,1.0,5376,5632,1
sionna,PDSCH,Table 3,28,10,4.473684210526315,1.0,5376,5632,1
sionna,PDSCH,Table 3,28,10,6.052631578947368,1.0,5376,5632,1
sionna,PDSCH,Table 3,28,10,7.631578947368421,1.0,5376,5632,1
sionna,PDSCH,Table 3,28,10,9.210526315789474,1.0,5376,5632,1
sionna,PDSCH,Table 3,28,10,10.789473684210527,1.0,5376,5632,1
sionna,PDSCH,Table 3,28,10,12.368421052631579,1.0,5376,5632,1
sionna,PDSCH,Table 3,28,10,13.94736842105263,1.0,5376,5632,1
sionna,PDSCH,Table 3,28,10,15.526315789473685,0.10266666859388351,5376,5632,1
sionna,PDSCH,Table 3,28,10,17.105263157894736,0.0,5376,5632,1
sionna,PDSCH,Table 3,28,10,18.68421052631579,0.0,5376,5632,1
sionna,PDSCH,Table 3,28,10,20.263157894736842,0.0,5376,5632,1
sionna,PDSCH,Table 3,28,10,21.842105263157894,0.0,5376,5632,1
sionna,PDSCH,Table 3,28,10,23.42105263157895,0.0,5376,5632,1
sionna,PDSCH,Table 3,28,10,25.0,0.0,5376,5632,1
sionna,PDSCH,Table 3,28,100,-5.0,1.0,54296,8448,7
sionna,PDSCH,Table 3,28,100,-3.4210526315789473,1.0,54296,8448,7
sionna,PDSCH,Table 3,28,100,-1.8421052631578947,1.0,54296,8448,7
sionna,PDSCH,Table 3,28,100,-0.2631578947368425,1.0,54296,8448,7
sionna,PDSCH,Table 3,28,100,1.3157894736842106,1.0,54296,8448,7
sionna,PDSCH,Table 3,28,100,2.8947368421052637,1.0,54296,8448,7
sionna,PDSCH,Table 3,28,100,4.473684210526315,1.0,54296,8448,7
sionna,PDSCH,Table 3,28,100,6.052631578947368,1.0,54296,8448,7
sionna,PDSCH,Table 3,28,100,7.631578947368421,1.0,54296,8448,7
sionna,PDSCH,Table 3,28,100,9.210526315789474,1.0,54296,8448,7
sionna,PDSCH,Table 3,28,100,10.789473684210527,1.0,54296,8448,7
sionna,PDSCH,Table 3,28,100,12.368421052631579,1.0,54296,8448,7
sionna,PDSCH,Table 3,28,100,13.94736842105263,1.0,54296,8448,7
sionna,PDSCH,Table 3,28,100,15.526315789473685,0.5315355933709499,54296,8448,7
sionna,PDSCH,Table 3,28,100,17.105263157894736,0.0,54296,8448,7
sionna,PDSCH,Table 3,28,100,18.68421052631579,0.0,54296,8448,7
sionna,PDSCH,Table 3,28,100,20.263157894736842,0.0,54296,8448,7
sionna,PDSCH,Table 3,28,100,21.842105263157894,0.0,54296,8448,7
sionna,PDSCH,Table 3,28,100,23.42105263157895,0.0,54296,8448,7
sionna,PDSCH,Table 3,28,100,25.0,0.0,54296,8448,7
sionna,PDSCH,Table 3,28,200,-5.0,1.0,108552,8448,13
sionna,PDSCH,Table 3,28,200,-3.4210526315789473,1.0,108552,8448,13
sionna,PDSCH,Table 3,28,200,-1.8421052631578947,1.0,108552,8448,13
sionna,PDSCH,Table 3,28,200,-0.2631578947368425,1.0,108552,8448,13
sionna,PDSCH,Table 3,28,200,1.3157894736842106,1.0,108552,8448,13
sionna,PDSCH,Table 3,28,200,2.8947368421052637,1.0,108552,8448,13
sionna,PDSCH,Table 3,28,200,4.473684210526315,1.0,108552,8448,13
sionna,PDSCH,Table 3,28,200,6.052631578947368,1.0,108552,8448,13
sionna,PDSCH,Table 3,28,200,7.631578947368421,1.0,108552,8448,13
sionna,PDSCH,Table 3,28,200,9.210526315789474,1.0,108552,8448,13
sionna,PDSCH,Table 3,28,200,10.789473684210527,1.0,108552,8448,13
sionna,PDSCH,Table 3,28,200,12.368421052631579,1.0,108552,8448,13
sionna,PDSCH,Table 3,28,200,13.94736842105263,1.0,108552,8448,13
sionna,PDSCH,Table 3,28,200,15.526315789473685,0.7554321314082727,108552,8448,13
sionna,PDSCH,Table 3,28,200,17.105263157894736,0.0,108552,8448,13
sionna,PDSCH,Table 3,28,200,18.68421052631579,0.0,108552,8448,13
sionna,PDSCH,Table 3,28,200,20.263157894736842,0.0,108552,8448,13
sionna,PDSCH,Table 3,28,200,21.842105263157894,0.0,108552,8448,13
sionna,PDSCH,Table 3,28,200,23.42105263157895,0.0,108552,8448,13
sionna,PDSCH,Table 3,28,200,25.0,0.0,108552,8448,13
sionna,PDSCH,Table 4,2,10,-5.0,1.0,2088,2240,1
sionna,PDSCH,Table 4,2,10,-3.4210526315789473,1.0,2088,2240,1
sionna,PDSCH,Table 4,2,10,-1.8421052631578947,1.0,2088,2240,1
sionna,PDSCH,Table 4,2,10,-0.2631578947368425,0.996666669845581,2088,2240,1
sionna,PDSCH,Table 4,2,10,1.3157894736842106,0.0,2088,2240,1
sionna,PDSCH,Table 4,2,10,2.8947368421052637,0.0,2088,2240,1
sionna,PDSCH,Table 4,2,10,4.473684210526315,0.0,2088,2240,1
sionna,PDSCH,Table 4,2,10,6.052631578947368,0.0,2088,2240,1
sionna,PDSCH,Table 4,2,10,7.631578947368421,0.0,2088,2240,1
sionna,PDSCH,Table 4,2,10,9.210526315789474,0.0,2088,2240,1
sionna,PDSCH,Table 4,2,10,10.789473684210527,0.0,2088,2240,1
sionna,PDSCH,Table 4,2,10,12.368421052631579,0.0,2088,2240,1
sionna,PDSCH,Table 4,2,10,13.94736842105263,0.0,2088,2240,1
sionna,PDSCH,Table 4,2,10,15.526315789473685,0.0,2088,2240,1
sionna,PDSCH,Table 4,2,10,17.105263157894736,0.0,2088,2240,1
sionna,PDSCH,Table 4,2,10,18.68421052631579,0.0,2088,2240,1
sionna,PDSCH,Table 4,2,10,20.263157894736842,0.0,2088,2240,1
sionna,PDSCH,Table 4,2,10,21.842105263157894,0.0,2088,2240,1
sionna,PDSCH,Table 4,2,10,23.42105263157895,0.0,2088,2240,1
sionna,PDSCH,Table 4,2,10,25.0,0.0,2088,2240,1
sionna,PDSCH,Table 4,2,100,-5.0,1.0,21000,7040,3
sionna,PDSCH,Table 4,2,100,-3.4210526315789473,1.0,21000,7040,3
sionna,PDSCH,Table 4,2,100,-1.8421052631578947,1.0,21000,7040,3
sionna,PDSCH,Table 4,2,100,-0.2631578947368425,0.9999999629630689,21000,7040,3
sionna,PDSCH,Table 4,2,100,1.3157894736842106,0.0,21000,7040,3
sionna,PDSCH,Table 4,2,100,2.8947368421052637,0.0,21000,7040,3
sionna,PDSCH,Table 4,2,100,4.473684210526315,0.0,21000,7040,3
sionna,PDSCH,Table 4,2,100,6.052631578947368,0.0,21000,7040,3
sionna,PDSCH,Table 4,2,100,7.631578947368421,0.0,21000,7040,3
sionna,PDSCH,Table 4,2,100,9.210526315789474,0.0,21000,7040,3
sionna,PDSCH,Table 4,2,100,10.789473684210527,0.0,21000,7040,3
sionna,PDSCH,Table 4,2,100,12.368421052631579,0.0,21000,7040,3
sionna,PDSCH,Table 4,2,100,13.94736842105263,0.0,21000,7040,3
sionna,PDSCH,Table 4,2,100,15.526315789473685,0.0,21000,7040,3
sionna,PDSCH,Table 4,2,100,17.105263157894736,0.0,21000,7040,3
sionna,PDSCH,Table 4,2,100,18.68421052631579,0.0,21000,7040,3
sionna,PDSCH,Table 4,2,100,20.263157894736842,0.0,21000,7040,3
sionna,PDSCH,Table 4,2,100,21.842105263157894,0.0,21000,7040,3
sionna,PDSCH,Table 4,2,100,23.42105263157895,0.0,21000,7040,3
sionna,PDSCH,Table 4,2,100,25.0,0.0,21000,7040,3
sionna,PDSCH,Table 4,2,200,-5.0,1.0,42016,8448,5
sionna,PDSCH,Table 4,2,200,-3.4210526315789473,1.0,42016,8448,5
sionna,PDSCH,Table 4,2,200,-1.8421052631578947,1.0,42016,8448,5
sionna,PDSCH,Table 4,2,200,-0.2631578947368425,0.9999999999995884,42016,8448,5
sionna,PDSCH,Table 4,2,200,1.3157894736842106,0.0,42016,8448,5
sionna,PDSCH,Table 4,2,200,2.8947368421052637,0.0,42016,8448,5
sionna,PDSCH,Table 4,2,200,4.473684210526315,0.0,42016,8448,5
sionna,PDSCH,Table 4,2,200,6.052631578947368,0.0,42016,8448,5
sionna,PDSCH,Table 4,2,200,7.631578947368421,0.0,42016,8448,5
sionna,PDSCH,Table 4,2,200,9.210526315789474,0.0,42016,8448,5
sionna,PDSCH,Table 4,2,200,10.789473684210527,0.0,42016,8448,5
sionna,PDSCH,Table 4,2,200,12.368421052631579,0.0,42016,8448,5
sionna,PDSCH,Table 4,2,200,13.94736842105263,0.0,42016,8448,5
sionna,PDSCH,Table 4,2,200,15.526315789473685,0.0,42016,8448,5
sionna,PDSCH,Table 4,2,200,17.105263157894736,0.0,42016,8448,5
sionna,PDSCH,Table 4,2,200,18.68421052631579,0.0,42016,8448,5
sionna,PDSCH,Table 4,2,200,20.263157894736842,0.0,42016,8448,5
sionna,PDSCH,Table 4,2,200,21.842105263157894,0.0,42016,8448,5
sionna,PDSCH,Table 4,2,200,23.42105263157895,0.0,42016,8448,5
sionna,PDSCH,Table 4,2,200,25.0,0.0,42016,8448,5
sionna,PDSCH,Table 4,3,10,-5.0,1.0,1800,1920,1
sionna,PDSCH,Table 4,3,10,-3.4210526315789473,1.0,1800,1920,1
sionna,PDSCH,Table 4,3,10,-1.8421052631578947,1.0,1800,1920,1
sionna,PDSCH,Table 4,3,10,-0.2631578947368425,1.0,1800,1920,1
sionna,PDSCH,Table 4,3,10,1.3157894736842106,1.0,1800,1920,1
sionna,PDSCH,Table 4,3,10,2.8947368421052637,1.0,1800,1920,1
sionna,PDSCH,Table 4,3,10,4.473684210526315,0.011173333004117048,1800,1920,1
sionna,PDSCH,Table 4,3,10,6.052631578947368,0.0,1800,1920,1
sionna,PDSCH,Table 4,3,10,7.631578947368421,0.0,1800,1920,1
sionna,PDSCH,Table 4,3,10,9.210526315789474,0.0,1800,1920,1
sionna,PDSCH,Table 4,3,10,10.789473684210527,0.0,1800,1920,1
sionna,PDSCH,Table 4,3,10,12.368421052631579,0.0,1800,1920,1
sionna,PDSCH,Table 4,3,10,13.94736842105263,0.0,1800,1920,1
sionna,PDSCH,Table 4,3,10,15.526315789473685,0.0,1800,1920,1
sionna,PDSCH,Table 4,3,10,17.105263157894736,0.0,1800,1920,1
sionna,PDSCH,Table 4,3,10,18.68421052631579,0.0,1800,1920,1
sionna,PDSCH,Table 4,3,10,20.263157894736842,0.0,1800,1920,1
sionna,PDSCH,Table 4,3,10,21.842105263157894,0.0,1800,1920,1
sionna,PDSCH,Table 4,3,10,23.42105263157895,0.0,1800,1920,1
sionna,PDSCH,Table 4,3,10,25.0,0.0,1800,1920,1
sionna,PDSCH,Table 4,3,100,-5.0,1.0,17928,6336,3
sionna,PDSCH,Table 4,3,100,-3.4210526315789473,1.0,17928,6336,3
sionna,PDSCH,Table 4,3,100,-1.8421052631578947,1.0,17928,6336,3
sionna,PDSCH,Table 4,3,100,-0.2631578947368425,1.0,17928,6336,3
sionna,PDSCH,Table 4,3,100,1.3157894736842106,1.0,17928,6336,3
sionna,PDSCH,Table 4,3,100,2.8947368421052637,1.0,17928,6336,3
sionna,PDSCH,Table 4,3,100,4.473684210526315,0.027739478723875277,17928,6336,3
sionna,PDSCH,Table 4,3,100,6.052631578947368,0.0,17928,6336,3
sionna,PDSCH,Table 4,3,100,7.631578947368421,0.0,17928,6336,3
sionna,PDSCH,Table 4,3,100,9.210526315789474,0.0,17928,6336,3
sionna,PDSCH,Table 4,3,100,10.789473684210527,0.0,17928,6336,3
sionna,PDSCH,Table 4,3,100,12.368421052631579,0.0,17928,6336,3
sionna,PDSCH,Table 4,3,100,13.94736842105263,0.0,17928,6336,3
sionna,PDSCH,Table 4,3,100,15.526315789473685,0.0,17928,6336,3
sionna,PDSCH,Table 4,3,100,17.105263157894736,0.0,17928,6336,3
sionna,PDSCH,Table 4,3,100,18.68421052631579,0.0,17928,6336,3
sionna,PDSCH,Table 4,3,100,20.263157894736842,0.0,17928,6336,3
sionna,PDSCH,Table 4,3,100,21.842105263157894,0.0,17928,6336,3
sionna,PDSCH,Table 4,3,100,23.42105263157895,0.0,17928,6336,3
sionna,PDSCH,Table 4,3,100,25.0,0.0,17928,6336,3
sionna,PDSCH,Table 4,3,200,-5.0,1.0,35856,7744,5
sionna,PDSCH,Table 4,3,200,-3.4210526315789473,1.0,35856,7744,5
sionna,PDSCH,Table 4,3,200,-1.8421052631578947,1.0,35856,7744,5
sionna,PDSCH,Table 4,3,200,-0.2631578947368425,1.0,35856,7744,5
sionna,PDSCH,Table 4,3,200,1.3157894736842106,1.0,35856,7744,5
sionna,PDSCH,Table 4,3,200,2.8947368421052637,1.0,35856,7744,5
sionna,PDSCH,Table 4,3,200,4.473684210526315,0.04580364645231605,35856,7744,5
sionna,PDSCH,Table 4,3,200,6.052631578947368,0.0,35856,7744,5
sionna,PDSCH,Table 4,3,200,7.631578947368421,0.0,35856,7744,5
sionna,PDSCH,Table 4,3,200,9.210526315789474,0.0,35856,7744,5
sionna,PDSCH,Table 4,3,200,10.789473684210527,0.0,35856,7744,5
sionna,PDSCH,Table 4,3,200,12.368421052631579,0.0,35856,7744,5
sionna,PDSCH,Table 4,3,200,13.94736842105263,0.0,35856,7744,5
sionna,PDSCH,Table 4,3,200,15.526315789473685,0.0,35856,7744,5
sionna,PDSCH,Table 4,3,200,17.105263157894736,0.0,35856,7744,5
sionna,PDSCH,Table 4,3,200,18.68421052631579,0.0,35856,7744,5
sionna,PDSCH,Table 4,3,200,20.263157894736842,0.0,35856,7744,5
sionna,PDSCH,Table 4,3,200,21.842105263157894,0.0,35856,7744,5
sionna,PDSCH,Table 4,3,200,23.42105263157895,0.0,35856,7744,5
sionna,PDSCH,Table 4,3,200,25.0,0.0,35856,7744,5
sionna,PDSCH,Table 4,4,10,-5.0,1.0,2280,2400,1
sionna,PDSCH,Table 4,4,10,-3.4210526315789473,1.0,2280,2400,1
sionna,PDSCH,Table 4,4,10,-1.8421052631578947,1.0,2280,2400,1
sionna,PDSCH,Table 4,4,10,-0.2631578947368425,1.0,2280,2400,1
sionna,PDSCH,Table 4,4,10,1.3157894736842106,1.0,2280,2400,1
sionna,PDSCH,Table 4,4,10,2.8947368421052637,1.0,2280,2400,1
sionna,PDSCH,Table 4,4,10,4.473684210526315,1.0,2280,2400,1
sionna,PDSCH,Table 4,4,10,6.052631578947368,0.10233332961797714,2280,2400,1
sionna,PDSCH,Table 4,4,10,7.631578947368421,0.0,2280,2400,1
sionna,PDSCH,Table 4,4,10,9.210526315789474,0.0,2280,2400,1
sionna,PDSCH,Table 4,4,10,10.789473684210527,0.0,2280,2400,1
sionna,PDSCH,Table 4,4,10,12.368421052631579,0.0,2280,2400,1
sionna,PDSCH,Table 4,4,10,13.94736842105263,0.0,2280,2400,1
sionna,PDSCH,Table 4,4,10,15.526315789473685,0.0,2280,2400,1
sionna,PDSCH,Table 4,4,10,17.105263157894736,0.0,2280,2400,1
sionna,PDSCH,Table 4,4,10,18.68421052631579,0.0,2280,2400,1
sionna,PDSCH,Table 4,4,10,20.263157894736842,0.0,2280,2400,1
sionna,PDSCH,Table 4,4,10,21.842105263157894,0.0,2280,2400,1
sionna,PDSCH,Table 4,4,10,23.42105263157895,0.0,2280,2400,1
sionna,PDSCH,Table 4,4,10,25.0,0.0,2280,2400,1
sionna,PDSCH,Table 4,4,100,-5.0,1.0,23040,7744,3
sionna,PDSCH,Table 4,4,100,-3.4210526315789473,1.0,23040,7744,3
sionna,PDSCH,Table 4,4,100,-1.8421052631578947,1.0,23040,7744,3
sionna,PDSCH,Table 4,4,100,-0.2631578947368425,1.0,23040,7744,3
sionna,PDSCH,Table 4,4,100,1.3157894736842106,1.0,23040,7744,3
sionna,PDSCH,Table 4,4,100,2.8947368421052637,1.0,23040,7744,3
sionna,PDSCH,Table 4,4,100,4.473684210526315,1.0,23040,7744,3
sionna,PDSCH,Table 4,4,100,6.052631578947368,0.276655303722141,23040,7744,3
sionna,PDSCH,Table 4,4,100,7.631578947368421,0.0,23040,7744,3
sionna,PDSCH,Table 4,4,100,9.210526315789474,0.0,23040,7744,3
sionna,PDSCH,Table 4,4,100,10.789473684210527,0.0,23040,7744,3
sionna,PDSCH,Table 4,4,100,12.368421052631579,0.0,23040,7744,3
sionna,PDSCH,Table 4,4,100,13.94736842105263,0.0,23040,7744,3
sionna,PDSCH,Table 4,4,100,15.526315789473685,0.0,23040,7744,3
sionna,PDSCH,Table 4,4,100,17.105263157894736,0.0,23040,7744,3
sionna,PDSCH,Table 4,4,100,18.68421052631579,0.0,23040,7744,3
sionna,PDSCH,Table 4,4,100,20.263157894736842,0.0,23040,7744,3
sionna,PDSCH,Table 4,4,100,21.842105263157894,0.0,23040,7744,3
sionna,PDSCH,Table 4,4,100,23.42105263157895,0.0,23040,7744,3
sionna,PDSCH,Table 4,4,100,25.0,0.0,23040,7744,3
sionna,PDSCH,Table 4,4,200,-5.0,1.0,46104,7744,6
sionna,PDSCH,Table 4,4,200,-3.4210526315789473,1.0,46104,7744,6
sionna,PDSCH,Table 4,4,200,-1.8421052631578947,1.0,46104,7744,6
sionna,PDSCH,Table 4,4,200,-0.2631578947368425,1.0,46104,7744,6
sionna,PDSCH,Table 4,4,200,1.3157894736842106,1.0,46104,7744,6
sionna,PDSCH,Table 4,4,200,2.8947368421052637,1.0,46104,7744,6
sionna,PDSCH,Table 4,4,200,4.473684210526315,1.0,46104,7744,6
sionna,PDSCH,Table 4,4,200,6.052631578947368,0.4767724503666918,46104,7744,6
sionna,PDSCH,Table 4,4,200,7.631578947368421,0.0,46104,7744,6
sionna,PDSCH,Table 4,4,200,9.210526315789474,0.0,46104,7744,6
sionna,PDSCH,Table 4,4,200,10.789473684210527,0.0,46104,7744,6
sionna,PDSCH,Table 4,4,200,12.368421052631579,0.0,46104,7744,6
sionna,PDSCH,Table 4,4,200,13.94736842105263,0.0,46104,7744,6
sionna,PDSCH,Table 4,4,200,15.526315789473685,0.0,46104,7744,6
sionna,PDSCH,Table 4,4,200,17.105263157894736,0.0,46104,7744,6
sionna,PDSCH,Table 4,4,200,18.68421052631579,0.0,46104,7744,6
sionna,PDSCH,Table 4,4,200,20.263157894736842,0.0,46104,7744,6
sionna,PDSCH,Table 4,4,200,21.842105263157894,0.0,46104,7744,6
sionna,PDSCH,Table 4,4,200,23.42105263157895,0.0,46104,7744,6
sionna,PDSCH,Table 4,4,200,25.0,0.0,46104,7744,6
sionna,PDSCH,Table 4,5,10,-5.0,1.0,2976,3200,1
sionna,PDSCH,Table 4,5,10,-3.4210526315789473,1.0,2976,3200,1
sionna,PDSCH,Table 4,5,10,-1.8421052631578947,1.0,2976,3200,1
sionna,PDSCH,Table 4,5,10,-0.2631578947368425,1.0,2976,3200,1
sionna,PDSCH,Table 4,5,10,1.3157894736842106,1.0,2976,3200,1
sionna,PDSCH,Table 4,5,10,2.8947368421052637,1.0,2976,3200,1
sionna,PDSCH,Table 4,5,10,4.473684210526315,1.0,2976,3200,1
sionna,PDSCH,Table 4,5,10,6.052631578947368,1.0,2976,3200,1
sionna,PDSCH,Table 4,5,10,7.631578947368421,0.7242857217788696,2976,3200,1
sionna,PDSCH,Table 4,5,10,9.210526315789474,0.0,2976,3200,1
sionna,PDSCH,Table 4,5,10,10.789473684210527,0.0,2976,3200,1
sionna,PDSCH,Table 4,5,10,12.368421052631579,0.0,2976,3200,1
sionna,PDSCH,Table 4,5,10,13.94736842105263,0.0,2976,3200,1
sionna,PDSCH,Table 4,5,10,15.526315789473685,0.0,2976,3200,1
sionna,PDSCH,Table 4,5,10,17.105263157894736,0.0,2976,3200,1
sionna,PDSCH,Table 4,5,10,18.68421052631579,0.0,2976,3200,1
sionna,PDSCH,Table 4,5,10,20.263157894736842,0.0,2976,3200,1
sionna,PDSCH,Table 4,5,10,21.842105263157894,0.0,2976,3200,1
sionna,PDSCH,Table 4,5,10,23.42105263157895,0.0,2976,3200,1
sionna,PDSCH,Table 4,5,10,25.0,0.0,2976,3200,1
sionna,PDSCH,Table 4,5,100,-5.0,1.0,28680,7744,4
sionna,PDSCH,Table 4,5,100,-3.4210526315789473,1.0,28680,7744,4
sionna,PDSCH,Table 4,5,100,-1.8421052631578947,1.0,28680,7744,4
sionna,PDSCH,Table 4,5,100,-0.2631578947368425,1.0,28680,7744,4
sionna,PDSCH,Table 4,5,100,1.3157894736842106,1.0,28680,7744,4
sionna,PDSCH,Table 4,5,100,2.8947368421052637,1.0,28680,7744,4
sionna,PDSCH,Table 4,5,100,4.473684210526315,1.0,28680,7744,4
sionna,PDSCH,Table 4,5,100,6.052631578947368,1.0,28680,7744,4
sionna,PDSCH,Table 4,5,100,7.631578947368421,0.9942212084541125,28680,7744,4
sionna,PDSCH,Table 4,5,100,9.210526315789474,0.0,28680,7744,4
sionna,PDSCH,Table 4,5,100,10.789473684210527,0.0,28680,7744,4
sionna,PDSCH,Table 4,5,100,12.368421052631579,0.0,28680,7744,4
sionna,PDSCH,Table 4,5,100,13.94736842105263,0.0,28680,7744,4
sionna,PDSCH,Table 4,5,100,15.526315789473685,0.0,28680,7744,4
sionna,PDSCH,Table 4,5,100,17.105263157894736,0.0,28680,7744,4
sionna,PDSCH,Table 4,5,100,18.68421052631579,0.0,28680,7744,4
sionna,PDSCH,Table 4,5,100,20.263157894736842,0.0,28680,7744,4
sionna,PDSCH,Table 4,5,100,21.842105263157894,0.0,28680,7744,4
sionna,PDSCH,Table 4,5,100,23.42105263157895,0.0,28680,7744,4
sionna,PDSCH,Table 4,5,100,25.0,0.0,28680,7744,4
sionna,PDSCH,Table 4,5,200,-5.0,1.0,57376,8448,7
sionna,PDSCH,Table 4,5,200,-3.4210526315789473,1.0,57376,8448,7
sionna,PDSCH,Table 4,5,200,-1.8421052631578947,1.0,57376,8448,7
sionna,PDSCH,Table 4,5,200,-0.2631578947368425,1.0,57376,8448,7
sionna,PDSCH,Table 4,5,200,1.3157894736842106,1.0,57376,8448,7
sionna,PDSCH,Table 4,5,200,2.8947368421052637,1.0,57376,8448,7
sionna,PDSCH,Table 4,5,200,4.473684210526315,1.0,57376,8448,7
sionna,PDSCH,Table 4,5,200,6.052631578947368,1.0,57376,8448,7
sionna,PDSCH,Table 4,5,200,7.631578947368421,0.9998788802961301,57376,8448,7
sionna,PDSCH,Table 4,5,200,9.210526315789474,0.0,57376,8448,7
sionna,PDSCH,Table 4,5,200,10.789473684210527,0.0,57376,8448,7
sionna,PDSCH,Table 4,5,200,12.368421052631579,0.0,57376,8448,7
sionna,PDSCH,Table 4,5,200,13.94736842105263,0.0,57376,8448,7
sionna,PDSCH,Table 4,5,200,15.526315789473685,0.0,57376,8448,7
sionna,PDSCH,Table 4,5,200,17.105263157894736,0.0,57376,8448,7
sionna,PDSCH,Table 4,5,200,18.68421052631579,0.0,57376,8448,7
sionna,PDSCH,Table 4,5,200,20.263157894736842,0.0,57376,8448,7
sionna,PDSCH,Table 4,5,200,21.842105263157894,0.0,57376,8448,7
sionna,PDSCH,Table 4,5,200,23.42105263157895,0.0,57376,8448,7
sionna,PDSCH,Table 4,5,200,25.0,0.0,57376,8448,7
sionna,PDSCH,Table 4,6,10,-5.0,1.0,3368,3520,1
sionna,PDSCH,Table 4,6,10,-3.4210526315789473,1.0,3368,3520,1
sionna,PDSCH,Table 4,6,10,-1.8421052631578947,1.0,3368,3520,1
sionna,PDSCH,Table 4,6,10,-0.2631578947368425,1.0,3368,3520,1
sionna,PDSCH,Table 4,6,10,1.3157894736842106,1.0,3368,3520,1
sionna,PDSCH,Table 4,6,10,2.8947368421052637,1.0,3368,3520,1
sionna,PDSCH,Table 4,6,10,4.473684210526315,1.0,3368,3520,1
sionna,PDSCH,Table 4,6,10,6.052631578947368,1.0,3368,3520,1
sionna,PDSCH,Table 4,6,10,7.631578947368421,1.0,3368,3520,1
sionna,PDSCH,Table 4,6,10,9.210526315789474,0.8157142996788025,3368,3520,1
sionna,PDSCH,Table 4,6,10,10.789473684210527,0.0,3368,3520,1
sionna,PDSCH,Table 4,6,10,12.368421052631579,0.0,3368,3520,1
sionna,PDSCH,Table 4,6,10,13.94736842105263,0.0,3368,3520,1
sionna,PDSCH,Table 4,6,10,15.526315789473685,0.0,3368,3520,1
sionna,PDSCH,Table 4,6,10,17.105263157894736,0.0,3368,3520,1
sionna,PDSCH,Table 4,6,10,18.68421052631579,0.0,3368,3520,1
sionna,PDSCH,Table 4,6,10,20.263157894736842,0.0,3368,3520,1
sionna,PDSCH,Table 4,6,10,21.842105263157894,0.0,3368,3520,1
sionna,PDSCH,Table 4,6,10,23.42105263157895,0.0,3368,3520,1
sionna,PDSCH,Table 4,6,10,25.0,0.0,3368,3520,1
sionna,PDSCH,Table 4,6,100,-5.0,1.0,32776,8448,4
sionna,PDSCH,Table 4,6,100,-3.4210526315789473,1.0,32776,8448,4
sionna,PDSCH,Table 4,6,100,-1.8421052631578947,1.0,32776,8448,4
sionna,PDSCH,Table 4,6,100,-0.2631578947368425,1.0,32776,8448,4
sionna,PDSCH,Table 4,6,100,1.3157894736842106,1.0,32776,8448,4
sionna,PDSCH,Table 4,6,100,2.8947368421052637,1.0,32776,8448,4
sionna,PDSCH,Table 4,6,100,4.473684210526315,1.0,32776,8448,4
sionna,PDSCH,Table 4,6,100,6.052631578947368,1.0,32776,8448,4
sionna,PDSCH,Table 4,6,100,7.631578947368421,1.0,32776,8448,4
sionna,PDSCH,Table 4,6,100,9.210526315789474,0.9988466355807452,32776,8448,4
sionna,PDSCH,Table 4,6,100,10.789473684210527,0.0,32776,8448,4
sionna,PDSCH,Table 4,6,100,12.368421052631579,0.0,32776,8448,4
sionna,PDSCH,Table 4,6,100,13.94736842105263,0.0,32776,8448,4
sionna,PDSCH,Table 4,6,100,15.526315789473685,0.0,32776,8448,4
sionna,PDSCH,Table 4,6,100,17.105263157894736,0.0,32776,8448,4
sionna,PDSCH,Table 4,6,100,18.68421052631579,0.0,32776,8448,4
sionna,PDSCH,Table 4,6,100,20.263157894736842,0.0,32776,8448,4
sionna,PDSCH,Table 4,6,100,21.842105263157894,0.0,32776,8448,4
sionna,PDSCH,Table 4,6,100,23.42105263157895,0.0,32776,8448,4
sionna,PDSCH,Table 4,6,100,25.0,0.0,32776,8448,4
sionna,PDSCH,Table 4,6,200,-5.0,1.0,65576,8448,8
sionna,PDSCH,Table 4,6,200,-3.4210526315789473,1.0,65576,8448,8
sionna,PDSCH,Table 4,6,200,-1.8421052631578947,1.0,65576,8448,8
sionna,PDSCH,Table 4,6,200,-0.2631578947368425,1.0,65576,8448,8
sionna,PDSCH,Table 4,6,200,1.3157894736842106,1.0,65576,8448,8
sionna,PDSCH,Table 4,6,200,2.8947368421052637,1.0,65576,8448,8
sionna,PDSCH,Table 4,6,200,4.473684210526315,1.0,65576,8448,8
sionna,PDSCH,Table 4,6,200,6.052631578947368,1.0,65576,8448,8
sionna,PDSCH,Table 4,6,200,7.631578947368421,1.0,65576,8448,8
sionna,PDSCH,Table 4,6,200,9.210526315789474,0.9999986697505164,65576,8448,8
sionna,PDSCH,Table 4,6,200,10.789473684210527,0.0,65576,8448,8
sionna,PDSCH,Table 4,6,200,12.368421052631579,0.0,65576,8448,8
sionna,PDSCH,Table 4,6,200,13.94736842105263,0.0,65576,8448,8
sionna,PDSCH,Table 4,6,200,15.526315789473685,0.0,65576,8448,8
sionna,PDSCH,Table 4,6,200,17.105263157894736,0.0,65576,8448,8
sionna,PDSCH,Table 4,6,200,18.68421052631579,0.0,65576,8448,8
sionna,PDSCH,Table 4,6,200,20.263157894736842,0.0,65576,8448,8
sionna,PDSCH,Table 4,6,200,21.842105263157894,0.0,65576,8448,8
sionna,PDSCH,Table 4,6,200,23.42105263157895,0.0,65576,8448,8
sionna,PDSCH,Table 4,6,200,25.0,0.0,65576,8448,8
sionna,PDSCH,Table 4,7,10,-5.0,1.0,3624,3840,1
sionna,PDSCH,Table 4,7,10,-3.4210526315789473,1.0,3624,3840,1
sionna,PDSCH,Table 4,7,10,-1.8421052631578947,1.0,3624,3840,1
sionna,PDSCH,Table 4,7,10,-0.2631578947368425,1.0,3624,3840,1
sionna,PDSCH,Table 4,7,10,1.3157894736842106,1.0,3624,3840,1
sionna,PDSCH,Table 4,7,10,2.8947368421052637,1.0,3624,3840,1
sionna,PDSCH,Table 4,7,10,4.473684210526315,1.0,3624,3840,1
sionna,PDSCH,Table 4,7,10,6.052631578947368,1.0,3624,3840,1
sionna,PDSCH,Table 4,7,10,7.631578947368421,1.0,3624,3840,1
sionna,PDSCH,Table 4,7,10,9.210526315789474,1.0,3624,3840,1
sionna,PDSCH,Table 4,7,10,10.789473684210527,0.06966666877269745,3624,3840,1
sionna,PDSCH,Table 4,7,10,12.368421052631579,0.0,3624,3840,1
sionna,PDSCH,Table 4,7,10,13.94736842105263,0.0,3624,3840,1
sionna,PDSCH,Table 4,7,10,15.526315789473685,0.0,3624,3840,1
sionna,PDSCH,Table 4,7,10,17.105263157894736,0.0,3624,3840,1
sionna,PDSCH,Table 4,7,10,18.68421052631579,0.0,3624,3840,1
sionna,PDSCH,Table 4,7,10,20.263157894736842,0.0,3624,3840,1
sionna,PDSCH,Table 4,7,10,21.842105263157894,0.0,3624,3840,1
sionna,PDSCH,Table 4,7,10,23.42105263157895,0.0,3624,3840,1
sionna,PDSCH,Table 4,7,10,25.0,0.0,3624,3840,1
sionna,PDSCH,Table 4,7,100,-5.0,1.0,35856,7744,5
sionna,PDSCH,Table 4,7,100,-3.4210526315789473,1.0,35856,7744,5
sionna,PDSCH,Table 4,7,100,-1.8421052631578947,1.0,35856,7744,5
sionna,PDSCH,Table 4,7,100,-0.2631578947368425,1.0,35856,7744,5
sionna,PDSCH,Table 4,7,100,1.3157894736842106,1.0,35856,7744,5
sionna,PDSCH,Table 4,7,100,2.8947368421052637,1.0,35856,7744,5
sionna,PDSCH,Table 4,7,100,4.473684210526315,1.0,35856,7744,5
sionna,PDSCH,Table 4,7,100,6.052631578947368,1.0,35856,7744,5
sionna,PDSCH,Table 4,7,100,7.631578947368421,1.0,35856,7744,5
sionna,PDSCH,Table 4,7,100,9.210526315789474,1.0,35856,7744,5
sionna,PDSCH,Table 4,7,100,10.789473684210527,0.3030639911880114,35856,7744,5
sionna,PDSCH,Table 4,7,100,12.368421052631579,0.0,35856,7744,5
sionna,PDSCH,Table 4,7,100,13.94736842105263,0.0,35856,7744,5
sionna,PDSCH,Table 4,7,100,15.526315789473685,0.0,35856,7744,5
sionna,PDSCH,Table 4,7,100,17.105263157894736,0.0,35856,7744,5
sionna,PDSCH,Table 4,7,100,18.68421052631579,0.0,35856,7744,5
sionna,PDSCH,Table 4,7,100,20.263157894736842,0.0,35856,7744,5
sionna,PDSCH,Table 4,7,100,21.842105263157894,0.0,35856,7744,5
sionna,PDSCH,Table 4,7,100,23.42105263157895,0.0,35856,7744,5
sionna,PDSCH,Table 4,7,100,25.0,0.0,35856,7744,5
sionna,PDSCH,Table 4,7,200,-5.0,1.0,71688,8448,9
sionna,PDSCH,Table 4,7,200,-3.4210526315789473,1.0,71688,8448,9
sionna,PDSCH,Table 4,7,200,-1.8421052631578947,1.0,71688,8448,9
sionna,PDSCH,Table 4,7,200,-0.2631578947368425,1.0,71688,8448,9
sionna,PDSCH,Table 4,7,200,1.3157894736842106,1.0,71688,8448,9
sionna,PDSCH,Table 4,7,200,2.8947368421052637,1.0,71688,8448,9
sionna,PDSCH,Table 4,7,200,4.473684210526315,1.0,71688,8448,9
sionna,PDSCH,Table 4,7,200,6.052631578947368,1.0,71688,8448,9
sionna,PDSCH,Table 4,7,200,7.631578947368421,1.0,71688,8448,9
sionna,PDSCH,Table 4,7,200,9.210526315789474,1.0,71688,8448,9
sionna,PDSCH,Table 4,7,200,10.789473684210527,0.47790777340201374,71688,8448,9
sionna,PDSCH,Table 4,7,200,12.368421052631579,0.0,71688,8448,9
sionna,PDSCH,Table 4,7,200,13.94736842105263,0.0,71688,8448,9
sionna,PDSCH,Table 4,7,200,15.526315789473685,0.0,71688,8448,9
sionna,PDSCH,Table 4,7,200,17.105263157894736,0.0,71688,8448,9
sionna,PDSCH,Table 4,7,200,18.68421052631579,0.0,71688,8448,9
sionna,PDSCH,Table 4,7,200,20.263157894736842,0.0,71688,8448,9
sionna,PDSCH,Table 4,7,200,21.842105263157894,0.0,71688,8448,9
sionna,PDSCH,Table 4,7,200,23.42105263157895,0.0,71688,8448,9
sionna,PDSCH,Table 4,7,200,25.0,0.0,71688,8448,9
sionna,PDSCH,Table 4,8,10,-5.0,1.0,3968,4224,1
sionna,PDSCH,Table 4,8,10,-3.4210526315789473,1.0,3968,4224,1
sionna,PDSCH,Table 4,8,10,-1.8421052631578947,1.0,3968,4224,1
sionna,PDSCH,Table 4,8,10,-0.2631578947368425,1.0,3968,4224,1
sionna,PDSCH,Table 4,8,10,1.3157894736842106,1.0,3968,4224,1
sionna,PDSCH,Table 4,8,10,2.8947368421052637,1.0,3968,4224,1
sionna,PDSCH,Table 4,8,10,4.473684210526315,1.0,3968,4224,1
sionna,PDSCH,Table 4,8,10,6.052631578947368,1.0,3968,4224,1
sionna,PDSCH,Table 4,8,10,7.631578947368421,1.0,3968,4224,1
sionna,PDSCH,Table 4,8,10,9.210526315789474,1.0,3968,4224,1
sionna,PDSCH,Table 4,8,10,10.789473684210527,0.9950000047683716,3968,4224,1
sionna,PDSCH,Table 4,8,10,12.368421052631579,0.0,3968,4224,1
sionna,PDSCH,Table 4,8,10,13.94736842105263,0.0,3968,4224,1
sionna,PDSCH,Table 4,8,10,15.526315789473685,0.0,3968,4224,1
sionna,PDSCH,Table 4,8,10,17.105263157894736,0.0,3968,4224,1
sionna,PDSCH,Table 4,8,10,18.68421052631579,0.0,3968,4224,1
sionna,PDSCH,Table 4,8,10,20.263157894736842,0.0,3968,4224,1
sionna,PDSCH,Table 4,8,10,21.842105263157894,0.0,3968,4224,1
sionna,PDSCH,Table 4,8,10,23.42105263157895,0.0,3968,4224,1
sionna,PDSCH,Table 4,8,10,25.0,0.0,3968,4224,1
sionna,PDSCH,Table 4,8,100,-5.0,1.0,39936,8448,5
sionna,PDSCH,Table 4,8,100,-3.4210526315789473,1.0,39936,8448,5
sionna,PDSCH,Table 4,8,100,-1.8421052631578947,1.0,39936,8448,5
sionna,PDSCH,Table 4,8,100,-0.2631578947368425,1.0,39936,8448,5
sionna,PDSCH,Table 4,8,100,1.3157894736842106,1.0,39936,8448,5
sionna,PDSCH,Table 4,8,100,2.8947368421052637,1.0,39936,8448,5
sionna,PDSCH,Table 4,8,100,4.473684210526315,1.0,39936,8448,5
sionna,PDSCH,Table 4,8,100,6.052631578947368,1.0,39936,8448,5
sionna,PDSCH,Table 4,8,100,7.631578947368421,1.0,39936,8448,5
sionna,PDSCH,Table 4,8,100,9.210526315789474,1.0,39936,8448,5
sionna,PDSCH,Table 4,8,100,10.789473684210527,0.999999999996875,39936,8448,5
sionna,PDSCH,Table 4,8,100,12.368421052631579,0.0,39936,8448,5
sionna,PDSCH,Table 4,8,100,13.94736842105263,0.0,39936,8448,5
sionna,PDSCH,Table 4,8,100,15.526315789473685,0.0,39936,8448,5
sionna,PDSCH,Table 4,8,100,17.105263157894736,0.0,39936,8448,5
sionna,PDSCH,Table 4,8,100,18.68421052631579,0.0,39936,8448,5
sionna,PDSCH,Table 4,8,100,20.263157894736842,0.0,39936,8448,5
sionna,PDSCH,Table 4,8,100,21.842105263157894,0.0,39936,8448,5
sionna,PDSCH,Table 4,8,100,23.42105263157895,0.0,39936,8448,5
sionna,PDSCH,Table 4,8,100,25.0,0.0,39936,8448,5
sionna,PDSCH,Table 4,8,200,-5.0,1.0,79896,8448,10
sionna,PDSCH,Table 4,8,200,-3.4210526315789473,1.0,79896,8448,10
sionna,PDSCH,Table 4,8,200,-1.8421052631578947,1.0,79896,8448,10
sionna,PDSCH,Table 4,8,200,-0.2631578947368425,1.0,79896,8448,10
sionna,PDSCH,Table 4,8,200,1.3157894736842106,1.0,79896,8448,10
sionna,PDSCH,Table 4,8,200,2.8947368421052637,1.0,79896,8448,10
sionna,PDSCH,Table 4,8,200,4.473684210526315,1.0,79896,8448,10
sionna,PDSCH,Table 4,8,200,6.052631578947368,1.0,79896,8448,10
sionna,PDSCH,Table 4,8,200,7.631578947368421,1.0,79896,8448,10
sionna,PDSCH,Table 4,8,200,9.210526315789474,1.0,79896,8448,10
sionna,PDSCH,Table 4,8,200,10.789473684210527,1.0,79896,8448,10
sionna,PDSCH,Table 4,8,200,12.368421052631579,0.0,79896,8448,10
sionna,PDSCH,Table 4,8,200,13.94736842105263,0.0,79896,8448,10
sionna,PDSCH,Table 4,8,200,15.526315789473685,0.0,79896,8448,10
sionna,PDSCH,Table 4,8,200,17.105263157894736,0.0,79896,8448,10
sionna,PDSCH,Table 4,8,200,18.68421052631579,0.0,79896,8448,10
sionna,PDSCH,Table 4,8,200,20.263157894736842,0.0,79896,8448,10
sionna,PDSCH,Table 4,8,200,21.842105263157894,0.0,79896,8448,10
sionna,PDSCH,Table 4,8,200,23.42105263157895,0.0,79896,8448,10
sionna,PDSCH,Table 4,8,200,25.0,0.0,79896,8448,10
sionna,PDSCH,Table 4,9,10,-5.0,1.0,4352,4576,1
sionna,PDSCH,Table 4,9,10,-3.4210526315789473,1.0,4352,4576,1
sionna,PDSCH,Table 4,9,10,-1.8421052631578947,1.0,4352,4576,1
sionna,PDSCH,Table 4,9,10,-0.2631578947368425,1.0,4352,4576,1
sionna,PDSCH,Table 4,9,10,1.3157894736842106,1.0,4352,4576,1
sionna,PDSCH,Table 4,9,10,2.8947368421052637,1.0,4352,4576,1
sionna,PDSCH,Table 4,9,10,4.473684210526315,1.0,4352,4576,1
sionna,PDSCH,Table 4,9,10,6.052631578947368,1.0,4352,4576,1
sionna,PDSCH,Table 4,9,10,7.631578947368421,1.0,4352,4576,1
sionna,PDSCH,Table 4,9,10,9.210526315789474,1.0,4352,4576,1
sionna,PDSCH,Table 4,9,10,10.789473684210527,1.0,4352,4576,1
sionna,PDSCH,Table 4,9,10,12.368421052631579,0.45818182826042175,4352,4576,1
sionna,PDSCH,Table 4,9,10,13.94736842105263,0.0,4352,4576,1
sionna,PDSCH,Table 4,9,10,15.526315789473685,0.0,4352,4576,1
sionna,PDSCH,Table 4,9,10,17.105263157894736,0.0,4352,4576,1
sionna,PDSCH,Table 4,9,10,18.68421052631579,0.0,4352,4576,1
sionna,PDSCH,Table 4,9,10,20.263157894736842,0.0,4352,4576,1
sionna,PDSCH,Table 4,9,10,21.842105263157894,0.0,4352,4576,1
sionna,PDSCH,Table 4,9,10,23.42105263157895,0.0,4352,4576,1
sionna,PDSCH,Table 4,9,10,25.0,0.0,4352,4576,1
sionna,PDSCH,Table 4,9,100,-5.0,1.0,43032,7744,6
sionna,PDSCH,Table 4,9,100,-3.4210526315789473,1.0,43032,7744,6
sionna,PDSCH,Table 4,9,100,-1.8421052631578947,1.0,43032,7744,6
sionna,PDSCH,Table 4,9,100,-0.2631578947368425,1.0,43032,7744,6
sionna,PDSCH,Table 4,9,100,1.3157894736842106,1.0,43032,7744,6
sionna,PDSCH,Table 4,9,100,2.8947368421052637,1.0,43032,7744,6
sionna,PDSCH,Table 4,9,100,4.473684210526315,1.0,43032,7744,6
sionna,PDSCH,Table 4,9,100,6.052631578947368,1.0,43032,7744,6
sionna,PDSCH,Table 4,9,100,7.631578947368421,1.0,43032,7744,6
sionna,PDSCH,Table 4,9,100,9.210526315789474,1.0,43032,7744,6
sionna,PDSCH,Table 4,9,100,10.789473684210527,1.0,43032,7744,6
sionna,PDSCH,Table 4,9,100,12.368421052631579,0.9746999488607221,43032,7744,6
sionna,PDSCH,Table 4,9,100,13.94736842105263,0.0,43032,7744,6
sionna,PDSCH,Table 4,9,100,15.526315789473685,0.0,43032,7744,6
sionna,PDSCH,Table 4,9,100,17.105263157894736,0.0,43032,7744,6
sionna,PDSCH,Table 4,9,100,18.68421052631579,0.0,43032,7744,6
sionna,PDSCH,Table 4,9,100,20.263157894736842,0.0,43032,7744,6
sionna,PDSCH,Table 4,9,100,21.842105263157894,0.0,43032,7744,6
sionna,PDSCH,Table 4,9,100,23.42105263157895,0.0,43032,7744,6
sionna,PDSCH,Table 4,9,100,25.0,0.0,43032,7744,6
sionna,PDSCH,Table 4,9,200,-5.0,1.0,86040,8448,11
sionna,PDSCH,Table 4,9,200,-3.4210526315789473,1.0,86040,8448,11
sionna,PDSCH,Table 4,9,200,-1.8421052631578947,1.0,86040,8448,11
sionna,PDSCH,Table 4,9,200,-0.2631578947368425,1.0,86040,8448,11
sionna,PDSCH,Table 4,9,200,1.3157894736842106,1.0,86040,8448,11
sionna,PDSCH,Table 4,9,200,2.8947368421052637,1.0,86040,8448,11
sionna,PDSCH,Table 4,9,200,4.473684210526315,1.0,86040,8448,11
sionna,PDSCH,Table 4,9,200,6.052631578947368,1.0,86040,8448,11
sionna,PDSCH,Table 4,9,200,7.631578947368421,1.0,86040,8448,11
sionna,PDSCH,Table 4,9,200,9.210526315789474,1.0,86040,8448,11
sionna,PDSCH,Table 4,9,200,10.789473684210527,1.0,86040,8448,11
sionna,PDSCH,Table 4,9,200,12.368421052631579,0.9988186210410865,86040,8448,11
sionna,PDSCH,Table 4,9,200,13.94736842105263,0.0,86040,8448,11
sionna,PDSCH,Table 4,9,200,15.526315789473685,0.0,86040,8448,11
sionna,PDSCH,Table 4,9,200,17.105263157894736,0.0,86040,8448,11
sionna,PDSCH,Table 4,9,200,18.68421052631579,0.0,86040,8448,11
sionna,PDSCH,Table 4,9,200,20.263157894736842,0.0,86040,8448,11
sionna,PDSCH,Table 4,9,200,21.842105263157894,0.0,86040,8448,11
sionna,PDSCH,Table 4,9,200,23.42105263157895,0.0,86040,8448,11
sionna,PDSCH,Table 4,9,200,25.0,0.0,86040,8448,11
sionna,PDSCH,Table 4,10,10,-5.0,1.0,4608,4928,1
sionna,PDSCH,Table 4,10,10,-3.4210526315789473,1.0,4608,4928,1
sionna,PDSCH,Table 4,10,10,-1.8421052631578947,1.0,4608,4928,1
sionna,PDSCH,Table 4,10,10,-0.2631578947368425,1.0,4608,4928,1
sionna,PDSCH,Table 4,10,10,1.3157894736842106,1.0,4608,4928,1
sionna,PDSCH,Table 4,10,10,2.8947368421052637,1.0,4608,4928,1
sionna,PDSCH,Table 4,10,10,4.473684210526315,1.0,4608,4928,1
sionna,PDSCH,Table 4,10,10,6.052631578947368,1.0,4608,4928,1
sionna,PDSCH,Table 4,10,10,7.631578947368421,1.0,4608,4928,1
sionna,PDSCH,Table 4,10,10,9.210526315789474,1.0,4608,4928,1
sionna,PDSCH,Table 4,10,10,10.789473684210527,1.0,4608,4928,1
sionna,PDSCH,Table 4,10,10,12.368421052631579,1.0,4608,4928,1
sionna,PDSCH,Table 4,10,10,13.94736842105263,0.013000000268220901,4608,4928,1
sionna,PDSCH,Table 4,10,10,15.526315789473685,0.0,4608,4928,1
sionna,PDSCH,Table 4,10,10,17.105263157894736,0.0,4608,4928,1
sionna,PDSCH,Table 4,10,10,18.68421052631579,0.0,4608,4928,1
sionna,PDSCH,Table 4,10,10,20.263157894736842,0.0,4608,4928,1
sionna,PDSCH,Table 4,10,10,21.842105263157894,0.0,4608,4928,1
sionna,PDSCH,Table 4,10,10,23.42105263157895,0.0,4608,4928,1
sionna,PDSCH,Table 4,10,10,25.0,0.0,4608,4928,1
sionna,PDSCH,Table 4,10,100,-5.0,1.0,47112,8448,6
sionna,PDSCH,Table 4,10,100,-3.4210526315789473,1.0,47112,8448,6
sionna,PDSCH,Table 4,10,100,-1.8421052631578947,1.0,47112,8448,6
sionna,PDSCH,Table 4,10,100,-0.2631578947368425,1.0,47112,8448,6
sionna,PDSCH,Table 4,10,100,1.3157894736842106,1.0,47112,8448,6
sionna,PDSCH,Table 4,10,100,2.8947368421052637,1.0,47112,8448,6
sionna,PDSCH,Table 4,10,100,4.473684210526315,1.0,47112,8448,6
sionna,PDSCH,Table 4,10,100,6.052631578947368,1.0,47112,8448,6
sionna,PDSCH,Table 4,10,100,7.631578947368421,1.0,47112,8448,6
sionna,PDSCH,Table 4,10,100,9.210526315789474,1.0,47112,8448,6
sionna,PDSCH,Table 4,10,100,10.789473684210527,1.0,47112,8448,6
sionna,PDSCH,Table 4,10,100,12.368421052631579,1.0,47112,8448,6
sionna,PDSCH,Table 4,10,100,13.94736842105263,0.07550851531533509,47112,8448,6
sionna,PDSCH,Table 4,10,100,15.526315789473685,0.0,47112,8448,6
sionna,PDSCH,Table 4,10,100,17.105263157894736,0.0,47112,8448,6
sionna,PDSCH,Table 4,10,100,18.68421052631579,0.0,47112,8448,6
sionna,PDSCH,Table 4,10,100,20.263157894736842,0.0,47112,8448,6
sionna,PDSCH,Table 4,10,100,21.842105263157894,0.0,47112,8448,6
sionna,PDSCH,Table 4,10,100,23.42105263157895,0.0,47112,8448,6
sionna,PDSCH,Table 4,10,100,25.0,0.0,47112,8448,6
sionna,PDSCH,Table 4,10,200,-5.0,1.0,94248,8448,12
sionna,PDSCH,Table 4,10,200,-3.4210526315789473,1.0,94248,8448,12
sionna,PDSCH,Table 4,10,200,-1.8421052631578947,1.0,94248,8448,12
sionna,PDSCH,Table 4,10,200,-0.2631578947368425,1.0,94248,8448,12
sionna,PDSCH,Table 4,10,200,1.3157894736842106,1.0,94248,8448,12
sionna,PDSCH,Table 4,10,200,2.8947368421052637,1.0,94248,8448,12
sionna,PDSCH,Table 4,10,200,4.473684210526315,1.0,94248,8448,12
sionna,PDSCH,Table 4,10,200,6.052631578947368,1.0,94248,8448,12
sionna,PDSCH,Table 4,10,200,7.631578947368421,1.0,94248,8448,12
sionna,PDSCH,Table 4,10,200,9.210526315789474,1.0,94248,8448,12
sionna,PDSCH,Table 4,10,200,10.789473684210527,1.0,94248,8448,12
sionna,PDSCH,Table 4,10,200,12.368421052631579,1.0,94248,8448,12
sionna,PDSCH,Table 4,10,200,13.94736842105263,0.14531549474554395,94248,8448,12
sionna,PDSCH,Table 4,10,200,15.526315789473685,0.0,94248,8448,12
sionna,PDSCH,Table 4,10,200,17.105263157894736,0.0,94248,8448,12
sionna,PDSCH,Table 4,10,200,18.68421052631579,0.0,94248,8448,12
sionna,PDSCH,Table 4,10,200,20.263157894736842,0.0,94248,8448,12
sionna,PDSCH,Table 4,10,200,21.842105263157894,0.0,94248,8448,12
sionna,PDSCH,Table 4,10,200,23.42105263157895,0.0,94248,8448,12
sionna,PDSCH,Table 4,10,200,25.0,0.0,94248,8448,12
sionna,PDSCH,Table 4,11,10,-5.0,1.0,4992,5280,1
sionna,PDSCH,Table 4,11,10,-3.4210526315789473,1.0,4992,5280,1
sionna,PDSCH,Table 4,11,10,-1.8421052631578947,1.0,4992,5280,1
sionna,PDSCH,Table 4,11,10,-0.2631578947368425,1.0,4992,5280,1
sionna,PDSCH,Table 4,11,10,1.3157894736842106,1.0,4992,5280,1
sionna,PDSCH,Table 4,11,10,2.8947368421052637,1.0,4992,5280,1
sionna,PDSCH,Table 4,11,10,4.473684210526315,1.0,4992,5280,1
sionna,PDSCH,Table 4,11,10,6.052631578947368,1.0,4992,5280,1
sionna,PDSCH,Table 4,11,10,7.631578947368421,1.0,4992,5280,1
sionna,PDSCH,Table 4,11,10,9.210526315789474,1.0,4992,5280,1
sionna,PDSCH,Table 4,11,10,10.789473684210527,1.0,4992,5280,1
sionna,PDSCH,Table 4,11,10,12.368421052631579,1.0,4992,5280,1
sionna,PDSCH,Table 4,11,10,13.94736842105263,0.8450000286102295,4992,5280,1
sionna,PDSCH,Table 4,11,10,15.526315789473685,0.0,4992,5280,1
sionna,PDSCH,Table 4,11,10,17.105263157894736,0.0,4992,5280,1
sionna,PDSCH,Table 4,11,10,18.68421052631579,0.0,4992,5280,1
sionna,PDSCH,Table 4,11,10,20.263157894736842,0.0,4992,5280,1
sionna,PDSCH,Table 4,11,10,21.842105263157894,0.0,4992,5280,1
sionna,PDSCH,Table 4,11,10,23.42105263157895,0.0,4992,5280,1
sionna,PDSCH,Table 4,11,10,25.0,0.0,4992,5280,1
sionna,PDSCH,Table 4,11,100,-5.0,1.0,50184,8448,6
sionna,PDSCH,Table 4,11,100,-3.4210526315789473,1.0,50184,8448,6
sionna,PDSCH,Table 4,11,100,-1.8421052631578947,1.0,50184,8448,6
sionna,PDSCH,Table 4,11,100,-0.2631578947368425,1.0,50184,8448,6
sionna,PDSCH,Table 4,11,100,1.3157894736842106,1.0,50184,8448,6
sionna,PDSCH,Table 4,11,100,2.8947368421052637,1.0,50184,8448,6
sionna,PDSCH,Table 4,11,100,4.473684210526315,1.0,50184,8448,6
sionna,PDSCH,Table 4,11,100,6.052631578947368,1.0,50184,8448,6
sionna,PDSCH,Table 4,11,100,7.631578947368421,1.0,50184,8448,6
sionna,PDSCH,Table 4,11,100,9.210526315789474,1.0,50184,8448,6
sionna,PDSCH,Table 4,11,100,10.789473684210527,1.0,50184,8448,6
sionna,PDSCH,Table 4,11,100,12.368421052631579,1.0,50184,8448,6
sionna,PDSCH,Table 4,11,100,13.94736842105263,0.9999861327703422,50184,8448,6
sionna,PDSCH,Table 4,11,100,15.526315789473685,0.0,50184,8448,6
sionna,PDSCH,Table 4,11,100,17.105263157894736,0.0,50184,8448,6
sionna,PDSCH,Table 4,11,100,18.68421052631579,0.0,50184,8448,6
sionna,PDSCH,Table 4,11,100,20.263157894736842,0.0,50184,8448,6
sionna,PDSCH,Table 4,11,100,21.842105263157894,0.0,50184,8448,6
sionna,PDSCH,Table 4,11,100,23.42105263157895,0.0,50184,8448,6
sionna,PDSCH,Table 4,11,100,25.0,0.0,50184,8448,6
sionna,PDSCH,Table 4,11,200,-5.0,1.0,100392,8448,12
sionna,PDSCH,Table 4,11,200,-3.4210526315789473,1.0,100392,8448,12
sionna,PDSCH,Table 4,11,200,-1.8421052631578947,1.0,100392,8448,12
sionna,PDSCH,Table 4,11,200,-0.2631578947368425,1.0,100392,8448,12
sionna,PDSCH,Table 4,11,200,1.3157894736842106,1.0,100392,8448,12
sionna,PDSCH,Table 4,11,200,2.8947368421052637,1.0,100392,8448,12
sionna,PDSCH,Table 4,11,200,4.473684210526315,1.0,100392,8448,12
sionna,PDSCH,Table 4,11,200,6.052631578947368,1.0,100392,8448,12
sionna,PDSCH,Table 4,11,200,7.631578947368421,1.0,100392,8448,12
sionna,PDSCH,Table 4,11,200,9.210526315789474,1.0,100392,8448,12
sionna,PDSCH,Table 4,11,200,10.789473684210527,1.0,100392,8448,12
sionna,PDSCH,Table 4,11,200,12.368421052631579,1.0,100392,8448,12
sionna,PDSCH,Table 4,11,200,13.94736842105263,0.9999999998076999,100392,8448,12
sionna,PDSCH,Table 4,11,200,15.526315789473685,0.0,100392,8448,12
sionna,PDSCH,Table 4,11,200,17.105263157894736,0.0,100392,8448,12
sionna,PDSCH,Table 4,11,200,18.68421052631579,0.0,100392,8448,12
sionna,PDSCH,Table 4,11,200,20.263157894736842,0.0,100392,8448,12
sionna,PDSCH,Table 4,11,200,21.842105263157894,0.0,100392,8448,12
sionna,PDSCH,Table 4,11,200,23.42105263157895,0.0,100392,8448,12
sionna,PDSCH,Table 4,11,200,25.0,0.0,100392,8448,12
sionna,PDSCH,Table 4,12,10,-5.0,1.0,5376,5632,1
sionna,PDSCH,Table 4,12,10,-3.4210526315789473,1.0,5376,5632,1
sionna,PDSCH,Table 4,12,10,-1.8421052631578947,1.0,5376,5632,1
sionna,PDSCH,Table 4,12,10,-0.2631578947368425,1.0,5376,5632,1
sionna,PDSCH,Table 4,12,10,1.3157894736842106,1.0,5376,5632,1
sionna,PDSCH,Table 4,12,10,2.8947368421052637,1.0,5376,5632,1
sionna,PDSCH,Table 4,12,10,4.473684210526315,1.0,5376,5632,1
sionna,PDSCH,Table 4,12,10,6.052631578947368,1.0,5376,5632,1
sionna,PDSCH,Table 4,12,10,7.631578947368421,1.0,5376,5632,1
sionna,PDSCH,Table 4,12,10,9.210526315789474,1.0,5376,5632,1
sionna,PDSCH,Table 4,12,10,10.789473684210527,1.0,5376,5632,1
sionna,PDSCH,Table 4,12,10,12.368421052631579,1.0,5376,5632,1
sionna,PDSCH,Table 4,12,10,13.94736842105263,1.0,5376,5632,1
sionna,PDSCH,Table 4,12,10,15.526315789473685,0.10700000077486038,5376,5632,1
sionna,PDSCH,Table 4,12,10,17.105263157894736,0.0,5376,5632,1
sionna,PDSCH,Table 4,12,10,18.68421052631579,0.0,5376,5632,1
sionna,PDSCH,Table 4,12,10,20.263157894736842,0.0,5376,5632,1
sionna,PDSCH,Table 4,12,10,21.842105263157894,0.0,5376,5632,1
sionna,PDSCH,Table 4,12,10,23.42105263157895,0.0,5376,5632,1
sionna,PDSCH,Table 4,12,10,25.0,0.0,5376,5632,1
sionna,PDSCH,Table 4,12,100,-5.0,1.0,54296,8448,7
sionna,PDSCH,Table 4,12,100,-3.4210526315789473,1.0,54296,8448,7
sionna,PDSCH,Table 4,12,100,-1.8421052631578947,1.0,54296,8448,7
sionna,PDSCH,Table 4,12,100,-0.2631578947368425,1.0,54296,8448,7
sionna,PDSCH,Table 4,12,100,1.3157894736842106,1.0,54296,8448,7
sionna,PDSCH,Table 4,12,100,2.8947368421052637,1.0,54296,8448,7
sionna,PDSCH,Table 4,12,100,4.473684210526315,1.0,54296,8448,7
sionna,PDSCH,Table 4,12,100,6.052631578947368,1.0,54296,8448,7
sionna,PDSCH,Table 4,12,100,7.631578947368421,1.0,54296,8448,7
sionna,PDSCH,Table 4,12,100,9.210526315789474,1.0,54296,8448,7
sionna,PDSCH,Table 4,12,100,10.789473684210527,1.0,54296,8448,7
sionna,PDSCH,Table 4,12,100,12.368421052631579,1.0,54296,8448,7
sionna,PDSCH,Table 4,12,100,13.94736842105263,1.0,54296,8448,7
sionna,PDSCH,Table 4,12,100,15.526315789473685,0.5471439130447495,54296,8448,7
sionna,PDSCH,Table 4,12,100,17.105263157894736,0.0,54296,8448,7
sionna,PDSCH,Table 4,12,100,18.68421052631579,0.0,54296,8448,7
sionna,PDSCH,Table 4,12,100,20.263157894736842,0.0,54296,8448,7
sionna,PDSCH,Table 4,12,100,21.842105263157894,0.0,54296,8448,7
sionna,PDSCH,Table 4,12,100,23.42105263157895,0.0,54296,8448,7
sionna,PDSCH,Table 4,12,100,25.0,0.0,54296,8448,7
sionna,PDSCH,Table 4,12,200,-5.0,1.0,108552,8448,13
sionna,PDSCH,Table 4,12,200,-3.4210526315789473,1.0,108552,8448,13
sionna,PDSCH,Table 4,12,200,-1.8421052631578947,1.0,108552,8448,13
sionna,PDSCH,Table 4,12,200,-0.2631578947368425,1.0,108552,8448,13
sionna,PDSCH,Table 4,12,200,1.3157894736842106,1.0,108552,8448,13
sionna,PDSCH,Table 4,12,200,2.8947368421052637,1.0,108552,8448,13
sionna,PDSCH,Table 4,12,200,4.473684210526315,1.0,108552,8448,13
sionna,PDSCH,Table 4,12,200,6.052631578947368,1.0,108552,8448,13
sionna,PDSCH,Table 4,12,200,7.631578947368421,1.0,108552,8448,13
sionna,PDSCH,Table 4,12,200,9.210526315789474,1.0,108552,8448,13
sionna,PDSCH,Table 4,12,200,10.789473684210527,1.0,108552,8448,13
sionna,PDSCH,Table 4,12,200,12.368421052631579,1.0,108552,8448,13
sionna,PDSCH,Table 4,12,200,13.94736842105263,1.0,108552,8448,13
sionna,PDSCH,Table 4,12,200,15.526315789473685,0.7703486722616247,108552,8448,13
sionna,PDSCH,Table 4,12,200,17.105263157894736,0.0,108552,8448,13
sionna,PDSCH,Table 4,12,200,18.68421052631579,0.0,108552,8448,13
sionna,PDSCH,Table 4,12,200,20.263157894736842,0.0,108552,8448,13
sionna,PDSCH,Table 4,12,200,21.842105263157894,0.0,108552,8448,13
sionna,PDSCH,Table 4,12,200,23.42105263157895,0.0,108552,8448,13
sionna,PDSCH,Table 4,12,200,25.0,0.0,108552,8448,13
sionna,PDSCH,Table 4,13,10,-5.0,1.0,5760,6336,1
sionna,PDSCH,Table 4,13,10,-3.4210526315789473,1.0,5760,6336,1
sionna,PDSCH,Table 4,13,10,-1.8421052631578947,1.0,5760,6336,1
sionna,PDSCH,Table 4,13,10,-0.2631578947368425,1.0,5760,6336,1
sionna,PDSCH,Table 4,13,10,1.3157894736842106,1.0,5760,6336,1
sionna,PDSCH,Table 4,13,10,2.8947368421052637,1.0,5760,6336,1
sionna,PDSCH,Table 4,13,10,4.473684210526315,1.0,5760,6336,1
sionna,PDSCH,Table 4,13,10,6.052631578947368,1.0,5760,6336,1
sionna,PDSCH,Table 4,13,10,7.631578947368421,1.0,5760,6336,1
sionna,PDSCH,Table 4,13,10,9.210526315789474,1.0,5760,6336,1
sionna,PDSCH,Table 4,13,10,10.789473684210527,1.0,5760,6336,1
sionna,PDSCH,Table 4,13,10,12.368421052631579,1.0,5760,6336,1
sionna,PDSCH,Table 4,13,10,13.94736842105263,1.0,5760,6336,1
sionna,PDSCH,Table 4,13,10,15.526315789473685,0.996666669845581,5760,6336,1
sionna,PDSCH,Table 4,13,10,17.105263157894736,0.0006666666595265269,5760,6336,1
sionna,PDSCH,Table 4,13,10,18.68421052631579,0.0,5760,6336,1
sionna,PDSCH,Table 4,13,10,20.263157894736842,0.0,5760,6336,1
sionna,PDSCH,Table 4,13,10,21.842105263157894,0.0,5760,6336,1
sionna,PDSCH,Table 4,13,10,23.42105263157895,0.0,5760,6336,1
sionna,PDSCH,Table 4,13,10,25.0,0.0,5760,6336,1
sionna,PDSCH,Table 4,13,100,-5.0,1.0,57376,8448,7
sionna,PDSCH,Table 4,13,100,-3.4210526315789473,1.0,57376,8448,7
sionna,PDSCH,Table 4,13,100,-1.8421052631578947,1.0,57376,8448,7
sionna,PDSCH,Table 4,13,100,-0.2631578947368425,1.0,57376,8448,7
sionna,PDSCH,Table 4,13,100,1.3157894736842106,1.0,57376,8448,7
sionna,PDSCH,Table 4,13,100,2.8947368421052637,1.0,57376,8448,7
sionna,PDSCH,Table 4,13,100,4.473684210526315,1.0,57376,8448,7
sionna,PDSCH,Table 4,13,100,6.052631578947368,1.0,57376,8448,7
sionna,PDSCH,Table 4,13,100,7.631578947368421,1.0,57376,8448,7
sionna,PDSCH,Table 4,13,100,9.210526315789474,1.0,57376,8448,7
sionna,PDSCH,Table 4,13,100,10.789473684210527,1.0,57376,8448,7
sionna,PDSCH,Table 4,13,100,12.368421052631579,1.0,57376,8448,7
sionna,PDSCH,Table 4,13,100,13.94736842105263,1.0,57376,8448,7
sionna,PDSCH,Table 4,13,100,15.526315789473685,1.0,57376,8448,7
sionna,PDSCH,Table 4,13,100,17.105263157894736,0.004657343647011536,57376,8448,7
sionna,PDSCH,Table 4,13,100,18.68421052631579,0.0,57376,8448,7
sionna,PDSCH,Table 4,13,100,20.263157894736842,0.0,57376,8448,7
sionna,PDSCH,Table 4,13,100,21.842105263157894,0.0,57376,8448,7
sionna,PDSCH,Table 4,13,100,23.42105263157895,0.0,57376,8448,7
sionna,PDSCH,Table 4,13,100,25.0,0.0,57376,8448,7
sionna,PDSCH,Table 4,13,200,-5.0,1.0,114776,8448,14
sionna,PDSCH,Table 4,13,200,-3.4210526315789473,1.0,114776,8448,14
sionna,PDSCH,Table 4,13,200,-1.8421052631578947,1.0,114776,8448,14
sionna,PDSCH,Table 4,13,200,-0.2631578947368425,1.0,114776,8448,14
sionna,PDSCH,Table 4,13,200,1.3157894736842106,1.0,114776,8448,14
sionna,PDSCH,Table 4,13,200,2.8947368421052637,1.0,114776,8448,14
sionna,PDSCH,Table 4,13,200,4.473684210526315,1.0,114776,8448,14
sionna,PDSCH,Table 4,13,200,6.052631578947368,1.0,114776,8448,14
sionna,PDSCH,Table 4,13,200,7.631578947368421,1.0,114776,8448,14
sionna,PDSCH,Table 4,13,200,9.210526315789474,1.0,114776,8448,14
sionna,PDSCH,Table 4,13,200,10.789473684210527,1.0,114776,8448,14
sionna,PDSCH,Table 4,13,200,12.368421052631579,1.0,114776,8448,14
sionna,PDSCH,Table 4,13,200,13.94736842105263,1.0,114776,8448,14
sionna,PDSCH,Table 4,13,200,15.526315789473685,1.0,114776,8448,14
sionna,PDSCH,Table 4,13,200,17.105263157894736,0.009292996444176693,114776,8448,14
sionna,PDSCH,Table 4,13,200,18.68421052631579,0.0,114776,8448,14
sionna,PDSCH,Table 4,13,200,20.263157894736842,0.0,114776,8448,14
sionna,PDSCH,Table 4,13,200,21.842105263157894,0.0,114776,8448,14
sionna,PDSCH,Table 4,13,200,23.42105263157895,0.0,114776,8448,14
sionna,PDSCH,Table 4,13,200,25.0,0.0,114776,8448,14
sionna,PDSCH,Table 4,14,10,-5.0,1.0,6144,6336,1
sionna,PDSCH,Table 4,14,10,-3.4210526315789473,1.0,6144,6336,1
sionna,PDSCH,Table 4,14,10,-1.8421052631578947,1.0,6144,6336,1
sionna,PDSCH,Table 4,14,10,-0.2631578947368425,1.0,6144,6336,1
sionna,PDSCH,Table 4,14,10,1.3157894736842106,1.0,6144,6336,1
sionna,PDSCH,Table 4,14,10,2.8947368421052637,1.0,6144,6336,1
sionna,PDSCH,Table 4,14,10,4.473684210526315,1.0,6144,6336,1
sionna,PDSCH,Table 4,14,10,6.052631578947368,1.0,6144,6336,1
sionna,PDSCH,Table 4,14,10,7.631578947368421,1.0,6144,6336,1
sionna,PDSCH,Table 4,14,10,9.210526315789474,1.0,6144,6336,1
sionna,PDSCH,Table 4,14,10,10.789473684210527,1.0,6144,6336,1
sionna,PDSCH,Table 4,14,10,12.368421052631579,1.0,6144,6336,1
sionna,PDSCH,Table 4,14,10,13.94736842105263,1.0,6144,6336,1
sionna,PDSCH,Table 4,14,10,15.526315789473685,1.0,6144,6336,1
sionna,PDSCH,Table 4,14,10,17.105263157894736,0.668749988079071,6144,6336,1
sionna,PDSCH,Table 4,14,10,18.68421052631579,0.00033333332976326346,6144,6336,1
sionna,PDSCH,Table 4,14,10,20.263157894736842,0.0,6144,6336,1
sionna,PDSCH,Table 4,14,10,21.842105263157894,0.0,6144,6336,1
sionna,PDSCH,Table 4,14,10,23.42105263157895,0.0,6144,6336,1
sionna,PDSCH,Table 4,14,10,25.0,0.0,6144,6336,1
sionna,PDSCH,Table 4,14,100,-5.0,1.0,61480,7744,8
sionna,PDSCH,Table 4,14,100,-3.4210526315789473,1.0,61480,7744,8
sionna,PDSCH,Table 4,14,100,-1.8421052631578947,1.0,61480,7744,8
sionna,PDSCH,Table 4,14,100,-0.2631578947368425,1.0,61480,7744,8
sionna,PDSCH,Table 4,14,100,1.3157894736842106,1.0,61480,7744,8
sionna,PDSCH,Table 4,14,100,2.8947368421052637,1.0,61480,7744,8
sionna,PDSCH,Table 4,14,100,4.473684210526315,1.0,61480,7744,8
sionna,PDSCH,Table 4,14,100,6.052631578947368,1.0,61480,7744,8
sionna,PDSCH,Table 4,14,100,7.631578947368421,1.0,61480,7744,8
sionna,PDSCH,Table 4,14,100,9.210526315789474,1.0,61480,7744,8
sionna,PDSCH,Table 4,14,100,10.789473684210527,1.0,61480,7744,8
sionna,PDSCH,Table 4,14,100,12.368421052631579,1.0,61480,7744,8
sionna,PDSCH,Table 4,14,100,13.94736842105263,1.0,61480,7744,8
sionna,PDSCH,Table 4,14,100,15.526315789473685,1.0,61480,7744,8
sionna,PDSCH,Table 4,14,100,17.105263157894736,0.9998550403203442,61480,7744,8
sionna,PDSCH,Table 4,14,100,18.68421052631579,0.0026635576002717043,61480,7744,8
sionna,PDSCH,Table 4,14,100,20.263157894736842,0.0,61480,7744,8
sionna,PDSCH,Table 4,14,100,21.842105263157894,0.0,61480,7744,8
sionna,PDSCH,Table 4,14,100,23.42105263157895,0.0,61480,7744,8
sionna,PDSCH,Table 4,14,100,25.0,0.0,61480,7744,8
sionna,PDSCH,Table 4,14,200,-5.0,1.0,122976,8448,15
sionna,PDSCH,Table 4,14,200,-3.4210526315789473,1.0,122976,8448,15
sionna,PDSCH,Table 4,14,200,-1.8421052631578947,1.0,122976,8448,15
sionna,PDSCH,Table 4,14,200,-0.2631578947368425,1.0,122976,8448,15
sionna,PDSCH,Table 4,14,200,1.3157894736842106,1.0,122976,8448,15
sionna,PDSCH,Table 4,14,200,2.8947368421052637,1.0,122976,8448,15
sionna,PDSCH,Table 4,14,200,4.473684210526315,1.0,122976,8448,15
sionna,PDSCH,Table 4,14,200,6.052631578947368,1.0,122976,8448,15
sionna,PDSCH,Table 4,14,200,7.631578947368421,1.0,122976,8448,15
sionna,PDSCH,Table 4,14,200,9.210526315789474,1.0,122976,8448,15
sionna,PDSCH,Table 4,14,200,10.789473684210527,1.0,122976,8448,15
sionna,PDSCH,Table 4,14,200,12.368421052631579,1.0,122976,8448,15
sionna,PDSCH,Table 4,14,200,13.94736842105263,1.0,122976,8448,15
sionna,PDSCH,Table 4,14,200,15.526315789473685,1.0,122976,8448,15
sionna,PDSCH,Table 4,14,200,17.105263157894736,0.9999999365635985,122976,8448,15
sionna,PDSCH,Table 4,14,200,18.68421052631579,0.004988350115043949,122976,8448,15
sionna,PDSCH,Table 4,14,200,20.263157894736842,0.0,122976,8448,15
sionna,PDSCH,Table 4,14,200,21.842105263157894,0.0,122976,8448,15
sionna,PDSCH,Table 4,14,200,23.42105263157895,0.0,122976,8448,15
sionna,PDSCH,Table 4,14,200,25.0,0.0,122976,8448,15
sionna,PDSCH,Table 4,15,10,-5.0,1.0,6400,7040,1
sionna,PDSCH,Table 4,15,10,-3.4210526315789473,1.0,6400,7040,1
sionna,PDSCH,Table 4,15,10,-1.8421052631578947,1.0,6400,7040,1
sionna,PDSCH,Table 4,15,10,-0.2631578947368425,1.0,6400,7040,1
sionna,PDSCH,Table 4,15,10,1.3157894736842106,1.0,6400,7040,1
sionna,PDSCH,Table 4,15,10,2.8947368421052637,1.0,6400,7040,1
sionna,PDSCH,Table 4,15,10,4.473684210526315,1.0,6400,7040,1
sionna,PDSCH,Table 4,15,10,6.052631578947368,1.0,6400,7040,1
sionna,PDSCH,Table 4,15,10,7.631578947368421,1.0,6400,7040,1
sionna,PDSCH,Table 4,15,10,9.210526315789474,1.0,6400,7040,1
sionna,PDSCH,Table 4,15,10,10.789473684210527,1.0,6400,7040,1
sionna,PDSCH,Table 4,15,10,12.368421052631579,1.0,6400,7040,1
sionna,PDSCH,Table 4,15,10,13.94736842105263,1.0,6400,7040,1
sionna,PDSCH,Table 4,15,10,15.526315789473685,1.0,6400,7040,1
sionna,PDSCH,Table 4,15,10,17.105263157894736,1.0,6400,7040,1
sionna,PDSCH,Table 4,15,10,18.68421052631579,0.07199999690055847,6400,7040,1
sionna,PDSCH,Table 4,15,10,20.263157894736842,0.00033333332976326346,6400,7040,1
sionna,PDSCH,Table 4,15,10,21.842105263157894,0.0,6400,7040,1
sionna,PDSCH,Table 4,15,10,23.42105263157895,0.0,6400,7040,1
sionna,PDSCH,Table 4,15,10,25.0,0.0,6400,7040,1
sionna,PDSCH,Table 4,15,100,-5.0,1.0,63528,8448,8
sionna,PDSCH,Table 4,15,100,-3.4210526315789473,1.0,63528,8448,8
sionna,PDSCH,Table 4,15,100,-1.8421052631578947,1.0,63528,8448,8
sionna,PDSCH,Table 4,15,100,-0.2631578947368425,1.0,63528,8448,8
sionna,PDSCH,Table 4,15,100,1.3157894736842106,1.0,63528,8448,8
sionna,PDSCH,Table 4,15,100,2.8947368421052637,1.0,63528,8448,8
sionna,PDSCH,Table 4,15,100,4.473684210526315,1.0,63528,8448,8
sionna,PDSCH,Table 4,15,100,6.052631578947368,1.0,63528,8448,8
sionna,PDSCH,Table 4,15,100,7.631578947368421,1.0,63528,8448,8
sionna,PDSCH,Table 4,15,100,9.210526315789474,1.0,63528,8448,8
sionna,PDSCH,Table 4,15,100,10.789473684210527,1.0,63528,8448,8
sionna,PDSCH,Table 4,15,100,12.368421052631579,1.0,63528,8448,8
sionna,PDSCH,Table 4,15,100,13.94736842105263,1.0,63528,8448,8
sionna,PDSCH,Table 4,15,100,15.526315789473685,1.0,63528,8448,8
sionna,PDSCH,Table 4,15,100,17.105263157894736,1.0,63528,8448,8
sionna,PDSCH,Table 4,15,100,18.68421052631579,0.449973237499803,63528,8448,8
sionna,PDSCH,Table 4,15,100,20.263157894736842,0.0026635576002717043,63528,8448,8
sionna,PDSCH,Table 4,15,100,21.842105263157894,0.0,63528,8448,8
sionna,PDSCH,Table 4,15,100,23.42105263157895,0.0,63528,8448,8
sionna,PDSCH,Table 4,15,100,25.0,0.0,63528,8448,8
sionna,PDSCH,Table 4,15,200,-5.0,1.0,127080,8448,16
sionna,PDSCH,Table 4,15,200,-3.4210526315789473,1.0,127080,8448,16
sionna,PDSCH,Table 4,15,200,-1.8421052631578947,1.0,127080,8448,16
sionna,PDSCH,Table 4,15,200,-0.2631578947368425,1.0,127080,8448,16
sionna,PDSCH,Table 4,15,200,1.3157894736842106,1.0,127080,8448,16
sionna,PDSCH,Table 4,15,200,2.8947368421052637,1.0,127080,8448,16
sionna,PDSCH,Table 4,15,200,4.473684210526315,1.0,127080,8448,16
sionna,PDSCH,Table 4,15,200,6.052631578947368,1.0,127080,8448,16
sionna,PDSCH,Table 4,15,200,7.631578947368421,1.0,127080,8448,16
sionna,PDSCH,Table 4,15,200,9.210526315789474,1.0,127080,8448,16
sionna,PDSCH,Table 4,15,200,10.789473684210527,1.0,127080,8448,16
sionna,PDSCH,Table 4,15,200,12.368421052631579,1.0,127080,8448,16
sionna,PDSCH,Table 4,15,200,13.94736842105263,1.0,127080,8448,16
sionna,PDSCH,Table 4,15,200,15.526315789473685,1.0,127080,8448,16
sionna,PDSCH,Table 4,15,200,17.105263157894736,1.0,127080,8448,16
sionna,PDSCH,Table 4,15,200,18.68421052631579,0.6974705605335518,127080,8448,16
sionna,PDSCH,Table 4,15,200,20.263157894736842,0.0053200206614534284,127080,8448,16
sionna,PDSCH,Table 4,15,200,21.842105263157894,0.0,127080,8448,16
sionna,PDSCH,Table 4,15,200,23.42105263157895,0.0,127080,8448,16
sionna,PDSCH,Table 4,15,200,25.0,0.0,127080,8448,16
sionna,PDSCH,Table 4,16,10,-5.0,1.0,6656,7040,1
sionna,PDSCH,Table 4,16,10,-3.4210526315789473,1.0,6656,7040,1
sionna,PDSCH,Table 4,16,10,-1.8421052631578947,1.0,6656,7040,1
sionna,PDSCH,Table 4,16,10,-0.2631578947368425,1.0,6656,7040,1
sionna,PDSCH,Table 4,16,10,1.3157894736842106,1.0,6656,7040,1
sionna,PDSCH,Table 4,16,10,2.8947368421052637,1.0,6656,7040,1
sionna,PDSCH,Table 4,16,10,4.473684210526315,1.0,6656,7040,1
sionna,PDSCH,Table 4,16,10,6.052631578947368,1.0,6656,7040,1
sionna,PDSCH,Table 4,16,10,7.631578947368421,1.0,6656,7040,1
sionna,PDSCH,Table 4,16,10,9.210526315789474,1.0,6656,7040,1
sionna,PDSCH,Table 4,16,10,10.789473684210527,1.0,6656,7040,1
sionna,PDSCH,Table 4,16,10,12.368421052631579,1.0,6656,7040,1
sionna,PDSCH,Table 4,16,10,13.94736842105263,1.0,6656,7040,1
sionna,PDSCH,Table 4,16,10,15.526315789473685,1.0,6656,7040,1
sionna,PDSCH,Table 4,16,10,17.105263157894736,1.0,6656,7040,1
sionna,PDSCH,Table 4,16,10,18.68421052631579,0.5379999876022339,6656,7040,1
sionna,PDSCH,Table 4,16,10,20.263157894736842,0.0,6656,7040,1
sionna,PDSCH,Table 4,16,10,21.842105263157894,0.0,6656,7040,1
sionna,PDSCH,Table 4,16,10,23.42105263157895,0.0,6656,7040,1
sionna,PDSCH,Table 4,16,10,25.0,0.0,6656,7040,1
sionna,PDSCH,Table 4,16,100,-5.0,1.0,67584,7744,9
sionna,PDSCH,Table 4,16,100,-3.4210526315789473,1.0,67584,7744,9
sionna,PDSCH,Table 4,16,100,-1.8421052631578947,1.0,67584,7744,9
sionna,PDSCH,Table 4,16,100,-0.2631578947368425,1.0,67584,7744,9
sionna,PDSCH,Table 4,16,100,1.3157894736842106,1.0,67584,7744,9
sionna,PDSCH,Table 4,16,100,2.8947368421052637,1.0,67584,7744,9
sionna,PDSCH,Table 4,16,100,4.473684210526315,1.0,67584,7744,9
sionna,PDSCH,Table 4,16,100,6.052631578947368,1.0,67584,7744,9
sionna,PDSCH,Table 4,16,100,7.631578947368421,1.0,67584,7744,9
sionna,PDSCH,Table 4,16,100,9.210526315789474,1.0,67584,7744,9
sionna,PDSCH,Table 4,16,100,10.789473684210527,1.0,67584,7744,9
sionna,PDSCH,Table 4,16,100,12.368421052631579,1.0,67584,7744,9
sionna,PDSCH,Table 4,16,100,13.94736842105263,1.0,67584,7744,9
sionna,PDSCH,Table 4,16,100,15.526315789473685,1.0,67584,7744,9
sionna,PDSCH,Table 4,16,100,17.105263157894736,1.0,67584,7744,9
sionna,PDSCH,Table 4,16,100,18.68421052631579,0.9990410899178653,67584,7744,9
sionna,PDSCH,Table 4,16,100,20.263157894736842,0.0,67584,7744,9
sionna,PDSCH,Table 4,16,100,21.842105263157894,0.0,67584,7744,9
sionna,PDSCH,Table 4,16,100,23.42105263157895,0.0,67584,7744,9
sionna,PDSCH,Table 4,16,100,25.0,0.0,67584,7744,9
sionna,PDSCH,Table 4,16,200,-5.0,1.0,135296,8448,17
sionna,PDSCH,Table 4,16,200,-3.4210526315789473,1.0,135296,8448,17
sionna,PDSCH,Table 4,16,200,-1.8421052631578947,1.0,135296,8448,17
sionna,PDSCH,Table 4,16,200,-0.2631578947368425,1.0,135296,8448,17
sionna,PDSCH,Table 4,16,200,1.3157894736842106,1.0,135296,8448,17
sionna,PDSCH,Table 4,16,200,2.8947368421052637,1.0,135296,8448,17
sionna,PDSCH,Table 4,16,200,4.473684210526315,1.0,135296,8448,17
sionna,PDSCH,Table 4,16,200,6.052631578947368,1.0,135296,8448,17
sionna,PDSCH,Table 4,16,200,7.631578947368421,1.0,135296,8448,17
sionna,PDSCH,Table 4,16,200,9.210526315789474,1.0,135296,8448,17
sionna,PDSCH,Table 4,16,200,10.789473684210527,1.0,135296,8448,17
sionna,PDSCH,Table 4,16,200,12.368421052631579,1.0,135296,8448,17
sionna,PDSCH,Table 4,16,200,13.94736842105263,1.0,135296,8448,17
sionna,PDSCH,Table 4,16,200,15.526315789473685,1.0,135296,8448,17
sionna,PDSCH,Table 4,16,200,17.105263157894736,1.0,135296,8448,17
sionna,PDSCH,Table 4,16,200,18.68421052631579,0.9999980097218162,135296,8448,17
sionna,PDSCH,Table 4,16,200,20.263157894736842,0.0,135296,8448,17
sionna,PDSCH,Table 4,16,200,21.842105263157894,0.0,135296,8448,17
sionna,PDSCH,Table 4,16,200,23.42105263157895,0.0,135296,8448,17
sionna,PDSCH,Table 4,16,200,25.0,0.0,135296,8448,17
sionna,PDSCH,Table 4,17,10,-5.0,1.0,7040,7744,1
sionna,PDSCH,Table 4,17,10,-3.4210526315789473,1.0,7040,7744,1
sionna,PDSCH,Table 4,17,10,-1.8421052631578947,1.0,7040,7744,1
sionna,PDSCH,Table 4,17,10,-0.2631578947368425,1.0,7040,7744,1
sionna,PDSCH,Table 4,17,10,1.3157894736842106,1.0,7040,7744,1
sionna,PDSCH,Table 4,17,10,2.8947368421052637,1.0,7040,7744,1
sionna,PDSCH,Table 4,17,10,4.473684210526315,1.0,7040,7744,1
sionna,PDSCH,Table 4,17,10,6.052631578947368,1.0,7040,7744,1
sionna,PDSCH,Table 4,17,10,7.631578947368421,1.0,7040,7744,1
sionna,PDSCH,Table 4,17,10,9.210526315789474,1.0,7040,7744,1
sionna,PDSCH,Table 4,17,10,10.789473684210527,1.0,7040,7744,1
sionna,PDSCH,Table 4,17,10,12.368421052631579,1.0,7040,7744,1
sionna,PDSCH,Table 4,17,10,13.94736842105263,1.0,7040,7744,1
sionna,PDSCH,Table 4,17,10,15.526315789473685,1.0,7040,7744,1
sionna,PDSCH,Table 4,17,10,17.105263157894736,1.0,7040,7744,1
sionna,PDSCH,Table 4,17,10,18.68421052631579,1.0,7040,7744,1
sionna,PDSCH,Table 4,17,10,20.263157894736842,0.029999999329447746,7040,7744,1
sionna,PDSCH,Table 4,17,10,21.842105263157894,0.0,7040,7744,1
sionna,PDSCH,Table 4,17,10,23.42105263157895,0.0,7040,7744,1
sionna,PDSCH,Table 4,17,10,25.0,0.0,7040,7744,1
sionna,PDSCH,Table 4,17,100,-5.0,1.0,71688,8448,9
sionna,PDSCH,Table 4,17,100,-3.4210526315789473,1.0,71688,8448,9
sionna,PDSCH,Table 4,17,100,-1.8421052631578947,1.0,71688,8448,9
sionna,PDSCH,Table 4,17,100,-0.2631578947368425,1.0,71688,8448,9
sionna,PDSCH,Table 4,17,100,1.3157894736842106,1.0,71688,8448,9
sionna,PDSCH,Table 4,17,100,2.8947368421052637,1.0,71688,8448,9
sionna,PDSCH,Table 4,17,100,4.473684210526315,1.0,71688,8448,9
sionna,PDSCH,Table 4,17,100,6.052631578947368,1.0,71688,8448,9
sionna,PDSCH,Table 4,17,100,7.631578947368421,1.0,71688,8448,9
sionna,PDSCH,Table 4,17,100,9.210526315789474,1.0,71688,8448,9
sionna,PDSCH,Table 4,17,100,10.789473684210527,1.0,71688,8448,9
sionna,PDSCH,Table 4,17,100,12.368421052631579,1.0,71688,8448,9
sionna,PDSCH,Table 4,17,100,13.94736842105263,1.0,71688,8448,9
sionna,PDSCH,Table 4,17,100,15.526315789473685,1.0,71688,8448,9
sionna,PDSCH,Table 4,17,100,17.105263157894736,1.0,71688,8448,9
sionna,PDSCH,Table 4,17,100,18.68421052631579,1.0,71688,8448,9
sionna,PDSCH,Table 4,17,100,20.263157894736842,0.23976893661556686,71688,8448,9
sionna,PDSCH,Table 4,17,100,21.842105263157894,0.0,71688,8448,9
sionna,PDSCH,Table 4,17,100,23.42105263157895,0.0,71688,8448,9
sionna,PDSCH,Table 4,17,100,25.0,0.0,71688,8448,9
sionna,PDSCH,Table 4,17,200,-5.0,1.0,143400,8448,18
sionna,PDSCH,Table 4,17,200,-3.4210526315789473,1.0,143400,8448,18
sionna,PDSCH,Table 4,17,200,-1.8421052631578947,1.0,143400,8448,18
sionna,PDSCH,Table 4,17,200,-0.2631578947368425,1.0,143400,8448,18
sionna,PDSCH,Table 4,17,200,1.3157894736842106,1.0,143400,8448,18
sionna,PDSCH,Table 4,17,200,2.8947368421052637,1.0,143400,8448,18
sionna,PDSCH,Table 4,17,200,4.473684210526315,1.0,143400,8448,18
sionna,PDSCH,Table 4,17,200,6.052631578947368,1.0,143400,8448,18
sionna,PDSCH,Table 4,17,200,7.631578947368421,1.0,143400,8448,18
sionna,PDSCH,Table 4,17,200,9.210526315789474,1.0,143400,8448,18
sionna,PDSCH,Table 4,17,200,10.789473684210527,1.0,143400,8448,18
sionna,PDSCH,Table 4,17,200,12.368421052631579,1.0,143400,8448,18
sionna,PDSCH,Table 4,17,200,13.94736842105263,1.0,143400,8448,18
sionna,PDSCH,Table 4,17,200,15.526315789473685,1.0,143400,8448,18
sionna,PDSCH,Table 4,17,200,17.105263157894736,1.0,143400,8448,18
sionna,PDSCH,Table 4,17,200,18.68421052631579,1.0,143400,8448,18
sionna,PDSCH,Table 4,17,200,20.263157894736842,0.42204873026537404,143400,8448,18
sionna,PDSCH,Table 4,17,200,21.842105263157894,0.0,143400,8448,18
sionna,PDSCH,Table 4,17,200,23.42105263157895,0.0,143400,8448,18
sionna,PDSCH,Table 4,17,200,25.0,0.0,143400,8448,18
sionna,PDSCH,Table 4,18,10,-5.0,1.0,7424,7744,1
sionna,PDSCH,Table 4,18,10,-3.4210526315789473,1.0,7424,7744,1
sionna,PDSCH,Table 4,18,10,-1.8421052631578947,1.0,7424,7744,1
sionna,PDSCH,Table 4,18,10,-0.2631578947368425,1.0,7424,7744,1
sionna,PDSCH,Table 4,18,10,1.3157894736842106,1.0,7424,7744,1
sionna,PDSCH,Table 4,18,10,2.8947368421052637,1.0,7424,7744,1
sionna,PDSCH,Table 4,18,10,4.473684210526315,1.0,7424,7744,1
sionna,PDSCH,Table 4,18,10,6.052631578947368,1.0,7424,7744,1
sionna,PDSCH,Table 4,18,10,7.631578947368421,1.0,7424,7744,1
sionna,PDSCH,Table 4,18,10,9.210526315789474,1.0,7424,7744,1
sionna,PDSCH,Table 4,18,10,10.789473684210527,1.0,7424,7744,1
sionna,PDSCH,Table 4,18,10,12.368421052631579,1.0,7424,7744,1
sionna,PDSCH,Table 4,18,10,13.94736842105263,1.0,7424,7744,1
sionna,PDSCH,Table 4,18,10,15.526315789473685,1.0,7424,7744,1
sionna,PDSCH,Table 4,18,10,17.105263157894736,1.0,7424,7744,1
sionna,PDSCH,Table 4,18,10,18.68421052631579,1.0,7424,7744,1
sionna,PDSCH,Table 4,18,10,20.263157894736842,0.9466666579246521,7424,7744,1
sionna,PDSCH,Table 4,18,10,21.842105263157894,0.0023333332501351833,7424,7744,1
sionna,PDSCH,Table 4,18,10,23.42105263157895,0.0,7424,7744,1
sionna,PDSCH,Table 4,18,10,25.0,0.0,7424,7744,1
sionna,PDSCH,Table 4,18,100,-5.0,1.0,73776,8448,9
sionna,PDSCH,Table 4,18,100,-3.4210526315789473,1.0,73776,8448,9
sionna,PDSCH,Table 4,18,100,-1.8421052631578947,1.0,73776,8448,9
sionna,PDSCH,Table 4,18,100,-0.2631578947368425,1.0,73776,8448,9
sionna,PDSCH,Table 4,18,100,1.3157894736842106,1.0,73776,8448,9
sionna,PDSCH,Table 4,18,100,2.8947368421052637,1.0,73776,8448,9
sionna,PDSCH,Table 4,18,100,4.473684210526315,1.0,73776,8448,9
sionna,PDSCH,Table 4,18,100,6.052631578947368,1.0,73776,8448,9
sionna,PDSCH,Table 4,18,100,7.631578947368421,1.0,73776,8448,9
sionna,PDSCH,Table 4,18,100,9.210526315789474,1.0,73776,8448,9
sionna,PDSCH,Table 4,18,100,10.789473684210527,1.0,73776,8448,9
sionna,PDSCH,Table 4,18,100,12.368421052631579,1.0,73776,8448,9
sionna,PDSCH,Table 4,18,100,13.94736842105263,1.0,73776,8448,9
sionna,PDSCH,Table 4,18,100,15.526315789473685,1.0,73776,8448,9
sionna,PDSCH,Table 4,18,100,17.105263157894736,1.0,73776,8448,9
sionna,PDSCH,Table 4,18,100,18.68421052631579,1.0,73776,8448,9
sionna,PDSCH,Table 4,18,100,20.263157894736842,0.9999999999965087,73776,8448,9
sionna,PDSCH,Table 4,18,100,21.842105263157894,0.020805062650003703,73776,8448,9
sionna,PDSCH,Table 4,18,100,23.42105263157895,0.0,73776,8448,9
sionna,PDSCH,Table 4,18,100,25.0,0.0,73776,8448,9
sionna,PDSCH,Table 4,18,200,-5.0,1.0,147576,8448,18
sionna,PDSCH,Table 4,18,200,-3.4210526315789473,1.0,147576,8448,18
sionna,PDSCH,Table 4,18,200,-1.8421052631578947,1.0,147576,8448,18
sionna,PDSCH,Table 4,18,200,-0.2631578947368425,1.0,147576,8448,18
sionna,PDSCH,Table 4,18,200,1.3157894736842106,1.0,147576,8448,18
sionna,PDSCH,Table 4,18,200,2.8947368421052637,1.0,147576,8448,18
sionna,PDSCH,Table 4,18,200,4.473684210526315,1.0,147576,8448,18
sionna,PDSCH,Table 4,18,200,6.052631578947368,1.0,147576,8448,18
sionna,PDSCH,Table 4,18,200,7.631578947368421,1.0,147576,8448,18
sionna,PDSCH,Table 4,18,200,9.210526315789474,1.0,147576,8448,18
sionna,PDSCH,Table 4,18,200,10.789473684210527,1.0,147576,8448,18
sionna,PDSCH,Table 4,18,200,12.368421052631579,1.0,147576,8448,18
sionna,PDSCH,Table 4,18,200,13.94736842105263,1.0,147576,8448,18
sionna,PDSCH,Table 4,18,200,15.526315789473685,1.0,147576,8448,18
sionna,PDSCH,Table 4,18,200,17.105263157894736,1.0,147576,8448,18
sionna,PDSCH,Table 4,18,200,18.68421052631579,1.0,147576,8448,18
sionna,PDSCH,Table 4,18,200,20.263157894736842,1.0,147576,8448,18
sionna,PDSCH,Table 4,18,200,21.842105263157894,0.04117727466813692,147576,8448,18
sionna,PDSCH,Table 4,18,200,23.42105263157895,0.0,147576,8448,18
sionna,PDSCH,Table 4,18,200,25.0,0.0,147576,8448,18
sionna,PDSCH,Table 4,19,10,-5.0,1.0,7808,8448,1
sionna,PDSCH,Table 4,19,10,-3.4210526315789473,1.0,7808,8448,1
sionna,PDSCH,Table 4,19,10,-1.8421052631578947,1.0,7808,8448,1
sionna,PDSCH,Table 4,19,10,-0.2631578947368425,1.0,7808,8448,1
sionna,PDSCH,Table 4,19,10,1.3157894736842106,1.0,7808,8448,1
sionna,PDSCH,Table 4,19,10,2.8947368421052637,1.0,7808,8448,1
sionna,PDSCH,Table 4,19,10,4.473684210526315,1.0,7808,8448,1
sionna,PDSCH,Table 4,19,10,6.052631578947368,1.0,7808,8448,1
sionna,PDSCH,Table 4,19,10,7.631578947368421,1.0,7808,8448,1
sionna,PDSCH,Table 4,19,10,9.210526315789474,1.0,7808,8448,1
sionna,PDSCH,Table 4,19,10,10.789473684210527,1.0,7808,8448,1
sionna,PDSCH,Table 4,19,10,12.368421052631579,1.0,7808,8448,1
sionna,PDSCH,Table 4,19,10,13.94736842105263,1.0,7808,8448,1
sionna,PDSCH,Table 4,19,10,15.526315789473685,1.0,7808,8448,1
sionna,PDSCH,Table 4,19,10,17.105263157894736,1.0,7808,8448,1
sionna,PDSCH,Table 4,19,10,18.68421052631579,1.0,7808,8448,1
sionna,PDSCH,Table 4,19,10,20.263157894736842,1.0,7808,8448,1
sionna,PDSCH,Table 4,19,10,21.842105263157894,0.38538461923599243,7808,8448,1
sionna,PDSCH,Table 4,19,10,23.42105263157895,0.0,7808,8448,1
sionna,PDSCH,Table 4,19,10,25.0,0.0,7808,8448,1
sionna,PDSCH,Table 4,19,100,-5.0,1.0,77896,8448,10
sionna,PDSCH,Table 4,19,100,-3.4210526315789473,1.0,77896,8448,10
sionna,PDSCH,Table 4,19,100,-1.8421052631578947,1.0,77896,8448,10
sionna,PDSCH,Table 4,19,100,-0.2631578947368425,1.0,77896,8448,10
sionna,PDSCH,Table 4,19,100,1.3157894736842106,1.0,77896,8448,10
sionna,PDSCH,Table 4,19,100,2.8947368421052637,1.0,77896,8448,10
sionna,PDSCH,Table 4,19,100,4.473684210526315,1.0,77896,8448,10
sionna,PDSCH,Table 4,19,100,6.052631578947368,1.0,77896,8448,10
sionna,PDSCH,Table 4,19,100,7.631578947368421,1.0,77896,8448,10
sionna,PDSCH,Table 4,19,100,9.210526315789474,1.0,77896,8448,10
sionna,PDSCH,Table 4,19,100,10.789473684210527,1.0,77896,8448,10
sionna,PDSCH,Table 4,19,100,12.368421052631579,1.0,77896,8448,10
sionna,PDSCH,Table 4,19,100,13.94736842105263,1.0,77896,8448,10
sionna,PDSCH,Table 4,19,100,15.526315789473685,1.0,77896,8448,10
sionna,PDSCH,Table 4,19,100,17.105263157894736,1.0,77896,8448,10
sionna,PDSCH,Table 4,19,100,18.68421052631579,1.0,77896,8448,10
sionna,PDSCH,Table 4,19,100,20.263157894736842,1.0,77896,8448,10
sionna,PDSCH,Table 4,19,100,21.842105263157894,0.9923080891362344,77896,8448,10
sionna,PDSCH,Table 4,19,100,23.42105263157895,0.0,77896,8448,10
sionna,PDSCH,Table 4,19,100,25.0,0.0,77896,8448,10
sionna,PDSCH,Table 4,19,200,-5.0,1.0,155776,8448,19
sionna,PDSCH,Table 4,19,200,-3.4210526315789473,1.0,155776,8448,19
sionna,PDSCH,Table 4,19,200,-1.8421052631578947,1.0,155776,8448,19
sionna,PDSCH,Table 4,19,200,-0.2631578947368425,1.0,155776,8448,19
sionna,PDSCH,Table 4,19,200,1.3157894736842106,1.0,155776,8448,19
sionna,PDSCH,Table 4,19,200,2.8947368421052637,1.0,155776,8448,19
sionna,PDSCH,Table 4,19,200,4.473684210526315,1.0,155776,8448,19
sionna,PDSCH,Table 4,19,200,6.052631578947368,1.0,155776,8448,19
sionna,PDSCH,Table 4,19,200,7.631578947368421,1.0,155776,8448,19
sionna,PDSCH,Table 4,19,200,9.210526315789474,1.0,155776,8448,19
sionna,PDSCH,Table 4,19,200,10.789473684210527,1.0,155776,8448,19
sionna,PDSCH,Table 4,19,200,12.368421052631579,1.0,155776,8448,19
sionna,PDSCH,Table 4,19,200,13.94736842105263,1.0,155776,8448,19
sionna,PDSCH,Table 4,19,200,15.526315789473685,1.0,155776,8448,19
sionna,PDSCH,Table 4,19,200,17.105263157894736,1.0,155776,8448,19
sionna,PDSCH,Table 4,19,200,18.68421052631579,1.0,155776,8448,19
sionna,PDSCH,Table 4,19,200,20.263157894736842,1.0,155776,8448,19
sionna,PDSCH,Table 4,19,200,21.842105263157894,0.9999037357433805,155776,8448,19
sionna,PDSCH,Table 4,19,200,23.42105263157895,0.0,155776,8448,19
sionna,PDSCH,Table 4,19,200,25.0,0.0,155776,8448,19
sionna,PDSCH,Table 4,20,10,-5.0,1.0,8192,8448,1
sionna,PDSCH,Table 4,20,10,-3.4210526315789473,1.0,8192,8448,1
sionna,PDSCH,Table 4,20,10,-1.8421052631578947,1.0,8192,8448,1
sionna,PDSCH,Table 4,20,10,-0.2631578947368425,1.0,8192,8448,1
sionna,PDSCH,Table 4,20,10,1.3157894736842106,1.0,8192,8448,1
sionna,PDSCH,Table 4,20,10,2.8947368421052637,1.0,8192,8448,1
sionna,PDSCH,Table 4,20,10,4.473684210526315,1.0,8192,8448,1
sionna,PDSCH,Table 4,20,10,6.052631578947368,1.0,8192,8448,1
sionna,PDSCH,Table 4,20,10,7.631578947368421,1.0,8192,8448,1
sionna,PDSCH,Table 4,20,10,9.210526315789474,1.0,8192,8448,1
sionna,PDSCH,Table 4,20,10,10.789473684210527,1.0,8192,8448,1
sionna,PDSCH,Table 4,20,10,12.368421052631579,1.0,8192,8448,1
sionna,PDSCH,Table 4,20,10,13.94736842105263,1.0,8192,8448,1
sionna,PDSCH,Table 4,20,10,15.526315789473685,1.0,8192,8448,1
sionna,PDSCH,Table 4,20,10,17.105263157894736,1.0,8192,8448,1
sionna,PDSCH,Table 4,20,10,18.68421052631579,1.0,8192,8448,1
sionna,PDSCH,Table 4,20,10,20.263157894736842,1.0,8192,8448,1
sionna,PDSCH,Table 4,20,10,21.842105263157894,1.0,8192,8448,1
sionna,PDSCH,Table 4,20,10,23.42105263157895,0.03266666829586029,8192,8448,1
sionna,PDSCH,Table 4,20,10,25.0,0.0,8192,8448,1
sionna,PDSCH,Table 4,20,100,-5.0,1.0,83976,8448,10
sionna,PDSCH,Table 4,20,100,-3.4210526315789473,1.0,83976,8448,10
sionna,PDSCH,Table 4,20,100,-1.8421052631578947,1.0,83976,8448,10
sionna,PDSCH,Table 4,20,100,-0.2631578947368425,1.0,83976,8448,10
sionna,PDSCH,Table 4,20,100,1.3157894736842106,1.0,83976,8448,10
sionna,PDSCH,Table 4,20,100,2.8947368421052637,1.0,83976,8448,10
sionna,PDSCH,Table 4,20,100,4.473684210526315,1.0,83976,8448,10
sionna,PDSCH,Table 4,20,100,6.052631578947368,1.0,83976,8448,10
sionna,PDSCH,Table 4,20,100,7.631578947368421,1.0,83976,8448,10
sionna,PDSCH,Table 4,20,100,9.210526315789474,1.0,83976,8448,10
sionna,PDSCH,Table 4,20,100,10.789473684210527,1.0,83976,8448,10
sionna,PDSCH,Table 4,20,100,12.368421052631579,1.0,83976,8448,10
sionna,PDSCH,Table 4,20,100,13.94736842105263,1.0,83976,8448,10
sionna,PDSCH,Table 4,20,100,15.526315789473685,1.0,83976,8448,10
sionna,PDSCH,Table 4,20,100,17.105263157894736,1.0,83976,8448,10
sionna,PDSCH,Table 4,20,100,18.68421052631579,1.0,83976,8448,10
sionna,PDSCH,Table 4,20,100,20.263157894736842,1.0,83976,8448,10
sionna,PDSCH,Table 4,20,100,21.842105263157894,1.0,83976,8448,10
sionna,PDSCH,Table 4,20,100,23.42105263157895,0.28259974533679555,83976,8448,10
sionna,PDSCH,Table 4,20,100,25.0,0.0,83976,8448,10
sionna,PDSCH,Table 4,20,200,-5.0,1.0,167976,8448,20
sionna,PDSCH,Table 4,20,200,-3.4210526315789473,1.0,167976,8448,20
sionna,PDSCH,Table 4,20,200,-1.8421052631578947,1.0,167976,8448,20
sionna,PDSCH,Table 4,20,200,-0.2631578947368425,1.0,167976,8448,20
sionna,PDSCH,Table 4,20,200,1.3157894736842106,1.0,167976,8448,20
sionna,PDSCH,Table 4,20,200,2.8947368421052637,1.0,167976,8448,20
sionna,PDSCH,Table 4,20,200,4.473684210526315,1.0,167976,8448,20
sionna,PDSCH,Table 4,20,200,6.052631578947368,1.0,167976,8448,20
sionna,PDSCH,Table 4,20,200,7.631578947368421,1.0,167976,8448,20
sionna,PDSCH,Table 4,20,200,9.210526315789474,1.0,167976,8448,20
sionna,PDSCH,Table 4,20,200,10.789473684210527,1.0,167976,8448,20
sionna,PDSCH,Table 4,20,200,12.368421052631579,1.0,167976,8448,20
sionna,PDSCH,Table 4,20,200,13.94736842105263,1.0,167976,8448,20
sionna,PDSCH,Table 4,20,200,15.526315789473685,1.0,167976,8448,20
sionna,PDSCH,Table 4,20,200,17.105263157894736,1.0,167976,8448,20
sionna,PDSCH,Table 4,20,200,18.68421052631579,1.0,167976,8448,20
sionna,PDSCH,Table 4,20,200,20.263157894736842,1.0,167976,8448,20
sionna,PDSCH,Table 4,20,200,21.842105263157894,1.0,167976,8448,20
sionna,PDSCH,Table 4,20,200,23.42105263157895,0.4853368746091694,167976,8448,20
sionna,PDSCH,Table 4,20,200,25.0,0.0,167976,8448,20
sionna,PDSCH,Table 4,21,10,-5.0,1.0,8456,4576,2
sionna,PDSCH,Table 4,21,10,-3.4210526315789473,1.0,8456,4576,2
sionna,PDSCH,Table 4,21,10,-1.8421052631578947,1.0,8456,4576,2
sionna,PDSCH,Table 4,21,10,-0.2631578947368425,1.0,8456,4576,2
sionna,PDSCH,Table 4,21,10,1.3157894736842106,1.0,8456,4576,2
sionna,PDSCH,Table 4,21,10,2.8947368421052637,1.0,8456,4576,2
sionna,PDSCH,Table 4,21,10,4.473684210526315,1.0,8456,4576,2
sionna,PDSCH,Table 4,21,10,6.052631578947368,1.0,8456,4576,2
sionna,PDSCH,Table 4,21,10,7.631578947368421,1.0,8456,4576,2
sionna,PDSCH,Table 4,21,10,9.210526315789474,1.0,8456,4576,2
sionna,PDSCH,Table 4,21,10,10.789473684210527,1.0,8456,4576,2
sionna,PDSCH,Table 4,21,10,12.368421052631579,1.0,8456,4576,2
sionna,PDSCH,Table 4,21,10,13.94736842105263,1.0,8456,4576,2
sionna,PDSCH,Table 4,21,10,15.526315789473685,1.0,8456,4576,2
sionna,PDSCH,Table 4,21,10,17.105263157894736,1.0,8456,4576,2
sionna,PDSCH,Table 4,21,10,18.68421052631579,1.0,8456,4576,2
sionna,PDSCH,Table 4,21,10,20.263157894736842,1.0,8456,4576,2
sionna,PDSCH,Table 4,21,10,21.842105263157894,1.0,8456,4576,2
sionna,PDSCH,Table 4,21,10,23.42105263157895,0.964977554079951,8456,4576,2
sionna,PDSCH,Table 4,21,10,25.0,0.0,8456,4576,2
sionna,PDSCH,Table 4,21,100,-5.0,1.0,86040,8448,11
sionna,PDSCH,Table 4,21,100,-3.4210526315789473,1.0,86040,8448,11
sionna,PDSCH,Table 4,21,100,-1.8421052631578947,1.0,86040,8448,11
sionna,PDSCH,Table 4,21,100,-0.2631578947368425,1.0,86040,8448,11
sionna,PDSCH,Table 4,21,100,1.3157894736842106,1.0,86040,8448,11
sionna,PDSCH,Table 4,21,100,2.8947368421052637,1.0,86040,8448,11
sionna,PDSCH,Table 4,21,100,4.473684210526315,1.0,86040,8448,11
sionna,PDSCH,Table 4,21,100,6.052631578947368,1.0,86040,8448,11
sionna,PDSCH,Table 4,21,100,7.631578947368421,1.0,86040,8448,11
sionna,PDSCH,Table 4,21,100,9.210526315789474,1.0,86040,8448,11
sionna,PDSCH,Table 4,21,100,10.789473684210527,1.0,86040,8448,11
sionna,PDSCH,Table 4,21,100,12.368421052631579,1.0,86040,8448,11
sionna,PDSCH,Table 4,21,100,13.94736842105263,1.0,86040,8448,11
sionna,PDSCH,Table 4,21,100,15.526315789473685,1.0,86040,8448,11
sionna,PDSCH,Table 4,21,100,17.105263157894736,1.0,86040,8448,11
sionna,PDSCH,Table 4,21,100,18.68421052631579,1.0,86040,8448,11
sionna,PDSCH,Table 4,21,100,20.263157894736842,1.0,86040,8448,11
sionna,PDSCH,Table 4,21,100,21.842105263157894,1.0,86040,8448,11
sionna,PDSCH,Table 4,21,100,23.42105263157895,0.9999999901393487,86040,8448,11
sionna,PDSCH,Table 4,21,100,25.0,0.0,86040,8448,11
sionna,PDSCH,Table 4,21,200,-5.0,1.0,172176,8448,21
sionna,PDSCH,Table 4,21,200,-3.4210526315789473,1.0,172176,8448,21
sionna,PDSCH,Table 4,21,200,-1.8421052631578947,1.0,172176,8448,21
sionna,PDSCH,Table 4,21,200,-0.2631578947368425,1.0,172176,8448,21
sionna,PDSCH,Table 4,21,200,1.3157894736842106,1.0,172176,8448,21
sionna,PDSCH,Table 4,21,200,2.8947368421052637,1.0,172176,8448,21
sionna,PDSCH,Table 4,21,200,4.473684210526315,1.0,172176,8448,21
sionna,PDSCH,Table 4,21,200,6.052631578947368,1.0,172176,8448,21
sionna,PDSCH,Table 4,21,200,7.631578947368421,1.0,172176,8448,21
sionna,PDSCH,Table 4,21,200,9.210526315789474,1.0,172176,8448,21
sionna,PDSCH,Table 4,21,200,10.789473684210527,1.0,172176,8448,21
sionna,PDSCH,Table 4,21,200,12.368421052631579,1.0,172176,8448,21
sionna,PDSCH,Table 4,21,200,13.94736842105263,1.0,172176,8448,21
sionna,PDSCH,Table 4,21,200,15.526315789473685,1.0,172176,8448,21
sionna,PDSCH,Table 4,21,200,17.105263157894736,1.0,172176,8448,21
sionna,PDSCH,Table 4,21,200,18.68421052631579,1.0,172176,8448,21
sionna,PDSCH,Table 4,21,200,20.263157894736842,1.0,172176,8448,21
sionna,PDSCH,Table 4,21,200,21.842105263157894,1.0,172176,8448,21
sionna,PDSCH,Table 4,21,200,23.42105263157895,0.9999999999999994,172176,8448,21
sionna,PDSCH,Table 4,21,200,25.0,0.0,172176,8448,21
sionna,PDSCH,Table 4,22,10,-5.0,1.0,8968,4576,2
sionna,PDSCH,Table 4,22,10,-3.4210526315789473,1.0,8968,4576,2
sionna,PDSCH,Table 4,22,10,-1.8421052631578947,1.0,8968,4576,2
sionna,PDSCH,Table 4,22,10,-0.2631578947368425,1.0,8968,4576,2
sionna,PDSCH,Table 4,22,10,1.3157894736842106,1.0,8968,4576,2
sionna,PDSCH,Table 4,22,10,2.8947368421052637,1.0,8968,4576,2
sionna,PDSCH,Table 4,22,10,4.473684210526315,1.0,8968,4576,2
sionna,PDSCH,Table 4,22,10,6.052631578947368,1.0,8968,4576,2
sionna,PDSCH,Table 4,22,10,7.631578947368421,1.0,8968,4576,2
sionna,PDSCH,Table 4,22,10,9.210526315789474,1.0,8968,4576,2
sionna,PDSCH,Table 4,22,10,10.789473684210527,1.0,8968,4576,2
sionna,PDSCH,Table 4,22,10,12.368421052631579,1.0,8968,4576,2
sionna,PDSCH,Table 4,22,10,13.94736842105263,1.0,8968,4576,2
sionna,PDSCH,Table 4,22,10,15.526315789473685,1.0,8968,4576,2
sionna,PDSCH,Table 4,22,10,17.105263157894736,1.0,8968,4576,2
sionna,PDSCH,Table 4,22,10,18.68421052631579,1.0,8968,4576,2
sionna,PDSCH,Table 4,22,10,20.263157894736842,1.0,8968,4576,2
sionna,PDSCH,Table 4,22,10,21.842105263157894,1.0,8968,4576,2
sionna,PDSCH,Table 4,22,10,23.42105263157895,1.0,8968,4576,2
sionna,PDSCH,Table 4,22,10,25.0,0.25695599404001235,8968,4576,2
sionna,PDSCH,Table 4,22,100,-5.0,1.0,88064,8448,11
sionna,PDSCH,Table 4,22,100,-3.4210526315789473,1.0,88064,8448,11
sionna,PDSCH,Table 4,22,100,-1.8421052631578947,1.0,88064,8448,11
sionna,PDSCH,Table 4,22,100,-0.2631578947368425,1.0,88064,8448,11
sionna,PDSCH,Table 4,22,100,1.3157894736842106,1.0,88064,8448,11
sionna,PDSCH,Table 4,22,100,2.8947368421052637,1.0,88064,8448,11
sionna,PDSCH,Table 4,22,100,4.473684210526315,1.0,88064,8448,11
sionna,PDSCH,Table 4,22,100,6.052631578947368,1.0,88064,8448,11
sionna,PDSCH,Table 4,22,100,7.631578947368421,1.0,88064,8448,11
sionna,PDSCH,Table 4,22,100,9.210526315789474,1.0,88064,8448,11
sionna,PDSCH,Table 4,22,100,10.789473684210527,1.0,88064,8448,11
sionna,PDSCH,Table 4,22,100,12.368421052631579,1.0,88064,8448,11
sionna,PDSCH,Table 4,22,100,13.94736842105263,1.0,88064,8448,11
sionna,PDSCH,Table 4,22,100,15.526315789473685,1.0,88064,8448,11
sionna,PDSCH,Table 4,22,100,17.105263157894736,1.0,88064,8448,11
sionna,PDSCH,Table 4,22,100,18.68421052631579,1.0,88064,8448,11
sionna,PDSCH,Table 4,22,100,20.263157894736842,1.0,88064,8448,11
sionna,PDSCH,Table 4,22,100,21.842105263157894,1.0,88064,8448,11
sionna,PDSCH,Table 4,22,100,23.42105263157895,1.0,88064,8448,11
sionna,PDSCH,Table 4,22,100,25.0,0.8047549899648537,88064,8448,11
sionna,PDSCH,Table 4,22,200,-5.0,1.0,176208,8448,21
sionna,PDSCH,Table 4,22,200,-3.4210526315789473,1.0,176208,8448,21
sionna,PDSCH,Table 4,22,200,-1.8421052631578947,1.0,176208,8448,21
sionna,PDSCH,Table 4,22,200,-0.2631578947368425,1.0,176208,8448,21
sionna,PDSCH,Table 4,22,200,1.3157894736842106,1.0,176208,8448,21
sionna,PDSCH,Table 4,22,200,2.8947368421052637,1.0,176208,8448,21
sionna,PDSCH,Table 4,22,200,4.473684210526315,1.0,176208,8448,21
sionna,PDSCH,Table 4,22,200,6.052631578947368,1.0,176208,8448,21
sionna,PDSCH,Table 4,22,200,7.631578947368421,1.0,176208,8448,21
sionna,PDSCH,Table 4,22,200,9.210526315789474,1.0,176208,8448,21
sionna,PDSCH,Table 4,22,200,10.789473684210527,1.0,176208,8448,21
sionna,PDSCH,Table 4,22,200,12.368421052631579,1.0,176208,8448,21
sionna,PDSCH,Table 4,22,200,13.94736842105263,1.0,176208,8448,21
sionna,PDSCH,Table 4,22,200,15.526315789473685,1.0,176208,8448,21
sionna,PDSCH,Table 4,22,200,17.105263157894736,1.0,176208,8448,21
sionna,PDSCH,Table 4,22,200,18.68421052631579,1.0,176208,8448,21
sionna,PDSCH,Table 4,22,200,20.263157894736842,1.0,176208,8448,21
sionna,PDSCH,Table 4,22,200,21.842105263157894,1.0,176208,8448,21
sionna,PDSCH,Table 4,22,200,23.42105263157895,1.0,176208,8448,21
sionna,PDSCH,Table 4,22,200,25.0,0.9557765501267508,176208,8448,21
sionna,PDSCH,Table 4,23,10,-5.0,1.0,9480,4928,2
sionna,PDSCH,Table 4,23,10,-3.4210526315789473,1.0,9480,4928,2
sionna,PDSCH,Table 4,23,10,-1.8421052631578947,1.0,9480,4928,2
sionna,PDSCH,Table 4,23,10,-0.2631578947368425,1.0,9480,4928,2
sionna,PDSCH,Table 4,23,10,1.3157894736842106,1.0,9480,4928,2
sionna,PDSCH,Table 4,23,10,2.8947368421052637,1.0,9480,4928,2
sionna,PDSCH,Table 4,23,10,4.473684210526315,1.0,9480,4928,2
sionna,PDSCH,Table 4,23,10,6.052631578947368,1.0,9480,4928,2
sionna,PDSCH,Table 4,23,10,7.631578947368421,1.0,9480,4928,2
sionna,PDSCH,Table 4,23,10,9.210526315789474,1.0,9480,4928,2
sionna,PDSCH,Table 4,23,10,10.789473684210527,1.0,9480,4928,2
sionna,PDSCH,Table 4,23,10,12.368421052631579,1.0,9480,4928,2
sionna,PDSCH,Table 4,23,10,13.94736842105263,1.0,9480,4928,2
sionna,PDSCH,Table 4,23,10,15.526315789473685,1.0,9480,4928,2
sionna,PDSCH,Table 4,23,10,17.105263157894736,1.0,9480,4928,2
sionna,PDSCH,Table 4,23,10,18.68421052631579,1.0,9480,4928,2
sionna,PDSCH,Table 4,23,10,20.263157894736842,1.0,9480,4928,2
sionna,PDSCH,Table 4,23,10,21.842105263157894,1.0,9480,4928,2
sionna,PDSCH,Table 4,23,10,23.42105263157895,1.0,9480,4928,2
sionna,PDSCH,Table 4,23,10,25.0,0.9999972222275204,9480,4928,2
sionna,PDSCH,Table 4,23,100,-5.0,1.0,94248,8448,12
sionna,PDSCH,Table 4,23,100,-3.4210526315789473,1.0,94248,8448,12
sionna,PDSCH,Table 4,23,100,-1.8421052631578947,1.0,94248,8448,12
sionna,PDSCH,Table 4,23,100,-0.2631578947368425,1.0,94248,8448,12
sionna,PDSCH,Table 4,23,100,1.3157894736842106,1.0,94248,8448,12
sionna,PDSCH,Table 4,23,100,2.8947368421052637,1.0,94248,8448,12
sionna,PDSCH,Table 4,23,100,4.473684210526315,1.0,94248,8448,12
sionna,PDSCH,Table 4,23,100,6.052631578947368,1.0,94248,8448,12
sionna,PDSCH,Table 4,23,100,7.631578947368421,1.0,94248,8448,12
sionna,PDSCH,Table 4,23,100,9.210526315789474,1.0,94248,8448,12
sionna,PDSCH,Table 4,23,100,10.789473684210527,1.0,94248,8448,12
sionna,PDSCH,Table 4,23,100,12.368421052631579,1.0,94248,8448,12
sionna,PDSCH,Table 4,23,100,13.94736842105263,1.0,94248,8448,12
sionna,PDSCH,Table 4,23,100,15.526315789473685,1.0,94248,8448,12
sionna,PDSCH,Table 4,23,100,17.105263157894736,1.0,94248,8448,12
sionna,PDSCH,Table 4,23,100,18.68421052631579,1.0,94248,8448,12
sionna,PDSCH,Table 4,23,100,20.263157894736842,1.0,94248,8448,12
sionna,PDSCH,Table 4,23,100,21.842105263157894,1.0,94248,8448,12
sionna,PDSCH,Table 4,23,100,23.42105263157895,1.0,94248,8448,12
sionna,PDSCH,Table 4,23,100,25.0,1.0,94248,8448,12
sionna,PDSCH,Table 4,23,200,-5.0,1.0,188576,8448,23
sionna,PDSCH,Table 4,23,200,-3.4210526315789473,1.0,188576,8448,23
sionna,PDSCH,Table 4,23,200,-1.8421052631578947,1.0,188576,8448,23
sionna,PDSCH,Table 4,23,200,-0.2631578947368425,1.0,188576,8448,23
sionna,PDSCH,Table 4,23,200,1.3157894736842106,1.0,188576,8448,23
sionna,PDSCH,Table 4,23,200,2.8947368421052637,1.0,188576,8448,23
sionna,PDSCH,Table 4,23,200,4.473684210526315,1.0,188576,8448,23
sionna,PDSCH,Table 4,23,200,6.052631578947368,1.0,188576,8448,23
sionna,PDSCH,Table 4,23,200,7.631578947368421,1.0,188576,8448,23
sionna,PDSCH,Table 4,23,200,9.210526315789474,1.0,188576,8448,23
sionna,PDSCH,Table 4,23,200,10.789473684210527,1.0,188576,8448,23
sionna,PDSCH,Table 4,23,200,12.368421052631579,1.0,188576,8448,23
sionna,PDSCH,Table 4,23,200,13.94736842105263,1.0,188576,8448,23
sionna,PDSCH,Table 4,23,200,15.526315789473685,1.0,188576,8448,23
sionna,PDSCH,Table 4,23,200,17.105263157894736,1.0,188576,8448,23
sionna,PDSCH,Table 4,23,200,18.68421052631579,1.0,188576,8448,23
sionna,PDSCH,Table 4,23,200,20.263157894736842,1.0,188576,8448,23
sionna,PDSCH,Table 4,23,200,21.842105263157894,1.0,188576,8448,23
sionna,PDSCH,Table 4,23,200,23.42105263157895,1.0,188576,8448,23
sionna,PDSCH,Table 4,23,200,25.0,1.0,188576,8448,23
sionna,PDSCH,Table 4,24,10,-5.0,1.0,9992,5280,2
sionna,PDSCH,Table 4,24,10,-3.4210526315789473,1.0,9992,5280,2
sionna,PDSCH,Table 4,24,10,-1.8421052631578947,1.0,9992,5280,2
sionna,PDSCH,Table 4,24,10,-0.2631578947368425,1.0,9992,5280,2
sionna,PDSCH,Table 4,24,10,1.3157894736842106,1.0,9992,5280,2
sionna,PDSCH,Table 4,24,10,2.8947368421052637,1.0,9992,5280,2
sionna,PDSCH,Table 4,24,10,4.473684210526315,1.0,9992,5280,2
sionna,PDSCH,Table 4,24,10,6.052631578947368,1.0,9992,5280,2
sionna,PDSCH,Table 4,24,10,7.631578947368421,1.0,9992,5280,2
sionna,PDSCH,Table 4,24,10,9.210526315789474,1.0,9992,5280,2
sionna,PDSCH,Table 4,24,10,10.789473684210527,1.0,9992,5280,2
sionna,PDSCH,Table 4,24,10,12.368421052631579,1.0,9992,5280,2
sionna,PDSCH,Table 4,24,10,13.94736842105263,1.0,9992,5280,2
sionna,PDSCH,Table 4,24,10,15.526315789473685,1.0,9992,5280,2
sionna,PDSCH,Table 4,24,10,17.105263157894736,1.0,9992,5280,2
sionna,PDSCH,Table 4,24,10,18.68421052631579,1.0,9992,5280,2
sionna,PDSCH,Table 4,24,10,20.263157894736842,1.0,9992,5280,2
sionna,PDSCH,Table 4,24,10,21.842105263157894,1.0,9992,5280,2
sionna,PDSCH,Table 4,24,10,23.42105263157895,1.0,9992,5280,2
sionna,PDSCH,Table 4,24,10,25.0,1.0,9992,5280,2
sionna,PDSCH,Table 4,24,100,-5.0,1.0,100392,8448,12
sionna,PDSCH,Table 4,24,100,-3.4210526315789473,1.0,100392,8448,12
sionna,PDSCH,Table 4,24,100,-1.8421052631578947,1.0,100392,8448,12
sionna,PDSCH,Table 4,24,100,-0.2631578947368425,1.0,100392,8448,12
sionna,PDSCH,Table 4,24,100,1.3157894736842106,1.0,100392,8448,12
sionna,PDSCH,Table 4,24,100,2.8947368421052637,1.0,100392,8448,12
sionna,PDSCH,Table 4,24,100,4.473684210526315,1.0,100392,8448,12
sionna,PDSCH,Table 4,24,100,6.052631578947368,1.0,100392,8448,12
sionna,PDSCH,Table 4,24,100,7.631578947368421,1.0,100392,8448,12
sionna,PDSCH,Table 4,24,100,9.210526315789474,1.0,100392,8448,12
sionna,PDSCH,Table 4,24,100,10.789473684210527,1.0,100392,8448,12
sionna,PDSCH,Table 4,24,100,12.368421052631579,1.0,100392,8448,12
sionna,PDSCH,Table 4,24,100,13.94736842105263,1.0,100392,8448,12
sionna,PDSCH,Table 4,24,100,15.526315789473685,1.0,100392,8448,12
sionna,PDSCH,Table 4,24,100,17.105263157894736,1.0,100392,8448,12
sionna,PDSCH,Table 4,24,100,18.68421052631579,1.0,100392,8448,12
sionna,PDSCH,Table 4,24,100,20.263157894736842,1.0,100392,8448,12
sionna,PDSCH,Table 4,24,100,21.842105263157894,1.0,100392,8448,12
sionna,PDSCH,Table 4,24,100,23.42105263157895,1.0,100392,8448,12
sionna,PDSCH,Table 4,24,100,25.0,1.0,100392,8448,12
sionna,PDSCH,Table 4,24,200,-5.0,1.0,200808,8448,24
sionna,PDSCH,Table 4,24,200,-3.4210526315789473,1.0,200808,8448,24
sionna,PDSCH,Table 4,24,200,-1.8421052631578947,1.0,200808,8448,24
sionna,PDSCH,Table 4,24,200,-0.2631578947368425,1.0,200808,8448,24
sionna,PDSCH,Table 4,24,200,1.3157894736842106,1.0,200808,8448,24
sionna,PDSCH,Table 4,24,200,2.8947368421052637,1.0,200808,8448,24
sionna,PDSCH,Table 4,24,200,4.473684210526315,1.0,200808,8448,24
sionna,PDSCH,Table 4,24,200,6.052631578947368,1.0,200808,8448,24
sionna,PDSCH,Table 4,24,200,7.631578947368421,1.0,200808,8448,24
sionna,PDSCH,Table 4,24,200,9.210526315789474,1.0,200808,8448,24
sionna,PDSCH,Table 4,24,200,10.789473684210527,1.0,200808,8448,24
sionna,PDSCH,Table 4,24,200,12.368421052631579,1.0,200808,8448,24
sionna,PDSCH,Table 4,24,200,13.94736842105263,1.0,200808,8448,24
sionna,PDSCH,Table 4,24,200,15.526315789473685,1.0,200808,8448,24
sionna,PDSCH,Table 4,24,200,17.105263157894736,1.0,200808,8448,24
sionna,PDSCH,Table 4,24,200,18.68421052631579,1.0,200808,8448,24
sionna,PDSCH,Table 4,24,200,20.263157894736842,1.0,200808,8448,24
sionna,PDSCH,Table 4,24,200,21.842105263157894,1.0,200808,8448,24
sionna,PDSCH,Table 4,24,200,23.42105263157895,1.0,200808,8448,24
sionna,PDSCH,Table 4,24,200,25.0,1.0,200808,8448,24
sionna,PDSCH,Table 4,25,10,-5.0,1.0,10504,5632,2
sionna,PDSCH,Table 4,25,10,-3.4210526315789473,1.0,10504,5632,2
sionna,PDSCH,Table 4,25,10,-1.8421052631578947,1.0,10504,5632,2
sionna,PDSCH,Table 4,25,10,-0.2631578947368425,1.0,10504,5632,2
sionna,PDSCH,Table 4,25,10,1.3157894736842106,1.0,10504,5632,2
sionna,PDSCH,Table 4,25,10,2.8947368421052637,1.0,10504,5632,2
sionna,PDSCH,Table 4,25,10,4.473684210526315,1.0,10504,5632,2
sionna,PDSCH,Table 4,25,10,6.052631578947368,1.0,10504,5632,2
sionna,PDSCH,Table 4,25,10,7.631578947368421,1.0,10504,5632,2
sionna,PDSCH,Table 4,25,10,9.210526315789474,1.0,10504,5632,2
sionna,PDSCH,Table 4,25,10,10.789473684210527,1.0,10504,5632,2
sionna,PDSCH,Table 4,25,10,12.368421052631579,1.0,10504,5632,2
sionna,PDSCH,Table 4,25,10,13.94736842105263,1.0,10504,5632,2
sionna,PDSCH,Table 4,25,10,15.526315789473685,1.0,10504,5632,2
sionna,PDSCH,Table 4,25,10,17.105263157894736,1.0,10504,5632,2
sionna,PDSCH,Table 4,25,10,18.68421052631579,1.0,10504,5632,2
sionna,PDSCH,Table 4,25,10,20.263157894736842,1.0,10504,5632,2
sionna,PDSCH,Table 4,25,10,21.842105263157894,1.0,10504,5632,2
sionna,PDSCH,Table 4,25,10,23.42105263157895,1.0,10504,5632,2
sionna,PDSCH,Table 4,25,10,25.0,1.0,10504,5632,2
sionna,PDSCH,Table 4,25,100,-5.0,1.0,106576,8448,13
sionna,PDSCH,Table 4,25,100,-3.4210526315789473,1.0,106576,8448,13
sionna,PDSCH,Table 4,25,100,-1.8421052631578947,1.0,106576,8448,13
sionna,PDSCH,Table 4,25,100,-0.2631578947368425,1.0,106576,8448,13
sionna,PDSCH,Table 4,25,100,1.3157894736842106,1.0,106576,8448,13
sionna,PDSCH,Table 4,25,100,2.8947368421052637,1.0,106576,8448,13
sionna,PDSCH,Table 4,25,100,4.473684210526315,1.0,106576,8448,13
sionna,PDSCH,Table 4,25,100,6.052631578947368,1.0,106576,8448,13
sionna,PDSCH,Table 4,25,100,7.631578947368421,1.0,106576,8448,13
sionna,PDSCH,Table 4,25,100,9.210526315789474,1.0,106576,8448,13
sionna,PDSCH,Table 4,25,100,10.789473684210527,1.0,106576,8448,13
sionna,PDSCH,Table 4,25,100,12.368421052631579,1.0,106576,8448,13
sionna,PDSCH,Table 4,25,100,13.94736842105263,1.0,106576,8448,13
sionna,PDSCH,Table 4,25,100,15.526315789473685,1.0,106576,8448,13
sionna,PDSCH,Table 4,25,100,17.105263157894736,1.0,106576,8448,13
sionna,PDSCH,Table 4,25,100,18.68421052631579,1.0,106576,8448,13
sionna,PDSCH,Table 4,25,100,20.263157894736842,1.0,106576,8448,13
sionna,PDSCH,Table 4,25,100,21.842105263157894,1.0,106576,8448,13
sionna,PDSCH,Table 4,25,100,23.42105263157895,1.0,106576,8448,13
sionna,PDSCH,Table 4,25,100,25.0,1.0,106576,8448,13
sionna,PDSCH,Table 4,25,200,-5.0,1.0,213176,8448,26
sionna,PDSCH,Table 4,25,200,-3.4210526315789473,1.0,213176,8448,26
sionna,PDSCH,Table 4,25,200,-1.8421052631578947,1.0,213176,8448,26
sionna,PDSCH,Table 4,25,200,-0.2631578947368425,1.0,213176,8448,26
sionna,PDSCH,Table 4,25,200,1.3157894736842106,1.0,213176,8448,26
sionna,PDSCH,Table 4,25,200,2.8947368421052637,1.0,213176,8448,26
sionna,PDSCH,Table 4,25,200,4.473684210526315,1.0,213176,8448,26
sionna,PDSCH,Table 4,25,200,6.052631578947368,1.0,213176,8448,26
sionna,PDSCH,Table 4,25,200,7.631578947368421,1.0,213176,8448,26
sionna,PDSCH,Table 4,25,200,9.210526315789474,1.0,213176,8448,26
sionna,PDSCH,Table 4,25,200,10.789473684210527,1.0,213176,8448,26
sionna,PDSCH,Table 4,25,200,12.368421052631579,1.0,213176,8448,26
sionna,PDSCH,Table 4,25,200,13.94736842105263,1.0,213176,8448,26
sionna,PDSCH,Table 4,25,200,15.526315789473685,1.0,213176,8448,26
sionna,PDSCH,Table 4,25,200,17.105263157894736,1.0,213176,8448,26
sionna,PDSCH,Table 4,25,200,18.68421052631579,1.0,213176,8448,26
sionna,PDSCH,Table 4,25,200,20.263157894736842,1.0,213176,8448,26
sionna,PDSCH,Table 4,25,200,21.842105263157894,1.0,213176,8448,26
sionna,PDSCH,Table 4,25,200,23.42105263157895,1.0,213176,8448,26
sionna,PDSCH,Table 4,25,200,25.0,1.0,213176,8448,26
sionna,PDSCH,Table 4,26,10,-5.0,1.0,11016,5632,2
sionna,PDSCH,Table 4,26,10,-3.4210526315789473,1.0,11016,5632,2
sionna,PDSCH,Table 4,26,10,-1.8421052631578947,1.0,11016,5632,2
sionna,PDSCH,Table 4,26,10,-0.2631578947368425,1.0,11016,5632,2
sionna,PDSCH,Table 4,26,10,1.3157894736842106,1.0,11016,5632,2
sionna,PDSCH,Table 4,26,10,2.8947368421052637,1.0,11016,5632,2
sionna,PDSCH,Table 4,26,10,4.473684210526315,1.0,11016,5632,2
sionna,PDSCH,Table 4,26,10,6.052631578947368,1.0,11016,5632,2
sionna,PDSCH,Table 4,26,10,7.631578947368421,1.0,11016,5632,2
sionna,PDSCH,Table 4,26,10,9.210526315789474,1.0,11016,5632,2
sionna,PDSCH,Table 4,26,10,10.789473684210527,1.0,11016,5632,2
sionna,PDSCH,Table 4,26,10,12.368421052631579,1.0,11016,5632,2
sionna,PDSCH,Table 4,26,10,13.94736842105263,1.0,11016,5632,2
sionna,PDSCH,Table 4,26,10,15.526315789473685,1.0,11016,5632,2
sionna,PDSCH,Table 4,26,10,17.105263157894736,1.0,11016,5632,2
sionna,PDSCH,Table 4,26,10,18.68421052631579,1.0,11016,5632,2
sionna,PDSCH,Table 4,26,10,20.263157894736842,1.0,11016,5632,2
sionna,PDSCH,Table 4,26,10,21.842105263157894,1.0,11016,5632,2
sionna,PDSCH,Table 4,26,10,23.42105263157895,1.0,11016,5632,2
sionna,PDSCH,Table 4,26,10,25.0,1.0,11016,5632,2
sionna,PDSCH,Table 4,26,100,-5.0,1.0,110632,8448,14
sionna,PDSCH,Table 4,26,100,-3.4210526315789473,1.0,110632,8448,14
sionna,PDSCH,Table 4,26,100,-1.8421052631578947,1.0,110632,8448,14
sionna,PDSCH,Table 4,26,100,-0.2631578947368425,1.0,110632,8448,14
sionna,PDSCH,Table 4,26,100,1.3157894736842106,1.0,110632,8448,14
sionna,PDSCH,Table 4,26,100,2.8947368421052637,1.0,110632,8448,14
sionna,PDSCH,Table 4,26,100,4.473684210526315,1.0,110632,8448,14
sionna,PDSCH,Table 4,26,100,6.052631578947368,1.0,110632,8448,14
sionna,PDSCH,Table 4,26,100,7.631578947368421,1.0,110632,8448,14
sionna,PDSCH,Table 4,26,100,9.210526315789474,1.0,110632,8448,14
sionna,PDSCH,Table 4,26,100,10.789473684210527,1.0,110632,8448,14
sionna,PDSCH,Table 4,26,100,12.368421052631579,1.0,110632,8448,14
sionna,PDSCH,Table 4,26,100,13.94736842105263,1.0,110632,8448,14
sionna,PDSCH,Table 4,26,100,15.526315789473685,1.0,110632,8448,14
sionna,PDSCH,Table 4,26,100,17.105263157894736,1.0,110632,8448,14
sionna,PDSCH,Table 4,26,100,18.68421052631579,1.0,110632,8448,14
sionna,PDSCH,Table 4,26,100,20.263157894736842,1.0,110632,8448,14
sionna,PDSCH,Table 4,26,100,21.842105263157894,1.0,110632,8448,14
sionna,PDSCH,Table 4,26,100,23.42105263157895,1.0,110632,8448,14
sionna,PDSCH,Table 4,26,100,25.0,1.0,110632,8448,14
sionna,PDSCH,Table 4,26,200,-5.0,1.0,221376,8448,27
sionna,PDSCH,Table 4,26,200,-3.4210526315789473,1.0,221376,8448,27
sionna,PDSCH,Table 4,26,200,-1.8421052631578947,1.0,221376,8448,27
sionna,PDSCH,Table 4,26,200,-0.2631578947368425,1.0,221376,8448,27
sionna,PDSCH,Table 4,26,200,1.3157894736842106,1.0,221376,8448,27
sionna,PDSCH,Table 4,26,200,2.8947368421052637,1.0,221376,8448,27
sionna,PDSCH,Table 4,26,200,4.473684210526315,1.0,221376,8448,27
sionna,PDSCH,Table 4,26,200,6.052631578947368,1.0,221376,8448,27
sionna,PDSCH,Table 4,26,200,7.631578947368421,1.0,221376,8448,27
sionna,PDSCH,Table 4,26,200,9.210526315789474,1.0,221376,8448,27
sionna,PDSCH,Table 4,26,200,10.789473684210527,1.0,221376,8448,27
sionna,PDSCH,Table 4,26,200,12.368421052631579,1.0,221376,8448,27
sionna,PDSCH,Table 4,26,200,13.94736842105263,1.0,221376,8448,27
sionna,PDSCH,Table 4,26,200,15.526315789473685,1.0,221376,8448,27
sionna,PDSCH,Table 4,26,200,17.105263157894736,1.0,221376,8448,27
sionna,PDSCH,Table 4,26,200,18.68421052631579,1.0,221376,8448,27
sionna,PDSCH,Table 4,26,200,20.263157894736842,1.0,221376,8448,27
sionna,PDSCH,Table 4,26,200,21.842105263157894,1.0,221376,8448,27
sionna,PDSCH,Table 4,26,200,23.42105263157895,1.0,221376,8448,27
sionna,PDSCH,Table 4,26,200,25.0,1.0,221376,8448,27
sionna,PUSCH,Table 1,3,10,-5.0,1.0,608,720,1
sionna,PUSCH,Table 1,3,10,-3.2142857142857144,0.7783333134651184,608,720,1
sionna,PUSCH,Table 1,3,10,-1.4285714285714284,0.0,608,720,1
sionna,PUSCH,Table 1,3,10,0.35714285714285765,0.0,608,720,1
sionna,PUSCH,Table 1,3,10,2.1428571428571432,0.0,608,720,1
sionna,PUSCH,Table 1,3,10,3.928571428571429,0.0,608,720,1
sionna,PUSCH,Table 1,3,10,5.714285714285715,0.0,608,720,1
sionna,PUSCH,Table 1,3,10,7.5,0.0,608,720,1
sionna,PUSCH,Table 1,3,10,9.285714285714286,0.0,608,720,1
sionna,PUSCH,Table 1,3,10,11.071428571428573,0.0,608,720,1
sionna,PUSCH,Table 1,3,10,12.857142857142858,0.0,608,720,1
sionna,PUSCH,Table 1,3,10,14.642857142857142,0.0,608,720,1
sionna,PUSCH,Table 1,3,10,16.42857142857143,0.0,608,720,1
sionna,PUSCH,Table 1,3,10,18.214285714285715,0.0,608,720,1
sionna,PUSCH,Table 1,3,10,20.0,0.0,608,720,1
sionna,PUSCH,Table 1,3,100,-5.0,1.0,5896,3200,2
sionna,PUSCH,Table 1,3,100,-3.2142857142857144,0.9963999997138977,5896,3200,2
sionna,PUSCH,Table 1,3,100,-1.4285714285714284,0.0,5896,3200,2
sionna,PUSCH,Table 1,3,100,0.35714285714285765,0.0,5896,3200,2
sionna,PUSCH,Table 1,3,100,2.1428571428571432,0.0,5896,3200,2
sionna,PUSCH,Table 1,3,100,3.928571428571429,0.0,5896,3200,2
sionna,PUSCH,Table 1,3,100,5.714285714285715,0.0,5896,3200,2
sionna,PUSCH,Table 1,3,100,7.5,0.0,5896,3200,2
sionna,PUSCH,Table 1,3,100,9.285714285714286,0.0,5896,3200,2
sionna,PUSCH,Table 1,3,100,11.071428571428573,0.0,5896,3200,2
sionna,PUSCH,Table 1,3,100,12.857142857142858,0.0,5896,3200,2
sionna,PUSCH,Table 1,3,100,14.642857142857142,0.0,5896,3200,2
sionna,PUSCH,Table 1,3,100,16.42857142857143,0.0,5896,3200,2
sionna,PUSCH,Table 1,3,100,18.214285714285715,0.0,5896,3200,2
sionna,PUSCH,Table 1,3,100,20.0,0.0,5896,3200,2
sionna,PUSCH,Table 1,3,200,-5.0,1.0,11784,3200,4
sionna,PUSCH,Table 1,3,200,-3.2142857142857144,0.99998703999794,11784,3200,4
sionna,PUSCH,Table 1,3,200,-1.4285714285714284,0.0,11784,3200,4
sionna,PUSCH,Table 1,3,200,0.35714285714285765,0.0,11784,3200,4
sionna,PUSCH,Table 1,3,200,2.1428571428571432,0.0,11784,3200,4
sionna,PUSCH,Table 1,3,200,3.928571428571429,0.0,11784,3200,4
sionna,PUSCH,Table 1,3,200,5.714285714285715,0.0,11784,3200,4
sionna,PUSCH,Table 1,3,200,7.5,0.0,11784,3200,4
sionna,PUSCH,Table 1,3,200,9.285714285714286,0.0,11784,3200,4
sionna,PUSCH,Table 1,3,200,11.071428571428573,0.0,11784,3200,4
sionna,PUSCH,Table 1,3,200,12.857142857142858,0.0,11784,3200,4
sionna,PUSCH,Table 1,3,200,14.642857142857142,0.0,11784,3200,4
sionna,PUSCH,Table 1,3,200,16.42857142857143,0.0,11784,3200,4
sionna,PUSCH,Table 1,3,200,18.214285714285715,0.0,11784,3200,4
sionna,PUSCH,Table 1,3,200,20.0,0.0,11784,3200,4
sionna,PUSCH,Table 1,4,10,-5.0,1.0,736,800,1
sionna,PUSCH,Table 1,4,10,-3.2142857142857144,1.0,736,800,1
sionna,PUSCH,Table 1,4,10,-1.4285714285714284,0.05259999968111517,736,800,1
sionna,PUSCH,Table 1,4,10,0.35714285714285765,0.0,736,800,1
sionna,PUSCH,Table 1,4,10,2.1428571428571432,0.0,736,800,1
sionna,PUSCH,Table 1,4,10,3.928571428571429,0.0,736,800,1
sionna,PUSCH,Table 1,4,10,5.714285714285715,0.0,736,800,1
sionna,PUSCH,Table 1,4,10,7.5,0.0,736,800,1
sionna,PUSCH,Table 1,4,10,9.285714285714286,0.0,736,800,1
sionna,PUSCH,Table 1,4,10,11.071428571428573,0.0,736,800,1
sionna,PUSCH,Table 1,4,10,12.857142857142858,0.0,736,800,1
sionna,PUSCH,Table 1,4,10,14.642857142857142,0.0,736,800,1
sionna,PUSCH,Table 1,4,10,16.42857142857143,0.0,736,800,1
sionna,PUSCH,Table 1,4,10,18.214285714285715,0.0,736,800,1
sionna,PUSCH,Table 1,4,10,20.0,0.0,736,800,1
sionna,PUSCH,Table 1,4,100,-5.0,1.0,7168,7744,1
sionna,PUSCH,Table 1,4,100,-3.2142857142857144,1.0,7168,7744,1
sionna,PUSCH,Table 1,4,100,-1.4285714285714284,0.00566666666418314,7168,7744,1
sionna,PUSCH,Table 1,4,100,0.35714285714285765,0.0,7168,7744,1
sionna,PUSCH,Table 1,4,100,2.1428571428571432,0.0,7168,7744,1
sionna,PUSCH,Table 1,4,100,3.928571428571429,0.0,7168,7744,1
sionna,PUSCH,Table 1,4,100,5.714285714285715,0.0,7168,7744,1
sionna,PUSCH,Table 1,4,100,7.5,0.0,7168,7744,1
sionna,PUSCH,Table 1,4,100,9.285714285714286,0.0,7168,7744,1
sionna,PUSCH,Table 1,4,100,11.071428571428573,0.0,7168,7744,1
sionna,PUSCH,Table 1,4,100,12.857142857142858,0.0,7168,7744,1
sionna,PUSCH,Table 1,4,100,14.642857142857142,0.0,7168,7744,1
sionna,PUSCH,Table 1,4,100,16.42857142857143,0.0,7168,7744,1
sionna,PUSCH,Table 1,4,100,18.214285714285715,0.0,7168,7744,1
sionna,PUSCH,Table 1,4,100,20.0,0.0,7168,7744,1
sionna,PUSCH,Table 1,4,200,-5.0,1.0,14344,7744,2
sionna,PUSCH,Table 1,4,200,-3.2142857142857144,1.0,14344,7744,2
sionna,PUSCH,Table 1,4,200,-1.4285714285714284,0.011301222217283358,14344,7744,2
sionna,PUSCH,Table 1,4,200,0.35714285714285765,0.0,14344,7744,2
sionna,PUSCH,Table 1,4,200,2.1428571428571432,0.0,14344,7744,2
sionna,PUSCH,Table 1,4,200,3.928571428571429,0.0,14344,7744,2
sionna,PUSCH,Table 1,4,200,5.714285714285715,0.0,14344,7744,2
sionna,PUSCH,Table 1,4,200,7.5,0.0,14344,7744,2
sionna,PUSCH,Table 1,4,200,9.285714285714286,0.0,14344,7744,2
sionna,PUSCH,Table 1,4,200,11.071428571428573,0.0,14344,7744,2
sionna,PUSCH,Table 1,4,200,12.857142857142858,0.0,14344,7744,2
sionna,PUSCH,Table 1,4,200,14.642857142857142,0.0,14344,7744,2
sionna,PUSCH,Table 1,4,200,16.42857142857143,0.0,14344,7744,2
sionna,PUSCH,Table 1,4,200,18.214285714285715,0.0,14344,7744,2
sionna,PUSCH,Table 1,4,200,20.0,0.0,14344,7744,2
sionna,PUSCH,Table 1,5,10,-5.0,1.0,888,960,1
sionna,PUSCH,Table 1,5,10,-3.2142857142857144,1.0,888,960,1
sionna,PUSCH,Table 1,5,10,-1.4285714285714284,0.9946666717529297,888,960,1
sionna,PUSCH,Table 1,5,10,0.35714285714285765,5.333333276213992e-05,888,960,1
sionna,PUSCH,Table 1,5,10,2.1428571428571432,0.0,888,960,1
sionna,PUSCH,Table 1,5,10,3.928571428571429,0.0,888,960,1
sionna,PUSCH,Table 1,5,10,5.714285714285715,0.0,888,960,1
sionna,PUSCH,Table 1,5,10,7.5,0.0,888,960,1
sionna,PUSCH,Table 1,5,10,9.285714285714286,0.0,888,960,1
sionna,PUSCH,Table 1,5,10,11.071428571428573,0.0,888,960,1
sionna,PUSCH,Table 1,5,10,12.857142857142858,0.0,888,960,1
sionna,PUSCH,Table 1,5,10,14.642857142857142,0.0,888,960,1
sionna,PUSCH,Table 1,5,10,16.42857142857143,0.0,888,960,1
sionna,PUSCH,Table 1,5,10,18.214285714285715,0.0,888,960,1
sionna,PUSCH,Table 1,5,10,20.0,0.0,888,960,1
sionna,PUSCH,Table 1,5,100,-5.0,1.0,8968,4576,2
sionna,PUSCH,Table 1,5,100,-3.2142857142857144,1.0,8968,4576,2
sionna,PUSCH,Table 1,5,100,-1.4285714285714284,1.0,8968,4576,2
sionna,PUSCH,Table 1,5,100,0.35714285714285765,0.0,8968,4576,2
sionna,PUSCH,Table 1,5,100,2.1428571428571432,0.0,8968,4576,2
sionna,PUSCH,Table 1,5,100,3.928571428571429,0.0,8968,4576,2
sionna,PUSCH,Table 1,5,100,5.714285714285715,0.0,8968,4576,2
sionna,PUSCH,Table 1,5,100,7.5,0.0,8968,4576,2
sionna,PUSCH,Table 1,5,100,9.285714285714286,0.0,8968,4576,2
sionna,PUSCH,Table 1,5,100,11.071428571428573,0.0,8968,4576,2
sionna,PUSCH,Table 1,5,100,12.857142857142858,0.0,8968,4576,2
sionna,PUSCH,Table 1,5,100,14.642857142857142,0.0,8968,4576,2
sionna,PUSCH,Table 1,5,100,16.42857142857143,0.0,8968,4576,2
sionna,PUSCH,Table 1,5,100,18.214285714285715,0.0,8968,4576,2
sionna,PUSCH,Table 1,5,100,20.0,0.0,8968,4576,2
sionna,PUSCH,Table 1,5,200,-5.0,1.0,17928,6336,3
sionna,PUSCH,Table 1,5,200,-3.2142857142857144,1.0,17928,6336,3
sionna,PUSCH,Table 1,5,200,-1.4285714285714284,1.0,17928,6336,3
sionna,PUSCH,Table 1,5,200,0.35714285714285765,0.0,17928,6336,3
sionna,PUSCH,Table 1,5,200,2.1428571428571432,0.0,17928,6336,3
sionna,PUSCH,Table 1,5,200,3.928571428571429,0.0,17928,6336,3
sionna,PUSCH,Table 1,5,200,5.714285714285715,0.0,17928,6336,3
sionna,PUSCH,Table 1,5,200,7.5,0.0,17928,6336,3
sionna,PUSCH,Table 1,5,200,9.285714285714286,0.0,17928,6336,3
sionna,PUSCH,Table 1,5,200,11.071428571428573,0.0,17928,6336,3
sionna,PUSCH,Table 1,5,200,12.857142857142858,0.0,17928,6336,3
sionna,PUSCH,Table 1,5,200,14.642857142857142,0.0,17928,6336,3
sionna,PUSCH,Table 1,5,200,16.42857142857143,0.0,17928,6336,3
sionna,PUSCH,Table 1,5,200,18.214285714285715,0.0,17928,6336,3
sionna,PUSCH,Table 1,5,200,20.0,0.0,17928,6336,3
sionna,PUSCH,Table 1,6,10,-5.0,1.0,1064,1120,1
sionna,PUSCH,Table 1,6,10,-3.2142857142857144,1.0,1064,1120,1
sionna,PUSCH,Table 1,6,10,-1.4285714285714284,1.0,1064,1120,1
sionna,PUSCH,Table 1,6,10,0.35714285714285765,0.22675000548362734,1064,1120,1
sionna,PUSCH,Table 1,6,10,2.1428571428571432,0.0,1064,1120,1
sionna,PUSCH,Table 1,6,10,3.928571428571429,0.0,1064,1120,1
sionna,PUSCH,Table 1,6,10,5.714285714285715,0.0,1064,1120,1
sionna,PUSCH,Table 1,6,10,7.5,0.0,1064,1120,1
sionna,PUSCH,Table 1,6,10,9.285714285714286,0.0,1064,1120,1
sionna,PUSCH,Table 1,6,10,11.071428571428573,0.0,1064,1120,1
sionna,PUSCH,Table 1,6,10,12.857142857142858,0.0,1064,1120,1
sionna,PUSCH,Table 1,6,10,14.642857142857142,0.0,1064,1120,1
sionna,PUSCH,Table 1,6,10,16.42857142857143,0.0,1064,1120,1
sionna,PUSCH,Table 1,6,10,18.214285714285715,0.0,1064,1120,1
sionna,PUSCH,Table 1,6,10,20.0,0.0,1064,1120,1
sionna,PUSCH,Table 1,6,100,-5.0,1.0,10504,5632,2
sionna,PUSCH,Table 1,6,100,-3.2142857142857144,1.0,10504,5632,2
sionna,PUSCH,Table 1,6,100,-1.4285714285714284,1.0,10504,5632,2
sionna,PUSCH,Table 1,6,100,0.35714285714285765,0.3804998351461357,10504,5632,2
sionna,PUSCH,Table 1,6,100,2.1428571428571432,0.0,10504,5632,2
sionna,PUSCH,Table 1,6,100,3.928571428571429,0.0,10504,5632,2
sionna,PUSCH,Table 1,6,100,5.714285714285715,0.0,10504,5632,2
sionna,PUSCH,Table 1,6,100,7.5,0.0,10504,5632,2
sionna,PUSCH,Table 1,6,100,9.285714285714286,0.0,10504,5632,2
sionna,PUSCH,Table 1,6,100,11.071428571428573,0.0,10504,5632,2
sionna,PUSCH,Table 1,6,100,12.857142857142858,0.0,10504,5632,2
sionna,PUSCH,Table 1,6,100,14.642857142857142,0.0,10504,5632,2
sionna,PUSCH,Table 1,6,100,16.42857142857143,0.0,10504,5632,2
sionna,PUSCH,Table 1,6,100,18.214285714285715,0.0,10504,5632,2
sionna,PUSCH,Table 1,6,100,20.0,0.0,10504,5632,2
sionna,PUSCH,Table 1,6,200,-5.0,1.0,21000,7040,3
sionna,PUSCH,Table 1,6,200,-3.2142857142857144,1.0,21000,7040,3
sionna,PUSCH,Table 1,6,200,-1.4285714285714284,1.0,21000,7040,3
sionna,PUSCH,Table 1,6,200,0.35714285714285765,0.5124017486926125,21000,7040,3
sionna,PUSCH,Table 1,6,200,2.1428571428571432,0.0,21000,7040,3
sionna,PUSCH,Table 1,6,200,3.928571428571429,0.0,21000,7040,3
sionna,PUSCH,Table 1,6,200,5.714285714285715,0.0,21000,7040,3
sionna,PUSCH,Table 1,6,200,7.5,0.0,21000,7040,3
sionna,PUSCH,Table 1,6,200,9.285714285714286,0.0,21000,7040,3
sionna,PUSCH,Table 1,6,200,11.071428571428573,0.0,21000,7040,3
sionna,PUSCH,Table 1,6,200,12.857142857142858,0.0,21000,7040,3
sionna,PUSCH,Table 1,6,200,14.642857142857142,0.0,21000,7040,3
sionna,PUSCH,Table 1,6,200,16.42857142857143,0.0,21000,7040,3
sionna,PUSCH,Table 1,6,200,18.214285714285715,0.0,21000,7040,3
sionna,PUSCH,Table 1,6,200,20.0,0.0,21000,7040,3
sionna,PUSCH,Table 1,7,10,-5.0,1.0,1256,1280,1
sionna,PUSCH,Table 1,7,10,-3.2142857142857144,1.0,1256,1280,1
sionna,PUSCH,Table 1,7,10,-1.4285714285714284,1.0,1256,1280,1
sionna,PUSCH,Table 1,7,10,0.35714285714285765,0.9988000011444091,1256,1280,1
sionna,PUSCH,Table 1,7,10,2.1428571428571432,0.0002399999974295186,1256,1280,1
sionna,PUSCH,Table 1,7,10,3.928571428571429,0.0,1256,1280,1
sionna,PUSCH,Table 1,7,10,5.714285714285715,0.0,1256,1280,1
sionna,PUSCH,Table 1,7,10,7.5,0.0,1256,1280,1
sionna,PUSCH,Table 1,7,10,9.285714285714286,0.0,1256,1280,1
sionna,PUSCH,Table 1,7,10,11.071428571428573,0.0,1256,1280,1
sionna,PUSCH,Table 1,7,10,12.857142857142858,0.0,1256,1280,1
sionna,PUSCH,Table 1,7,10,14.642857142857142,0.0,1256,1280,1
sionna,PUSCH,Table 1,7,10,16.42857142857143,0.0,1256,1280,1
sionna,PUSCH,Table 1,7,10,18.214285714285715,0.0,1256,1280,1
sionna,PUSCH,Table 1,7,10,20.0,0.0,1256,1280,1
sionna,PUSCH,Table 1,7,100,-5.0,1.0,12296,6336,2
sionna,PUSCH,Table 1,7,100,-3.2142857142857144,1.0,12296,6336,2
sionna,PUSCH,Table 1,7,100,-1.4285714285714284,1.0,12296,6336,2
sionna,PUSCH,Table 1,7,100,0.35714285714285765,1.0,12296,6336,2
sionna,PUSCH,Table 1,7,100,2.1428571428571432,0.0,12296,6336,2
sionna,PUSCH,Table 1,7,100,3.928571428571429,0.0,12296,6336,2
sionna,PUSCH,Table 1,7,100,5.714285714285715,0.0,12296,6336,2
sionna,PUSCH,Table 1,7,100,7.5,0.0,12296,6336,2
sionna,PUSCH,Table 1,7,100,9.285714285714286,0.0,12296,6336,2
sionna,PUSCH,Table 1,7,100,11.071428571428573,0.0,12296,6336,2
sionna,PUSCH,Table 1,7,100,12.857142857142858,0.0,12296,6336,2
sionna,PUSCH,Table 1,7,100,14.642857142857142,0.0,12296,6336,2
sionna,PUSCH,Table 1,7,100,16.42857142857143,0.0,12296,6336,2
sionna,PUSCH,Table 1,7,100,18.214285714285715,0.0,12296,6336,2
sionna,PUSCH,Table 1,7,100,20.0,0.0,12296,6336,2
sionna,PUSCH,Table 1,7,200,-5.0,1.0,24576,8448,3
sionna,PUSCH,Table 1,7,200,-3.2142857142857144,1.0,24576,8448,3
sionna,PUSCH,Table 1,7,200,-1.4285714285714284,1.0,24576,8448,3
sionna,PUSCH,Table 1,7,200,0.35714285714285765,1.0,24576,8448,3
sionna,PUSCH,Table 1,7,200,2.1428571428571432,0.0,24576,8448,3
sionna,PUSCH,Table 1,7,200,3.928571428571429,0.0,24576,8448,3
sionna,PUSCH,Table 1,7,200,5.714285714285715,0.0,24576,8448,3
sionna,PUSCH,Table 1,7,200,7.5,0.0,24576,8448,3
sionna,PUSCH,Table 1,7,200,9.285714285714286,0.0,24576,8448,3
sionna,PUSCH,Table 1,7,200,11.071428571428573,0.0,24576,8448,3
sionna,PUSCH,Table 1,7,200,12.857142857142858,0.0,24576,8448,3
sionna,PUSCH,Table 1,7,200,14.642857142857142,0.0,24576,8448,3
sionna,PUSCH,Table 1,7,200,16.42857142857143,0.0,24576,8448,3
sionna,PUSCH,Table 1,7,200,18.214285714285715,0.0,24576,8448,3
sionna,PUSCH,Table 1,7,200,20.0,0.0,24576,8448,3
sionna,PUSCH,Table 1,8,10,-5.0,1.0,1416,1440,1
sionna,PUSCH,Table 1,8,10,-3.2142857142857144,1.0,1416,1440,1
sionna,PUSCH,Table 1,8,10,-1.4285714285714284,1.0,1416,1440,1
sionna,PUSCH,Table 1,8,10,0.35714285714285765,1.0,1416,1440,1
sionna,PUSCH,Table 1,8,10,2.1428571428571432,0.405941026210785,1416,1440,1
sionna,PUSCH,Table 1,8,10,3.928571428571429,0.0,1416,1440,1
sionna,PUSCH,Table 1,8,10,5.714285714285715,0.0,1416,1440,1
sionna,PUSCH,Table 1,8,10,7.5,0.0,1416,1440,1
sionna,PUSCH,Table 1,8,10,9.285714285714286,0.0,1416,1440,1
sionna,PUSCH,Table 1,8,10,11.071428571428573,0.0,1416,1440,1
sionna,PUSCH,Table 1,8,10,12.857142857142858,0.0,1416,1440,1
sionna,PUSCH,Table 1,8,10,14.642857142857142,0.0,1416,1440,1
sionna,PUSCH,Table 1,8,10,16.42857142857143,0.0,1416,1440,1
sionna,PUSCH,Table 1,8,10,18.214285714285715,0.0,1416,1440,1
sionna,PUSCH,Table 1,8,10,20.0,0.0,1416,1440,1
sionna,PUSCH,Table 1,8,100,-5.0,1.0,14088,7744,2
sionna,PUSCH,Table 1,8,100,-3.2142857142857144,1.0,14088,7744,2
sionna,PUSCH,Table 1,8,100,-1.4285714285714284,1.0,14088,7744,2
sionna,PUSCH,Table 1,8,100,0.35714285714285765,1.0,14088,7744,2
sionna,PUSCH,Table 1,8,100,2.1428571428571432,0.674149314628707,14088,7744,2
sionna,PUSCH,Table 1,8,100,3.928571428571429,0.0,14088,7744,2
sionna,PUSCH,Table 1,8,100,5.714285714285715,0.0,14088,7744,2
sionna,PUSCH,Table 1,8,100,7.5,0.0,14088,7744,2
sionna,PUSCH,Table 1,8,100,9.285714285714286,0.0,14088,7744,2
sionna,PUSCH,Table 1,8,100,11.071428571428573,0.0,14088,7744,2
sionna,PUSCH,Table 1,8,100,12.857142857142858,0.0,14088,7744,2
sionna,PUSCH,Table 1,8,100,14.642857142857142,0.0,14088,7744,2
sionna,PUSCH,Table 1,8,100,16.42857142857143,0.0,14088,7744,2
sionna,PUSCH,Table 1,8,100,18.214285714285715,0.0,14088,7744,2
sionna,PUSCH,Table 1,8,100,20.0,0.0,14088,7744,2
sionna,PUSCH,Table 1,8,200,-5.0,1.0,28168,7744,4
sionna,PUSCH,Table 1,8,200,-3.2142857142857144,1.0,28168,7744,4
sionna,PUSCH,Table 1,8,200,-1.4285714285714284,1.0,28168,7744,4
sionna,PUSCH,Table 1,8,200,0.35714285714285765,1.0,28168,7744,4
sionna,PUSCH,Table 1,8,200,2.1428571428571432,0.8938213308430586,28168,7744,4
sionna,PUSCH,Table 1,8,200,3.928571428571429,0.0,28168,7744,4
sionna,PUSCH,Table 1,8,200,5.714285714285715,0.0,28168,7744,4
sionna,PUSCH,Table 1,8,200,7.5,0.0,28168,7744,4
sionna,PUSCH,Table 1,8,200,9.285714285714286,0.0,28168,7744,4
sionna,PUSCH,Table 1,8,200,11.071428571428573,0.0,28168,7744,4
sionna,PUSCH,Table 1,8,200,12.857142857142858,0.0,28168,7744,4
sionna,PUSCH,Table 1,8,200,14.642857142857142,0.0,28168,7744,4
sionna,PUSCH,Table 1,8,200,16.42857142857143,0.0,28168,7744,4
sionna,PUSCH,Table 1,8,200,18.214285714285715,0.0,28168,7744,4
sionna,PUSCH,Table 1,8,200,20.0,0.0,28168,7744,4
sionna,PUSCH,Table 1,9,10,-5.0,1.0,1608,1760,1
sionna,PUSCH,Table 1,9,10,-3.2142857142857144,1.0,1608,1760,1
sionna,PUSCH,Table 1,9,10,-1.4285714285714284,1.0,1608,1760,1
sionna,PUSCH,Table 1,9,10,0.35714285714285765,1.0,1608,1760,1
sionna,PUSCH,Table 1,9,10,2.1428571428571432,0.9992000007629395,1608,1760,1
sionna,PUSCH,Table 1,9,10,3.928571428571429,0.0003199999965727285,1608,1760,1
sionna,PUSCH,Table 1,9,10,5.714285714285715,0.0,1608,1760,1
sionna,PUSCH,Table 1,9,10,7.5,0.0,1608,1760,1
sionna,PUSCH,Table 1,9,10,9.285714285714286,0.0,1608,1760,1
sionna,PUSCH,Table 1,9,10,11.071428571428573,0.0,1608,1760,1
sionna,PUSCH,Table 1,9,10,12.857142857142858,0.0,1608,1760,1
sionna,PUSCH,Table 1,9,10,14.642857142857142,0.0,1608,1760,1
sionna,PUSCH,Table 1,9,10,16.42857142857143,0.0,1608,1760,1
sionna,PUSCH,Table 1,9,10,18.214285714285715,0.0,1608,1760,1
sionna,PUSCH,Table 1,9,10,20.0,0.0,1608,1760,1
sionna,PUSCH,Table 1,9,100,-5.0,1.0,15880,8448,2
sionna,PUSCH,Table 1,9,100,-3.2142857142857144,1.0,15880,8448,2
sionna,PUSCH,Table 1,9,100,-1.4285714285714284,1.0,15880,8448,2
sionna,PUSCH,Table 1,9,100,0.35714285714285765,1.0,15880,8448,2
sionna,PUSCH,Table 1,9,100,2.1428571428571432,1.0,15880,8448,2
sionna,PUSCH,Table 1,9,100,3.928571428571429,0.0,15880,8448,2
sionna,PUSCH,Table 1,9,100,5.714285714285715,0.0,15880,8448,2
sionna,PUSCH,Table 1,9,100,7.5,0.0,15880,8448,2
sionna,PUSCH,Table 1,9,100,9.285714285714286,0.0,15880,8448,2
sionna,PUSCH,Table 1,9,100,11.071428571428573,0.0,15880,8448,2
sionna,PUSCH,Table 1,9,100,12.857142857142858,0.0,15880,8448,2
sionna,PUSCH,Table 1,9,100,14.642857142857142,0.0,15880,8448,2
sionna,PUSCH,Table 1,9,100,16.42857142857143,0.0,15880,8448,2
sionna,PUSCH,Table 1,9,100,18.214285714285715,0.0,15880,8448,2
sionna,PUSCH,Table 1,9,100,20.0,0.0,15880,8448,2
sionna,PUSCH,Table 1,9,200,-5.0,1.0,31752,8448,4
sionna,PUSCH,Table 1,9,200,-3.2142857142857144,1.0,31752,8448,4
sionna,PUSCH,Table 1,9,200,-1.4285714285714284,1.0,31752,8448,4
sionna,PUSCH,Table 1,9,200,0.35714285714285765,1.0,31752,8448,4
sionna,PUSCH,Table 1,9,200,2.1428571428571432,1.0,31752,8448,4
sionna,PUSCH,Table 1,9,200,3.928571428571429,0.0,31752,8448,4
sionna,PUSCH,Table 1,9,200,5.714285714285715,0.0,31752,8448,4
sionna,PUSCH,Table 1,9,200,7.5,0.0,31752,8448,4
sionna,PUSCH,Table 1,9,200,9.285714285714286,0.0,31752,8448,4
sionna,PUSCH,Table 1,9,200,11.071428571428573,0.0,31752,8448,4
sionna,PUSCH,Table 1,9,200,12.857142857142858,0.0,31752,8448,4
sionna,PUSCH,Table 1,9,200,14.642857142857142,0.0,31752,8448,4
sionna,PUSCH,Table 1,9,200,16.42857142857143,0.0,31752,8448,4
sionna,PUSCH,Table 1,9,200,18.214285714285715,0.0,31752,8448,4
sionna,PUSCH,Table 1,9,200,20.0,0.0,31752,8448,4
sionna,PUSCH,Table 1,10,10,-5.0,1.0,1608,1760,1
sionna,PUSCH,Table 1,10,10,-3.2142857142857144,1.0,1608,1760,1
sionna,PUSCH,Table 1,10,10,-1.4285714285714284,1.0,1608,1760,1
sionna,PUSCH,Table 1,10,10,0.35714285714285765,1.0,1608,1760,1
sionna,PUSCH,Table 1,10,10,2.1428571428571432,1.0,1608,1760,1
sionna,PUSCH,Table 1,10,10,3.928571428571429,0.004813333321362689,1608,1760,1
sionna,PUSCH,Table 1,10,10,5.714285714285715,0.0,1608,1760,1
sionna,PUSCH,Table 1,10,10,7.5,0.0,1608,1760,1
sionna,PUSCH,Table 1,10,10,9.285714285714286,0.0,1608,1760,1
sionna,PUSCH,Table 1,10,10,11.071428571428573,0.0,1608,1760,1
sionna,PUSCH,Table 1,10,10,12.857142857142858,0.0,1608,1760,1
sionna,PUSCH,Table 1,10,10,14.642857142857142,0.0,1608,1760,1
sionna,PUSCH,Table 1,10,10,16.42857142857143,0.0,1608,1760,1
sionna,PUSCH,Table 1,10,10,18.214285714285715,0.0,1608,1760,1
sionna,PUSCH,Table 1,10,10,20.0,0.0,1608,1760,1
sionna,PUSCH,Table 1,10,100,-5.0,1.0,15880,8448,2
sionna,PUSCH,Table 1,10,100,-3.2142857142857144,1.0,15880,8448,2
sionna,PUSCH,Table 1,10,100,-1.4285714285714284,1.0,15880,8448,2
sionna,PUSCH,Table 1,10,100,0.35714285714285765,1.0,15880,8448,2
sionna,PUSCH,Table 1,10,100,2.1428571428571432,1.0,15880,8448,2
sionna,PUSCH,Table 1,10,100,3.928571428571429,0.00466122205621422,15880,8448,2
sionna,PUSCH,Table 1,10,100,5.714285714285715,0.0,15880,8448,2
sionna,PUSCH,Table 1,10,100,7.5,0.0,15880,8448,2
sionna,PUSCH,Table 1,10,100,9.285714285714286,0.0,15880,8448,2
sionna,PUSCH,Table 1,10,100,11.071428571428573,0.0,15880,8448,2
sionna,PUSCH,Table 1,10,100,12.857142857142858,0.0,15880,8448,2
sionna,PUSCH,Table 1,10,100,14.642857142857142,0.0,15880,8448,2
sionna,PUSCH,Table 1,10,100,16.42857142857143,0.0,15880,8448,2
sionna,PUSCH,Table 1,10,100,18.214285714285715,0.0,15880,8448,2
sionna,PUSCH,Table 1,10,100,20.0,0.0,15880,8448,2
sionna,PUSCH,Table 1,10,200,-5.0,1.0,31752,8448,4
sionna,PUSCH,Table 1,10,200,-3.2142857142857144,1.0,31752,8448,4
sionna,PUSCH,Table 1,10,200,-1.4285714285714284,1.0,31752,8448,4
sionna,PUSCH,Table 1,10,200,0.35714285714285765,1.0,31752,8448,4
sionna,PUSCH,Table 1,10,200,2.1428571428571432,1.0,31752,8448,4
sionna,PUSCH,Table 1,10,200,3.928571428571429,0.009300717121371038,31752,8448,4
sionna,PUSCH,Table 1,10,200,5.714285714285715,0.0,31752,8448,4
sionna,PUSCH,Table 1,10,200,7.5,0.0,31752,8448,4
sionna,PUSCH,Table 1,10,200,9.285714285714286,0.0,31752,8448,4
sionna,PUSCH,Table 1,10,200,11.071428571428573,0.0,31752,8448,4
sionna,PUSCH,Table 1,10,200,12.857142857142858,0.0,31752,8448,4
sionna,PUSCH,Table 1,10,200,14.642857142857142,0.0,31752,8448,4
sionna,PUSCH,Table 1,10,200,16.42857142857143,0.0,31752,8448,4
sionna,PUSCH,Table 1,10,200,18.214285714285715,0.0,31752,8448,4
sionna,PUSCH,Table 1,10,200,20.0,0.0,31752,8448,4
sionna,PUSCH,Table 1,11,10,-5.0,1.0,1800,1920,1
sionna,PUSCH,Table 1,11,10,-3.2142857142857144,1.0,1800,1920,1
sionna,PUSCH,Table 1,11,10,-1.4285714285714284,1.0,1800,1920,1
sionna,PUSCH,Table 1,11,10,0.35714285714285765,1.0,1800,1920,1
sionna,PUSCH,Table 1,11,10,2.1428571428571432,1.0,1800,1920,1
sionna,PUSCH,Table 1,11,10,3.928571428571429,0.4834242534637452,1800,1920,1
sionna,PUSCH,Table 1,11,10,5.714285714285715,0.0,1800,1920,1
sionna,PUSCH,Table 1,11,10,7.5,0.0,1800,1920,1
sionna,PUSCH,Table 1,11,10,9.285714285714286,0.0,1800,1920,1
sionna,PUSCH,Table 1,11,10,11.071428571428573,0.0,1800,1920,1
sionna,PUSCH,Table 1,11,10,12.857142857142858,0.0,1800,1920,1
sionna,PUSCH,Table 1,11,10,14.642857142857142,0.0,1800,1920,1
sionna,PUSCH,Table 1,11,10,16.42857142857143,0.0,1800,1920,1
sionna,PUSCH,Table 1,11,10,18.214285714285715,0.0,1800,1920,1
sionna,PUSCH,Table 1,11,10,20.0,0.0,1800,1920,1
sionna,PUSCH,Table 1,11,100,-5.0,1.0,17928,6336,3
sionna,PUSCH,Table 1,11,100,-3.2142857142857144,1.0,17928,6336,3
sionna,PUSCH,Table 1,11,100,-1.4285714285714284,1.0,17928,6336,3
sionna,PUSCH,Table 1,11,100,0.35714285714285765,1.0,17928,6336,3
sionna,PUSCH,Table 1,11,100,2.1428571428571432,1.0,17928,6336,3
sionna,PUSCH,Table 1,11,100,3.928571428571429,0.8652095182127115,17928,6336,3
sionna,PUSCH,Table 1,11,100,5.714285714285715,0.0,17928,6336,3
sionna,PUSCH,Table 1,11,100,7.5,0.0,17928,6336,3
sionna,PUSCH,Table 1,11,100,9.285714285714286,0.0,17928,6336,3
sionna,PUSCH,Table 1,11,100,11.071428571428573,0.0,17928,6336,3
sionna,PUSCH,Table 1,11,100,12.857142857142858,0.0,17928,6336,3
sionna,PUSCH,Table 1,11,100,14.642857142857142,0.0,17928,6336,3
sionna,PUSCH,Table 1,11,100,16.42857142857143,0.0,17928,6336,3
sionna,PUSCH,Table 1,11,100,18.214285714285715,0.0,17928,6336,3
sionna,PUSCH,Table 1,11,100,20.0,0.0,17928,6336,3
sionna,PUSCH,Table 1,11,200,-5.0,1.0,35856,7744,5
sionna,PUSCH,Table 1,11,200,-3.2142857142857144,1.0,35856,7744,5
sionna,PUSCH,Table 1,11,200,-1.4285714285714284,1.0,35856,7744,5
sionna,PUSCH,Table 1,11,200,0.35714285714285765,1.0,35856,7744,5
sionna,PUSCH,Table 1,11,200,2.1428571428571432,1.0,35856,7744,5
sionna,PUSCH,Table 1,11,200,3.928571428571429,0.9645650321780104,35856,7744,5
sionna,PUSCH,Table 1,11,200,5.714285714285715,0.0,35856,7744,5
sionna,PUSCH,Table 1,11,200,7.5,0.0,35856,7744,5
sionna,PUSCH,Table 1,11,200,9.285714285714286,0.0,35856,7744,5
sionna,PUSCH,Table 1,11,200,11.071428571428573,0.0,35856,7744,5
sionna,PUSCH,Table 1,11,200,12.857142857142858,0.0,35856,7744,5
sionna,PUSCH,Table 1,11,200,14.642857142857142,0.0,35856,7744,5
sionna,PUSCH,Table 1,11,200,16.42857142857143,0.0,35856,7744,5
sionna,PUSCH,Table 1,11,200,18.214285714285715,0.0,35856,7744,5
sionna,PUSCH,Table 1,11,200,20.0,0.0,35856,7744,5
sionna,PUSCH,Table 1,12,10,-5.0,1.0,2088,2240,1
sionna,PUSCH,Table 1,12,10,-3.2142857142857144,1.0,2088,2240,1
sionna,PUSCH,Table 1,12,10,-1.4285714285714284,1.0,2088,2240,1
sionna,PUSCH,Table 1,12,10,0.35714285714285765,1.0,2088,2240,1
sionna,PUSCH,Table 1,12,10,2.1428571428571432,1.0,2088,2240,1
sionna,PUSCH,Table 1,12,10,3.928571428571429,1.0,2088,2240,1
sionna,PUSCH,Table 1,12,10,5.714285714285715,0.00033333332976326346,2088,2240,1
sionna,PUSCH,Table 1,12,10,7.5,0.0,2088,2240,1
sionna,PUSCH,Table 1,12,10,9.285714285714286,0.0,2088,2240,1
sionna,PUSCH,Table 1,12,10,11.071428571428573,0.0,2088,2240,1
sionna,PUSCH,Table 1,12,10,12.857142857142858,0.0,2088,2240,1
sionna,PUSCH,Table 1,12,10,14.642857142857142,0.0,2088,2240,1
sionna,PUSCH,Table 1,12,10,16.42857142857143,0.0,2088,2240,1
sionna,PUSCH,Table 1,12,10,18.214285714285715,0.0,2088,2240,1
sionna,PUSCH,Table 1,12,10,20.0,0.0,2088,2240,1
sionna,PUSCH,Table 1,12,100,-5.0,1.0,20496,7040,3
sionna,PUSCH,Table 1,12,100,-3.2142857142857144,1.0,20496,7040,3
sionna,PUSCH,Table 1,12,100,-1.4285714285714284,1.0,20496,7040,3
sionna,PUSCH,Table 1,12,100,0.35714285714285765,1.0,20496,7040,3
sionna,PUSCH,Table 1,12,100,2.1428571428571432,1.0,20496,7040,3
sionna,PUSCH,Table 1,12,100,3.928571428571429,1.0,20496,7040,3
sionna,PUSCH,Table 1,12,100,5.714285714285715,0.000999666693000667,20496,7040,3
sionna,PUSCH,Table 1,12,100,7.5,0.0,20496,7040,3
sionna,PUSCH,Table 1,12,100,9.285714285714286,0.0,20496,7040,3
sionna,PUSCH,Table 1,12,100,11.071428571428573,0.0,20496,7040,3
sionna,PUSCH,Table 1,12,100,12.857142857142858,0.0,20496,7040,3
sionna,PUSCH,Table 1,12,100,14.642857142857142,0.0,20496,7040,3
sionna,PUSCH,Table 1,12,100,16.42857142857143,0.0,20496,7040,3
sionna,PUSCH,Table 1,12,100,18.214285714285715,0.0,20496,7040,3
sionna,PUSCH,Table 1,12,100,20.0,0.0,20496,7040,3
sionna,PUSCH,Table 1,12,200,-5.0,1.0,40976,8448,5
sionna,PUSCH,Table 1,12,200,-3.2142857142857144,1.0,40976,8448,5
sionna,PUSCH,Table 1,12,200,-1.4285714285714284,1.0,40976,8448,5
sionna,PUSCH,Table 1,12,200,0.35714285714285765,1.0,40976,8448,5
sionna,PUSCH,Table 1,12,200,2.1428571428571432,1.0,40976,8448,5
sionna,PUSCH,Table 1,12,200,3.928571428571429,1.0,40976,8448,5
sionna,PUSCH,Table 1,12,200,5.714285714285715,0.0016655559080376303,40976,8448,5
sionna,PUSCH,Table 1,12,200,7.5,0.0,40976,8448,5
sionna,PUSCH,Table 1,12,200,9.285714285714286,0.0,40976,8448,5
sionna,PUSCH,Table 1,12,200,11.071428571428573,0.0,40976,8448,5
sionna,PUSCH,Table 1,12,200,12.857142857142858,0.0,40976,8448,5
sionna,PUSCH,Table 1,12,200,14.642857142857142,0.0,40976,8448,5
sionna,PUSCH,Table 1,12,200,16.42857142857143,0.0,40976,8448,5
sionna,PUSCH,Table 1,12,200,18.214285714285715,0.0,40976,8448,5
sionna,PUSCH,Table 1,12,200,20.0,0.0,40976,8448,5
sionna,PUSCH,Table 1,13,10,-5.0,1.0,2280,2400,1
sionna,PUSCH,Table 1,13,10,-3.2142857142857144,1.0,2280,2400,1
sionna,PUSCH,Table 1,13,10,-1.4285714285714284,1.0,2280,2400,1
sionna,PUSCH,Table 1,13,10,0.35714285714285765,1.0,2280,2400,1
sionna,PUSCH,Table 1,13,10,2.1428571428571432,1.0,2280,2400,1
sionna,PUSCH,Table 1,13,10,3.928571428571429,1.0,2280,2400,1
sionna,PUSCH,Table 1,13,10,5.714285714285715,0.6274999976158142,2280,2400,1
sionna,PUSCH,Table 1,13,10,7.5,0.0,2280,2400,1
sionna,PUSCH,Table 1,13,10,9.285714285714286,0.0,2280,2400,1
sionna,PUSCH,Table 1,13,10,11.071428571428573,0.0,2280,2400,1
sionna,PUSCH,Table 1,13,10,12.857142857142858,0.0,2280,2400,1
sionna,PUSCH,Table 1,13,10,14.642857142857142,0.0,2280,2400,1
sionna,PUSCH,Table 1,13,10,16.42857142857143,0.0,2280,2400,1
sionna,PUSCH,Table 1,13,10,18.214285714285715,0.0,2280,2400,1
sionna,PUSCH,Table 1,13,10,20.0,0.0,2280,2400,1
sionna,PUSCH,Table 1,13,100,-5.0,1.0,23040,7744,3
sionna,PUSCH,Table 1,13,100,-3.2142857142857144,1.0,23040,7744,3
sionna,PUSCH,Table 1,13,100,-1.4285714285714284,1.0,23040,7744,3
sionna,PUSCH,Table 1,13,100,0.35714285714285765,1.0,23040,7744,3
sionna,PUSCH,Table 1,13,100,2.1428571428571432,1.0,23040,7744,3
sionna,PUSCH,Table 1,13,100,3.928571428571429,1.0,23040,7744,3
sionna,PUSCH,Table 1,13,100,5.714285714285715,0.948313295882538,23040,7744,3
sionna,PUSCH,Table 1,13,100,7.5,0.0,23040,7744,3
sionna,PUSCH,Table 1,13,100,9.285714285714286,0.0,23040,7744,3
sionna,PUSCH,Table 1,13,100,11.071428571428573,0.0,23040,7744,3
sionna,PUSCH,Table 1,13,100,12.857142857142858,0.0,23040,7744,3
sionna,PUSCH,Table 1,13,100,14.642857142857142,0.0,23040,7744,3
sionna,PUSCH,Table 1,13,100,16.42857142857143,0.0,23040,7744,3
sionna,PUSCH,Table 1,13,100,18.214285714285715,0.0,23040,7744,3
sionna,PUSCH,Table 1,13,100,20.0,0.0,23040,7744,3
sionna,PUSCH,Table 1,13,200,-5.0,1.0,46104,7744,6
sionna,PUSCH,Table 1,13,200,-3.2142857142857144,1.0,46104,7744,6
sionna,PUSCH,Table 1,13,200,-1.4285714285714284,1.0,46104,7744,6
sionna,PUSCH,Table 1,13,200,0.35714285714285765,1.0,46104,7744,6
sionna,PUSCH,Table 1,13,200,2.1428571428571432,1.0,46104,7744,6
sionna,PUSCH,Table 1,13,200,3.928571428571429,1.0,46104,7744,6
sionna,PUSCH,Table 1,13,200,5.714285714285715,0.9973284846174739,46104,7744,6
sionna,PUSCH,Table 1,13,200,7.5,0.0,46104,7744,6
sionna,PUSCH,Table 1,13,200,9.285714285714286,0.0,46104,7744,6
sionna,PUSCH,Table 1,13,200,11.071428571428573,0.0,46104,7744,6
sionna,PUSCH,Table 1,13,200,12.857142857142858,0.0,46104,7744,6
sionna,PUSCH,Table 1,13,200,14.642857142857142,0.0,46104,7744,6
sionna,PUSCH,Table 1,13,200,16.42857142857143,0.0,46104,7744,6
sionna,PUSCH,Table 1,13,200,18.214285714285715,0.0,46104,7744,6
sionna,PUSCH,Table 1,13,200,20.0,0.0,46104,7744,6
sionna,PUSCH,Table 1,14,10,-5.0,1.0,2600,2880,1
sionna,PUSCH,Table 1,14,10,-3.2142857142857144,1.0,2600,2880,1
sionna,PUSCH,Table 1,14,10,-1.4285714285714284,1.0,2600,2880,1
sionna,PUSCH,Table 1,14,10,0.35714285714285765,1.0,2600,2880,1
sionna,PUSCH,Table 1,14,10,2.1428571428571432,1.0,2600,2880,1
sionna,PUSCH,Table 1,14,10,3.928571428571429,1.0,2600,2880,1
sionna,PUSCH,Table 1,14,10,5.714285714285715,1.0,2600,2880,1
sionna,PUSCH,Table 1,14,10,7.5,0.0013333333190530539,2600,2880,1
sionna,PUSCH,Table 1,14,10,9.285714285714286,0.0,2600,2880,1
sionna,PUSCH,Table 1,14,10,11.071428571428573,0.0,2600,2880,1
sionna,PUSCH,Table 1,14,10,12.857142857142858,0.0,2600,2880,1
sionna,PUSCH,Table 1,14,10,14.642857142857142,0.0,2600,2880,1
sionna,PUSCH,Table 1,14,10,16.42857142857143,0.0,2600,2880,1
sionna,PUSCH,Table 1,14,10,18.214285714285715,0.0,2600,2880,1
sionna,PUSCH,Table 1,14,10,20.0,0.0,2600,2880,1
sionna,PUSCH,Table 1,14,100,-5.0,1.0,26120,7040,4
sionna,PUSCH,Table 1,14,100,-3.2142857142857144,1.0,26120,7040,4
sionna,PUSCH,Table 1,14,100,-1.4285714285714284,1.0,26120,7040,4
sionna,PUSCH,Table 1,14,100,0.35714285714285765,1.0,26120,7040,4
sionna,PUSCH,Table 1,14,100,2.1428571428571432,1.0,26120,7040,4
sionna,PUSCH,Table 1,14,100,3.928571428571429,1.0,26120,7040,4
sionna,PUSCH,Table 1,14,100,5.714285714285715,1.0,26120,7040,4
sionna,PUSCH,Table 1,14,100,7.5,0.005322676088094669,26120,7040,4
sionna,PUSCH,Table 1,14,100,9.285714285714286,0.0,26120,7040,4
sionna,PUSCH,Table 1,14,100,11.071428571428573,0.0,26120,7040,4
sionna,PUSCH,Table 1,14,100,12.857142857142858,0.0,26120,7040,4
sionna,PUSCH,Table 1,14,100,14.642857142857142,0.0,26120,7040,4
sionna,PUSCH,Table 1,14,100,16.42857142857143,0.0,26120,7040,4
sionna,PUSCH,Table 1,14,100,18.214285714285715,0.0,26120,7040,4
sionna,PUSCH,Table 1,14,100,20.0,0.0,26120,7040,4
sionna,PUSCH,Table 1,14,200,-5.0,1.0,52224,7744,7
sionna,PUSCH,Table 1,14,200,-3.2142857142857144,1.0,52224,7744,7
sionna,PUSCH,Table 1,14,200,-1.4285714285714284,1.0,52224,7744,7
sionna,PUSCH,Table 1,14,200,0.35714285714285765,1.0,52224,7744,7
sionna,PUSCH,Table 1,14,200,2.1428571428571432,1.0,52224,7744,7
sionna,PUSCH,Table 1,14,200,3.928571428571429,1.0,52224,7744,7
sionna,PUSCH,Table 1,14,200,5.714285714285715,1.0,52224,7744,7
sionna,PUSCH,Table 1,14,200,7.5,0.009296082753269208,52224,7744,7
sionna,PUSCH,Table 1,14,200,9.285714285714286,0.0,52224,7744,7
sionna,PUSCH,Table 1,14,200,11.071428571428573,0.0,52224,7744,7
sionna,PUSCH,Table 1,14,200,12.857142857142858,0.0,52224,7744,7
sionna,PUSCH,Table 1,14,200,14.642857142857142,0.0,52224,7744,7
sionna,PUSCH,Table 1,14,200,16.42857142857143,0.0,52224,7744,7
sionna,PUSCH,Table 1,14,200,18.214285714285715,0.0,52224,7744,7
sionna,PUSCH,Table 1,14,200,20.0,0.0,52224,7744,7
sionna,PUSCH,Table 1,15,10,-5.0,1.0,2976,3200,1
sionna,PUSCH,Table 1,15,10,-3.2142857142857144,1.0,2976,3200,1
sionna,PUSCH,Table 1,15,10,-1.4285714285714284,1.0,2976,3200,1
sionna,PUSCH,Table 1,15,10,0.35714285714285765,1.0,2976,3200,1
sionna,PUSCH,Table 1,15,10,2.1428571428571432,1.0,2976,3200,1
sionna,PUSCH,Table 1,15,10,3.928571428571429,1.0,2976,3200,1
sionna,PUSCH,Table 1,15,10,5.714285714285715,1.0,2976,3200,1
sionna,PUSCH,Table 1,15,10,7.5,0.8733333349227905,2976,3200,1
sionna,PUSCH,Table 1,15,10,9.285714285714286,0.0,2976,3200,1
sionna,PUSCH,Table 1,15,10,11.071428571428573,0.0,2976,3200,1
sionna,PUSCH,Table 1,15,10,12.857142857142858,0.0,2976,3200,1
sionna,PUSCH,Table 1,15,10,14.642857142857142,0.0,2976,3200,1
sionna,PUSCH,Table 1,15,10,16.42857142857143,0.0,2976,3200,1
sionna,PUSCH,Table 1,15,10,18.214285714285715,0.0,2976,3200,1
sionna,PUSCH,Table 1,15,10,20.0,0.0,2976,3200,1
sionna,PUSCH,Table 1,15,100,-5.0,1.0,28680,7744,4
sionna,PUSCH,Table 1,15,100,-3.2142857142857144,1.0,28680,7744,4
sionna,PUSCH,Table 1,15,100,-1.4285714285714284,1.0,28680,7744,4
sionna,PUSCH,Table 1,15,100,0.35714285714285765,1.0,28680,7744,4
sionna,PUSCH,Table 1,15,100,2.1428571428571432,1.0,28680,7744,4
sionna,PUSCH,Table 1,15,100,3.928571428571429,1.0,28680,7744,4
sionna,PUSCH,Table 1,15,100,5.714285714285715,1.0,28680,7744,4
sionna,PUSCH,Table 1,15,100,7.5,0.9997425758153902,28680,7744,4
sionna,PUSCH,Table 1,15,100,9.285714285714286,0.0,28680,7744,4
sionna,PUSCH,Table 1,15,100,11.071428571428573,0.0,28680,7744,4
sionna,PUSCH,Table 1,15,100,12.857142857142858,0.0,28680,7744,4
sionna,PUSCH,Table 1,15,100,14.642857142857142,0.0,28680,7744,4
sionna,PUSCH,Table 1,15,100,16.42857142857143,0.0,28680,7744,4
sionna,PUSCH,Table 1,15,100,18.214285714285715,0.0,28680,7744,4
sionna,PUSCH,Table 1,15,100,20.0,0.0,28680,7744,4
sionna,PUSCH,Table 1,15,200,-5.0,1.0,57376,8448,7
sionna,PUSCH,Table 1,15,200,-3.2142857142857144,1.0,57376,8448,7
sionna,PUSCH,Table 1,15,200,-1.4285714285714284,1.0,57376,8448,7
sionna,PUSCH,Table 1,15,200,0.35714285714285765,1.0,57376,8448,7
sionna,PUSCH,Table 1,15,200,2.1428571428571432,1.0,57376,8448,7
sionna,PUSCH,Table 1,15,200,3.928571428571429,1.0,57376,8448,7
sionna,PUSCH,Table 1,15,200,5.714285714285715,1.0,57376,8448,7
sionna,PUSCH,Table 1,15,200,7.5,0.9999994768378028,57376,8448,7
sionna,PUSCH,Table 1,15,200,9.285714285714286,0.0,57376,8448,7
sionna,PUSCH,Table 1,15,200,11.071428571428573,0.0,57376,8448,7
sionna,PUSCH,Table 1,15,200,12.857142857142858,0.0,57376,8448,7
sionna,PUSCH,Table 1,15,200,14.642857142857142,0.0,57376,8448,7
sionna,PUSCH,Table 1,15,200,16.42857142857143,0.0,57376,8448,7
sionna,PUSCH,Table 1,15,200,18.214285714285715,0.0,57376,8448,7
sionna,PUSCH,Table 1,15,200,20.0,0.0,57376,8448,7
sionna,PUSCH,Table 1,16,10,-5.0,1.0,3104,3200,1
sionna,PUSCH,Table 1,16,10,-3.2142857142857144,1.0,3104,3200,1
sionna,PUSCH,Table 1,16,10,-1.4285714285714284,1.0,3104,3200,1
sionna,PUSCH,Table 1,16,10,0.35714285714285765,1.0,3104,3200,1
sionna,PUSCH,Table 1,16,10,2.1428571428571432,1.0,3104,3200,1
sionna,PUSCH,Table 1,16,10,3.928571428571429,1.0,3104,3200,1
sionna,PUSCH,Table 1,16,10,5.714285714285715,1.0,3104,3200,1
sionna,PUSCH,Table 1,16,10,7.5,1.0,3104,3200,1
sionna,PUSCH,Table 1,16,10,9.285714285714286,0.00033333332976326346,3104,3200,1
sionna,PUSCH,Table 1,16,10,11.071428571428573,0.0,3104,3200,1
sionna,PUSCH,Table 1,16,10,12.857142857142858,0.0,3104,3200,1
sionna,PUSCH,Table 1,16,10,14.642857142857142,0.0,3104,3200,1
sionna,PUSCH,Table 1,16,10,16.42857142857143,0.0,3104,3200,1
sionna,PUSCH,Table 1,16,10,18.214285714285715,0.0,3104,3200,1
sionna,PUSCH,Table 1,16,10,20.0,0.0,3104,3200,1
sionna,PUSCH,Table 1,16,100,-5.0,1.0,30728,7744,4
sionna,PUSCH,Table 1,16,100,-3.2142857142857144,1.0,30728,7744,4
sionna,PUSCH,Table 1,16,100,-1.4285714285714284,1.0,30728,7744,4
sionna,PUSCH,Table 1,16,100,0.35714285714285765,1.0,30728,7744,4
sionna,PUSCH,Table 1,16,100,2.1428571428571432,1.0,30728,7744,4
sionna,PUSCH,Table 1,16,100,3.928571428571429,1.0,30728,7744,4
sionna,PUSCH,Table 1,16,100,5.714285714285715,1.0,30728,7744,4
sionna,PUSCH,Table 1,16,100,7.5,1.0,30728,7744,4
sionna,PUSCH,Table 1,16,100,9.285714285714286,0.0013326668005364528,30728,7744,4
sionna,PUSCH,Table 1,16,100,11.071428571428573,0.0,30728,7744,4
sionna,PUSCH,Table 1,16,100,12.857142857142858,0.0,30728,7744,4
sionna,PUSCH,Table 1,16,100,14.642857142857142,0.0,30728,7744,4
sionna,PUSCH,Table 1,16,100,16.42857142857143,0.0,30728,7744,4
sionna,PUSCH,Table 1,16,100,18.214285714285715,0.0,30728,7744,4
sionna,PUSCH,Table 1,16,100,20.0,0.0,30728,7744,4
sionna,PUSCH,Table 1,16,200,-5.0,1.0,61480,7744,8
sionna,PUSCH,Table 1,16,200,-3.2142857142857144,1.0,61480,7744,8
sionna,PUSCH,Table 1,16,200,-1.4285714285714284,1.0,61480,7744,8
sionna,PUSCH,Table 1,16,200,0.35714285714285765,1.0,61480,7744,8
sionna,PUSCH,Table 1,16,200,2.1428571428571432,1.0,61480,7744,8
sionna,PUSCH,Table 1,16,200,3.928571428571429,1.0,61480,7744,8
sionna,PUSCH,Table 1,16,200,5.714285714285715,1.0,61480,7744,8
sionna,PUSCH,Table 1,16,200,7.5,1.0,61480,7744,8
sionna,PUSCH,Table 1,16,200,9.285714285714286,0.0026635576002717043,61480,7744,8
sionna,PUSCH,Table 1,16,200,11.071428571428573,0.0,61480,7744,8
sionna,PUSCH,Table 1,16,200,12.857142857142858,0.0,61480,7744,8
sionna,PUSCH,Table 1,16,200,14.642857142857142,0.0,61480,7744,8
sionna,PUSCH,Table 1,16,200,16.42857142857143,0.0,61480,7744,8
sionna,PUSCH,Table 1,16,200,18.214285714285715,0.0,61480,7744,8
sionna,PUSCH,Table 1,16,200,20.0,0.0,61480,7744,8
sionna,PUSCH,Table 1,17,10,-5.0,1.0,3104,3200,1
sionna,PUSCH,Table 1,17,10,-3.2142857142857144,1.0,3104,3200,1
sionna,PUSCH,Table 1,17,10,-1.4285714285714284,1.0,3104,3200,1
sionna,PUSCH,Table 1,17,10,0.35714285714285765,1.0,3104,3200,1
sionna,PUSCH,Table 1,17,10,2.1428571428571432,1.0,3104,3200,1
sionna,PUSCH,Table 1,17,10,3.928571428571429,1.0,3104,3200,1
sionna,PUSCH,Table 1,17,10,5.714285714285715,1.0,3104,3200,1
sionna,PUSCH,Table 1,17,10,7.5,1.0,3104,3200,1
sionna,PUSCH,Table 1,17,10,9.285714285714286,0.6924999952316284,3104,3200,1
sionna,PUSCH,Table 1,17,10,11.071428571428573,0.0,3104,3200,1
sionna,PUSCH,Table 1,17,10,12.857142857142858,0.0,3104,3200,1
sionna,PUSCH,Table 1,17,10,14.642857142857142,0.0,3104,3200,1
sionna,PUSCH,Table 1,17,10,16.42857142857143,0.0,3104,3200,1
sionna,PUSCH,Table 1,17,10,18.214285714285715,0.0,3104,3200,1
sionna,PUSCH,Table 1,17,10,20.0,0.0,3104,3200,1
sionna,PUSCH,Table 1,17,100,-5.0,1.0,30728,7744,4
sionna,PUSCH,Table 1,17,100,-3.2142857142857144,1.0,30728,7744,4
sionna,PUSCH,Table 1,17,100,-1.4285714285714284,1.0,30728,7744,4
sionna,PUSCH,Table 1,17,100,0.35714285714285765,1.0,30728,7744,4
sionna,PUSCH,Table 1,17,100,2.1428571428571432,1.0,30728,7744,4
sionna,PUSCH,Table 1,17,100,3.928571428571429,1.0,30728,7744,4
sionna,PUSCH,Table 1,17,100,5.714285714285715,1.0,30728,7744,4
sionna,PUSCH,Table 1,17,100,7.5,1.0,30728,7744,4
sionna,PUSCH,Table 1,17,100,9.285714285714286,0.9910591150313559,30728,7744,4
sionna,PUSCH,Table 1,17,100,11.071428571428573,0.0,30728,7744,4
sionna,PUSCH,Table 1,17,100,12.857142857142858,0.0,30728,7744,4
sionna,PUSCH,Table 1,17,100,14.642857142857142,0.0,30728,7744,4
sionna,PUSCH,Table 1,17,100,16.42857142857143,0.0,30728,7744,4
sionna,PUSCH,Table 1,17,100,18.214285714285715,0.0,30728,7744,4
sionna,PUSCH,Table 1,17,100,20.0,0.0,30728,7744,4
sionna,PUSCH,Table 1,17,200,-5.0,1.0,61480,7744,8
sionna,PUSCH,Table 1,17,200,-3.2142857142857144,1.0,61480,7744,8
sionna,PUSCH,Table 1,17,200,-1.4285714285714284,1.0,61480,7744,8
sionna,PUSCH,Table 1,17,200,0.35714285714285765,1.0,61480,7744,8
sionna,PUSCH,Table 1,17,200,2.1428571428571432,1.0,61480,7744,8
sionna,PUSCH,Table 1,17,200,3.928571428571429,1.0,61480,7744,8
sionna,PUSCH,Table 1,17,200,5.714285714285715,1.0,61480,7744,8
sionna,PUSCH,Table 1,17,200,7.5,1.0,61480,7744,8
sionna,PUSCH,Table 1,17,200,9.285714285714286,0.9999200605759775,61480,7744,8
sionna,PUSCH,Table 1,17,200,11.071428571428573,0.0,61480,7744,8
sionna,PUSCH,Table 1,17,200,12.857142857142858,0.0,61480,7744,8
sionna,PUSCH,Table 1,17,200,14.642857142857142,0.0,61480,7744,8
sionna,PUSCH,Table 1,17,200,16.42857142857143,0.0,61480,7744,8
sionna,PUSCH,Table 1,17,200,18.214285714285715,0.0,61480,7744,8
sionna,PUSCH,Table 1,17,200,20.0,0.0,61480,7744,8
sionna,PUSCH,Table 1,18,10,-5.0,1.0,3368,3520,1
sionna,PUSCH,Table 1,18,10,-3.2142857142857144,1.0,3368,3520,1
sionna,PUSCH,Table 1,18,10,-1.4285714285714284,1.0,3368,3520,1
sionna,PUSCH,Table 1,18,10,0.35714285714285765,1.0,3368,3520,1
sionna,PUSCH,Table 1,18,10,2.1428571428571432,1.0,3368,3520,1
sionna,PUSCH,Table 1,18,10,3.928571428571429,1.0,3368,3520,1
sionna,PUSCH,Table 1,18,10,5.714285714285715,1.0,3368,3520,1
sionna,PUSCH,Table 1,18,10,7.5,1.0,3368,3520,1
sionna,PUSCH,Table 1,18,10,9.285714285714286,1.0,3368,3520,1
sionna,PUSCH,Table 1,18,10,11.071428571428573,0.0063333334401249886,3368,3520,1
sionna,PUSCH,Table 1,18,10,12.857142857142858,0.0,3368,3520,1
sionna,PUSCH,Table 1,18,10,14.642857142857142,0.0,3368,3520,1
sionna,PUSCH,Table 1,18,10,16.42857142857143,0.0,3368,3520,1
sionna,PUSCH,Table 1,18,10,18.214285714285715,0.0,3368,3520,1
sionna,PUSCH,Table 1,18,10,20.0,0.0,3368,3520,1
sionna,PUSCH,Table 1,18,100,-5.0,1.0,32776,8448,4
sionna,PUSCH,Table 1,18,100,-3.2142857142857144,1.0,32776,8448,4
sionna,PUSCH,Table 1,18,100,-1.4285714285714284,1.0,32776,8448,4
sionna,PUSCH,Table 1,18,100,0.35714285714285765,1.0,32776,8448,4
sionna,PUSCH,Table 1,18,100,2.1428571428571432,1.0,32776,8448,4
sionna,PUSCH,Table 1,18,100,3.928571428571429,1.0,32776,8448,4
sionna,PUSCH,Table 1,18,100,5.714285714285715,1.0,32776,8448,4
sionna,PUSCH,Table 1,18,100,7.5,1.0,32776,8448,4
sionna,PUSCH,Table 1,18,100,9.285714285714286,1.0,32776,8448,4
sionna,PUSCH,Table 1,18,100,11.071428571428573,0.02509368162501535,32776,8448,4
sionna,PUSCH,Table 1,18,100,12.857142857142858,0.0,32776,8448,4
sionna,PUSCH,Table 1,18,100,14.642857142857142,0.0,32776,8448,4
sionna,PUSCH,Table 1,18,100,16.42857142857143,0.0,32776,8448,4
sionna,PUSCH,Table 1,18,100,18.214285714285715,0.0,32776,8448,4
sionna,PUSCH,Table 1,18,100,20.0,0.0,32776,8448,4
sionna,PUSCH,Table 1,18,200,-5.0,1.0,65576,8448,8
sionna,PUSCH,Table 1,18,200,-3.2142857142857144,1.0,65576,8448,8
sionna,PUSCH,Table 1,18,200,-1.4285714285714284,1.0,65576,8448,8
sionna,PUSCH,Table 1,18,200,0.35714285714285765,1.0,65576,8448,8
sionna,PUSCH,Table 1,18,200,2.1428571428571432,1.0,65576,8448,8
sionna,PUSCH,Table 1,18,200,3.928571428571429,1.0,65576,8448,8
sionna,PUSCH,Table 1,18,200,5.714285714285715,1.0,65576,8448,8
sionna,PUSCH,Table 1,18,200,7.5,1.0,65576,8448,8
sionna,PUSCH,Table 1,18,200,9.285714285714286,1.0,65576,8448,8
sionna,PUSCH,Table 1,18,200,11.071428571428573,0.049557670392533004,65576,8448,8
sionna,PUSCH,Table 1,18,200,12.857142857142858,0.0,65576,8448,8
sionna,PUSCH,Table 1,18,200,14.642857142857142,0.0,65576,8448,8
sionna,PUSCH,Table 1,18,200,16.42857142857143,0.0,65576,8448,8
sionna,PUSCH,Table 1,18,200,18.214285714285715,0.0,65576,8448,8
sionna,PUSCH,Table 1,18,200,20.0,0.0,65576,8448,8
sionna,PUSCH,Table 1,19,10,-5.0,1.0,3624,3840,1
sionna,PUSCH,Table 1,19,10,-3.2142857142857144,1.0,3624,3840,1
sionna,PUSCH,Table 1,19,10,-1.4285714285714284,1.0,3624,3840,1
sionna,PUSCH,Table 1,19,10,0.35714285714285765,1.0,3624,3840,1
sionna,PUSCH,Table 1,19,10,2.1428571428571432,1.0,3624,3840,1
sionna,PUSCH,Table 1,19,10,3.928571428571429,1.0,3624,3840,1
sionna,PUSCH,Table 1,19,10,5.714285714285715,1.0,3624,3840,1
sionna,PUSCH,Table 1,19,10,7.5,1.0,3624,3840,1
sionna,PUSCH,Table 1,19,10,9.285714285714286,1.0,3624,3840,1
sionna,PUSCH,Table 1,19,10,11.071428571428573,0.9066666960716248,3624,3840,1
sionna,PUSCH,Table 1,19,10,12.857142857142858,0.0,3624,3840,1
sionna,PUSCH,Table 1,19,10,14.642857142857142,0.0,3624,3840,1
sionna,PUSCH,Table 1,19,10,16.42857142857143,0.0,3624,3840,1
sionna,PUSCH,Table 1,19,10,18.214285714285715,0.0,3624,3840,1
sionna,PUSCH,Table 1,19,10,20.0,0.0,3624,3840,1
sionna,PUSCH,Table 1,19,100,-5.0,1.0,35856,7744,5
sionna,PUSCH,Table 1,19,100,-3.2142857142857144,1.0,35856,7744,5
sionna,PUSCH,Table 1,19,100,-1.4285714285714284,1.0,35856,7744,5
sionna,PUSCH,Table 1,19,100,0.35714285714285765,1.0,35856,7744,5
sionna,PUSCH,Table 1,19,100,2.1428571428571432,1.0,35856,7744,5
sionna,PUSCH,Table 1,19,100,3.928571428571429,1.0,35856,7744,5
sionna,PUSCH,Table 1,19,100,5.714285714285715,1.0,35856,7744,5
sionna,PUSCH,Table 1,19,100,7.5,1.0,35856,7744,5
sionna,PUSCH,Table 1,19,100,9.285714285714286,1.0,35856,7744,5
sionna,PUSCH,Table 1,19,100,11.071428571428573,0.9999929175551897,35856,7744,5
sionna,PUSCH,Table 1,19,100,12.857142857142858,0.0,35856,7744,5
sionna,PUSCH,Table 1,19,100,14.642857142857142,0.0,35856,7744,5
sionna,PUSCH,Table 1,19,100,16.42857142857143,0.0,35856,7744,5
sionna,PUSCH,Table 1,19,100,18.214285714285715,0.0,35856,7744,5
sionna,PUSCH,Table 1,19,100,20.0,0.0,35856,7744,5
sionna,PUSCH,Table 1,19,200,-5.0,1.0,71688,8448,9
sionna,PUSCH,Table 1,19,200,-3.2142857142857144,1.0,71688,8448,9
sionna,PUSCH,Table 1,19,200,-1.4285714285714284,1.0,71688,8448,9
sionna,PUSCH,Table 1,19,200,0.35714285714285765,1.0,71688,8448,9
sionna,PUSCH,Table 1,19,200,2.1428571428571432,1.0,71688,8448,9
sionna,PUSCH,Table 1,19,200,3.928571428571429,1.0,71688,8448,9
sionna,PUSCH,Table 1,19,200,5.714285714285715,1.0,71688,8448,9
sionna,PUSCH,Table 1,19,200,7.5,1.0,71688,8448,9
sionna,PUSCH,Table 1,19,200,9.285714285714286,1.0,71688,8448,9
sionna,PUSCH,Table 1,19,200,11.071428571428573,0.9999999994625602,71688,8448,9
sionna,PUSCH,Table 1,19,200,12.857142857142858,0.0,71688,8448,9
sionna,PUSCH,Table 1,19,200,14.642857142857142,0.0,71688,8448,9
sionna,PUSCH,Table 1,19,200,16.42857142857143,0.0,71688,8448,9
sionna,PUSCH,Table 1,19,200,18.214285714285715,0.0,71688,8448,9
sionna,PUSCH,Table 1,19,200,20.0,0.0,71688,8448,9
sionna,PUSCH,Table 1,20,10,-5.0,1.0,3968,4224,1
sionna,PUSCH,Table 1,20,10,-3.2142857142857144,1.0,3968,4224,1
sionna,PUSCH,Table 1,20,10,-1.4285714285714284,1.0,3968,4224,1
sionna,PUSCH,Table 1,20,10,0.35714285714285765,1.0,3968,4224,1
sionna,PUSCH,Table 1,20,10,2.1428571428571432,1.0,3968,4224,1
sionna,PUSCH,Table 1,20,10,3.928571428571429,1.0,3968,4224,1
sionna,PUSCH,Table 1,20,10,5.714285714285715,1.0,3968,4224,1
sionna,PUSCH,Table 1,20,10,7.5,1.0,3968,4224,1
sionna,PUSCH,Table 1,20,10,9.285714285714286,1.0,3968,4224,1
sionna,PUSCH,Table 1,20,10,11.071428571428573,1.0,3968,4224,1
sionna,PUSCH,Table 1,20,10,12.857142857142858,0.02666666731238365,3968,4224,1
sionna,PUSCH,Table 1,20,10,14.642857142857142,0.0,3968,4224,1
sionna,PUSCH,Table 1,20,10,16.42857142857143,0.0,3968,4224,1
sionna,PUSCH,Table 1,20,10,18.214285714285715,0.0,3968,4224,1
sionna,PUSCH,Table 1,20,10,20.0,0.0,3968,4224,1
sionna,PUSCH,Table 1,20,100,-5.0,1.0,39936,8448,5
sionna,PUSCH,Table 1,20,100,-3.2142857142857144,1.0,39936,8448,5
sionna,PUSCH,Table 1,20,100,-1.4285714285714284,1.0,39936,8448,5
sionna,PUSCH,Table 1,20,100,0.35714285714285765,1.0,39936,8448,5
sionna,PUSCH,Table 1,20,100,2.1428571428571432,1.0,39936,8448,5
sionna,PUSCH,Table 1,20,100,3.928571428571429,1.0,39936,8448,5
sionna,PUSCH,Table 1,20,100,5.714285714285715,1.0,39936,8448,5
sionna,PUSCH,Table 1,20,100,7.5,1.0,39936,8448,5
sionna,PUSCH,Table 1,20,100,9.285714285714286,1.0,39936,8448,5
sionna,PUSCH,Table 1,20,100,11.071428571428573,1.0,39936,8448,5
sionna,PUSCH,Table 1,20,100,12.857142857142858,0.12640933983929836,39936,8448,5
sionna,PUSCH,Table 1,20,100,14.642857142857142,0.0,39936,8448,5
sionna,PUSCH,Table 1,20,100,16.42857142857143,0.0,39936,8448,5
sionna,PUSCH,Table 1,20,100,18.214285714285715,0.0,39936,8448,5
sionna,PUSCH,Table 1,20,100,20.0,0.0,39936,8448,5
sionna,PUSCH,Table 1,20,200,-5.0,1.0,79896,8448,10
sionna,PUSCH,Table 1,20,200,-3.2142857142857144,1.0,79896,8448,10
sionna,PUSCH,Table 1,20,200,-1.4285714285714284,1.0,79896,8448,10
sionna,PUSCH,Table 1,20,200,0.35714285714285765,1.0,79896,8448,10
sionna,PUSCH,Table 1,20,200,2.1428571428571432,1.0,79896,8448,10
sionna,PUSCH,Table 1,20,200,3.928571428571429,1.0,79896,8448,10
sionna,PUSCH,Table 1,20,200,5.714285714285715,1.0,79896,8448,10
sionna,PUSCH,Table 1,20,200,7.5,1.0,79896,8448,10
sionna,PUSCH,Table 1,20,200,9.285714285714286,1.0,79896,8448,10
sionna,PUSCH,Table 1,20,200,11.071428571428573,1.0,79896,8448,10
sionna,PUSCH,Table 1,20,200,12.857142857142858,0.2368393584799895,79896,8448,10
sionna,PUSCH,Table 1,20,200,14.642857142857142,0.0,79896,8448,10
sionna,PUSCH,Table 1,20,200,16.42857142857143,0.0,79896,8448,10
sionna,PUSCH,Table 1,20,200,18.214285714285715,0.0,79896,8448,10
sionna,PUSCH,Table 1,20,200,20.0,0.0,79896,8448,10
sionna,PUSCH,Table 1,21,10,-5.0,1.0,4352,4576,1
sionna,PUSCH,Table 1,21,10,-3.2142857142857144,1.0,4352,4576,1
sionna,PUSCH,Table 1,21,10,-1.4285714285714284,1.0,4352,4576,1
sionna,PUSCH,Table 1,21,10,0.35714285714285765,1.0,4352,4576,1
sionna,PUSCH,Table 1,21,10,2.1428571428571432,1.0,4352,4576,1
sionna,PUSCH,Table 1,21,10,3.928571428571429,1.0,4352,4576,1
sionna,PUSCH,Table 1,21,10,5.714285714285715,1.0,4352,4576,1
sionna,PUSCH,Table 1,21,10,7.5,1.0,4352,4576,1
sionna,PUSCH,Table 1,21,10,9.285714285714286,1.0,4352,4576,1
sionna,PUSCH,Table 1,21,10,11.071428571428573,1.0,4352,4576,1
sionna,PUSCH,Table 1,21,10,12.857142857142858,0.9616666436195374,4352,4576,1
sionna,PUSCH,Table 1,21,10,14.642857142857142,0.0,4352,4576,1
sionna,PUSCH,Table 1,21,10,16.42857142857143,0.0,4352,4576,1
sionna,PUSCH,Table 1,21,10,18.214285714285715,0.0,4352,4576,1
sionna,PUSCH,Table 1,21,10,20.0,0.0,4352,4576,1
sionna,PUSCH,Table 1,21,100,-5.0,1.0,43032,7744,6
sionna,PUSCH,Table 1,21,100,-3.2142857142857144,1.0,43032,7744,6
sionna,PUSCH,Table 1,21,100,-1.4285714285714284,1.0,43032,7744,6
sionna,PUSCH,Table 1,21,100,0.35714285714285765,1.0,43032,7744,6
sionna,PUSCH,Table 1,21,100,2.1428571428571432,1.0,43032,7744,6
sionna,PUSCH,Table 1,21,100,3.928571428571429,1.0,43032,7744,6
sionna,PUSCH,Table 1,21,100,5.714285714285715,1.0,43032,7744,6
sionna,PUSCH,Table 1,21,100,7.5,1.0,43032,7744,6
sionna,PUSCH,Table 1,21,100,9.285714285714286,1.0,43032,7744,6
sionna,PUSCH,Table 1,21,100,11.071428571428573,1.0,43032,7744,6
sionna,PUSCH,Table 1,21,100,12.857142857142858,0.9999999968270656,43032,7744,6
sionna,PUSCH,Table 1,21,100,14.642857142857142,0.0,43032,7744,6
sionna,PUSCH,Table 1,21,100,16.42857142857143,0.0,43032,7744,6
sionna,PUSCH,Table 1,21,100,18.214285714285715,0.0,43032,7744,6
sionna,PUSCH,Table 1,21,100,20.0,0.0,43032,7744,6
sionna,PUSCH,Table 1,21,200,-5.0,1.0,86040,8448,11
sionna,PUSCH,Table 1,21,200,-3.2142857142857144,1.0,86040,8448,11
sionna,PUSCH,Table 1,21,200,-1.4285714285714284,1.0,86040,8448,11
sionna,PUSCH,Table 1,21,200,0.35714285714285765,1.0,86040,8448,11
sionna,PUSCH,Table 1,21,200,2.1428571428571432,1.0,86040,8448,11
sionna,PUSCH,Table 1,21,200,3.928571428571429,1.0,86040,8448,11
sionna,PUSCH,Table 1,21,200,5.714285714285715,1.0,86040,8448,11
sionna,PUSCH,Table 1,21,200,7.5,1.0,86040,8448,11
sionna,PUSCH,Table 1,21,200,9.285714285714286,1.0,86040,8448,11
sionna,PUSCH,Table 1,21,200,11.071428571428573,1.0,86040,8448,11
sionna,PUSCH,Table 1,21,200,12.857142857142858,0.9999999999999998,86040,8448,11
sionna,PUSCH,Table 1,21,200,14.642857142857142,0.0,86040,8448,11
sionna,PUSCH,Table 1,21,200,16.42857142857143,0.0,86040,8448,11
sionna,PUSCH,Table 1,21,200,18.214285714285715,0.0,86040,8448,11
sionna,PUSCH,Table 1,21,200,20.0,0.0,86040,8448,11
sionna,PUSCH,Table 1,22,10,-5.0,1.0,4608,4928,1
sionna,PUSCH,Table 1,22,10,-3.2142857142857144,1.0,4608,4928,1
sionna,PUSCH,Table 1,22,10,-1.4285714285714284,1.0,4608,4928,1
sionna,PUSCH,Table 1,22,10,0.35714285714285765,1.0,4608,4928,1
sionna,PUSCH,Table 1,22,10,2.1428571428571432,1.0,4608,4928,1
sionna,PUSCH,Table 1,22,10,3.928571428571429,1.0,4608,4928,1
sionna,PUSCH,Table 1,22,10,5.714285714285715,1.0,4608,4928,1
sionna,PUSCH,Table 1,22,10,7.5,1.0,4608,4928,1
sionna,PUSCH,Table 1,22,10,9.285714285714286,1.0,4608,4928,1
sionna,PUSCH,Table 1,22,10,11.071428571428573,1.0,4608,4928,1
sionna,PUSCH,Table 1,22,10,12.857142857142858,1.0,4608,4928,1
sionna,PUSCH,Table 1,22,10,14.642857142857142,0.060333333909511566,4608,4928,1
sionna,PUSCH,Table 1,22,10,16.42857142857143,0.0,4608,4928,1
sionna,PUSCH,Table 1,22,10,18.214285714285715,0.0,4608,4928,1
sionna,PUSCH,Table 1,22,10,20.0,0.0,4608,4928,1
sionna,PUSCH,Table 1,22,100,-5.0,1.0,47112,8448,6
sionna,PUSCH,Table 1,22,100,-3.2142857142857144,1.0,47112,8448,6
sionna,PUSCH,Table 1,22,100,-1.4285714285714284,1.0,47112,8448,6
sionna,PUSCH,Table 1,22,100,0.35714285714285765,1.0,47112,8448,6
sionna,PUSCH,Table 1,22,100,2.1428571428571432,1.0,47112,8448,6
sionna,PUSCH,Table 1,22,100,3.928571428571429,1.0,47112,8448,6
sionna,PUSCH,Table 1,22,100,5.714285714285715,1.0,47112,8448,6
sionna,PUSCH,Table 1,22,100,7.5,1.0,47112,8448,6
sionna,PUSCH,Table 1,22,100,9.285714285714286,1.0,47112,8448,6
sionna,PUSCH,Table 1,22,100,11.071428571428573,1.0,47112,8448,6
sionna,PUSCH,Table 1,22,100,12.857142857142858,1.0,47112,8448,6
sionna,PUSCH,Table 1,22,100,14.642857142857142,0.31159672888827894,47112,8448,6
sionna,PUSCH,Table 1,22,100,16.42857142857143,0.0,47112,8448,6
sionna,PUSCH,Table 1,22,100,18.214285714285715,0.0,47112,8448,6
sionna,PUSCH,Table 1,22,100,20.0,0.0,47112,8448,6
sionna,PUSCH,Table 1,22,200,-5.0,1.0,94248,8448,12
sionna,PUSCH,Table 1,22,200,-3.2142857142857144,1.0,94248,8448,12
sionna,PUSCH,Table 1,22,200,-1.4285714285714284,1.0,94248,8448,12
sionna,PUSCH,Table 1,22,200,0.35714285714285765,1.0,94248,8448,12
sionna,PUSCH,Table 1,22,200,2.1428571428571432,1.0,94248,8448,12
sionna,PUSCH,Table 1,22,200,3.928571428571429,1.0,94248,8448,12
sionna,PUSCH,Table 1,22,200,5.714285714285715,1.0,94248,8448,12
sionna,PUSCH,Table 1,22,200,7.5,1.0,94248,8448,12
sionna,PUSCH,Table 1,22,200,9.285714285714286,1.0,94248,8448,12
sionna,PUSCH,Table 1,22,200,11.071428571428573,1.0,94248,8448,12
sionna,PUSCH,Table 1,22,200,12.857142857142858,1.0,94248,8448,12
sionna,PUSCH,Table 1,22,200,14.642857142857142,0.5261009363226823,94248,8448,12
sionna,PUSCH,Table 1,22,200,16.42857142857143,0.0,94248,8448,12
sionna,PUSCH,Table 1,22,200,18.214285714285715,0.0,94248,8448,12
sionna,PUSCH,Table 1,22,200,20.0,0.0,94248,8448,12
sionna,PUSCH,Table 1,23,10,-5.0,1.0,4992,5280,1
sionna,PUSCH,Table 1,23,10,-3.2142857142857144,1.0,4992,5280,1
sionna,PUSCH,Table 1,23,10,-1.4285714285714284,1.0,4992,5280,1
sionna,PUSCH,Table 1,23,10,0.35714285714285765,1.0,4992,5280,1
sionna,PUSCH,Table 1,23,10,2.1428571428571432,1.0,4992,5280,1
sionna,PUSCH,Table 1,23,10,3.928571428571429,1.0,4992,5280,1
sionna,PUSCH,Table 1,23,10,5.714285714285715,1.0,4992,5280,1
sionna,PUSCH,Table 1,23,10,7.5,1.0,4992,5280,1
sionna,PUSCH,Table 1,23,10,9.285714285714286,1.0,4992,5280,1
sionna,PUSCH,Table 1,23,10,11.071428571428573,1.0,4992,5280,1
sionna,PUSCH,Table 1,23,10,12.857142857142858,1.0,4992,5280,1
sionna,PUSCH,Table 1,23,10,14.642857142857142,0.9900000095367432,4992,5280,1
sionna,PUSCH,Table 1,23,10,16.42857142857143,0.0,4992,5280,1
sionna,PUSCH,Table 1,23,10,18.214285714285715,0.0,4992,5280,1
sionna,PUSCH,Table 1,23,10,20.0,0.0,4992,5280,1
sionna,PUSCH,Table 1,23,100,-5.0,1.0,50184,8448,6
sionna,PUSCH,Table 1,23,100,-3.2142857142857144,1.0,50184,8448,6
sionna,PUSCH,Table 1,23,100,-1.4285714285714284,1.0,50184,8448,6
sionna,PUSCH,Table 1,23,100,0.35714285714285765,1.0,50184,8448,6
sionna,PUSCH,Table 1,23,100,2.1428571428571432,1.0,50184,8448,6
sionna,PUSCH,Table 1,23,100,3.928571428571429,1.0,50184,8448,6
sionna,PUSCH,Table 1,23,100,5.714285714285715,1.0,50184,8448,6
sionna,PUSCH,Table 1,23,100,7.5,1.0,50184,8448,6
sionna,PUSCH,Table 1,23,100,9.285714285714286,1.0,50184,8448,6
sionna,PUSCH,Table 1,23,100,11.071428571428573,1.0,50184,8448,6
sionna,PUSCH,Table 1,23,100,12.857142857142858,1.0,50184,8448,6
sionna,PUSCH,Table 1,23,100,14.642857142857142,0.999999999999,50184,8448,6
sionna,PUSCH,Table 1,23,100,16.42857142857143,0.0,50184,8448,6
sionna,PUSCH,Table 1,23,100,18.214285714285715,0.0,50184,8448,6
sionna,PUSCH,Table 1,23,100,20.0,0.0,50184,8448,6
sionna,PUSCH,Table 1,23,200,-5.0,1.0,100392,8448,12
sionna,PUSCH,Table 1,23,200,-3.2142857142857144,1.0,100392,8448,12
sionna,PUSCH,Table 1,23,200,-1.4285714285714284,1.0,100392,8448,12
sionna,PUSCH,Table 1,23,200,0.35714285714285765,1.0,100392,8448,12
sionna,PUSCH,Table 1,23,200,2.1428571428571432,1.0,100392,8448,12
sionna,PUSCH,Table 1,23,200,3.928571428571429,1.0,100392,8448,12
sionna,PUSCH,Table 1,23,200,5.714285714285715,1.0,100392,8448,12
sionna,PUSCH,Table 1,23,200,7.5,1.0,100392,8448,12
sionna,PUSCH,Table 1,23,200,9.285714285714286,1.0,100392,8448,12
sionna,PUSCH,Table 1,23,200,11.071428571428573,1.0,100392,8448,12
sionna,PUSCH,Table 1,23,200,12.857142857142858,1.0,100392,8448,12
sionna,PUSCH,Table 1,23,200,14.642857142857142,1.0,100392,8448,12
sionna,PUSCH,Table 1,23,200,16.42857142857143,0.0,100392,8448,12
sionna,PUSCH,Table 1,23,200,18.214285714285715,0.0,100392,8448,12
sionna,PUSCH,Table 1,23,200,20.0,0.0,100392,8448,12
sionna,PUSCH,Table 1,24,10,-5.0,1.0,5376,5632,1
sionna,PUSCH,Table 1,24,10,-3.2142857142857144,1.0,5376,5632,1
sionna,PUSCH,Table 1,24,10,-1.4285714285714284,1.0,5376,5632,1
sionna,PUSCH,Table 1,24,10,0.35714285714285765,1.0,5376,5632,1
sionna,PUSCH,Table 1,24,10,2.1428571428571432,1.0,5376,5632,1
sionna,PUSCH,Table 1,24,10,3.928571428571429,1.0,5376,5632,1
sionna,PUSCH,Table 1,24,10,5.714285714285715,1.0,5376,5632,1
sionna,PUSCH,Table 1,24,10,7.5,1.0,5376,5632,1
sionna,PUSCH,Table 1,24,10,9.285714285714286,1.0,5376,5632,1
sionna,PUSCH,Table 1,24,10,11.071428571428573,1.0,5376,5632,1
sionna,PUSCH,Table 1,24,10,12.857142857142858,1.0,5376,5632,1
sionna,PUSCH,Table 1,24,10,14.642857142857142,1.0,5376,5632,1
sionna,PUSCH,Table 1,24,10,16.42857142857143,0.15299999713897705,5376,5632,1
sionna,PUSCH,Table 1,24,10,18.214285714285715,0.0,5376,5632,1
sionna,PUSCH,Table 1,24,10,20.0,0.0,5376,5632,1
sionna,PUSCH,Table 1,24,100,-5.0,1.0,54296,8448,7
sionna,PUSCH,Table 1,24,100,-3.2142857142857144,1.0,54296,8448,7
sionna,PUSCH,Table 1,24,100,-1.4285714285714284,1.0,54296,8448,7
sionna,PUSCH,Table 1,24,100,0.35714285714285765,1.0,54296,8448,7
sionna,PUSCH,Table 1,24,100,2.1428571428571432,1.0,54296,8448,7
sionna,PUSCH,Table 1,24,100,3.928571428571429,1.0,54296,8448,7
sionna,PUSCH,Table 1,24,100,5.714285714285715,1.0,54296,8448,7
sionna,PUSCH,Table 1,24,100,7.5,1.0,54296,8448,7
sionna,PUSCH,Table 1,24,100,9.285714285714286,1.0,54296,8448,7
sionna,PUSCH,Table 1,24,100,11.071428571428573,1.0,54296,8448,7
sionna,PUSCH,Table 1,24,100,12.857142857142858,1.0,54296,8448,7
sionna,PUSCH,Table 1,24,100,14.642857142857142,1.0,54296,8448,7
sionna,PUSCH,Table 1,24,100,16.42857142857143,0.6872596754066691,54296,8448,7
sionna,PUSCH,Table 1,24,100,18.214285714285715,0.0,54296,8448,7
sionna,PUSCH,Table 1,24,100,20.0,0.0,54296,8448,7
sionna,PUSCH,Table 1,24,200,-5.0,1.0,108552,8448,13
sionna,PUSCH,Table 1,24,200,-3.2142857142857144,1.0,108552,8448,13
sionna,PUSCH,Table 1,24,200,-1.4285714285714284,1.0,108552,8448,13
sionna,PUSCH,Table 1,24,200,0.35714285714285765,1.0,108552,8448,13
sionna,PUSCH,Table 1,24,200,2.1428571428571432,1.0,108552,8448,13
sionna,PUSCH,Table 1,24,200,3.928571428571429,1.0,108552,8448,13
sionna,PUSCH,Table 1,24,200,5.714285714285715,1.0,108552,8448,13
sionna,PUSCH,Table 1,24,200,7.5,1.0,108552,8448,13
sionna,PUSCH,Table 1,24,200,9.285714285714286,1.0,108552,8448,13
sionna,PUSCH,Table 1,24,200,11.071428571428573,1.0,108552,8448,13
sionna,PUSCH,Table 1,24,200,12.857142857142858,1.0,108552,8448,13
sionna,PUSCH,Table 1,24,200,14.642857142857142,1.0,108552,8448,13
sionna,PUSCH,Table 1,24,200,16.42857142857143,0.8845259618696952,108552,8448,13
sionna,PUSCH,Table 1,24,200,18.214285714285715,0.0,108552,8448,13
sionna,PUSCH,Table 1,24,200,20.0,0.0,108552,8448,13
sionna,PUSCH,Table 1,25,10,-5.0,1.0,5760,6336,1
sionna,PUSCH,Table 1,25,10,-3.2142857142857144,1.0,5760,6336,1
sionna,PUSCH,Table 1,25,10,-1.4285714285714284,1.0,5760,6336,1
sionna,PUSCH,Table 1,25,10,0.35714285714285765,1.0,5760,6336,1
sionna,PUSCH,Table 1,25,10,2.1428571428571432,1.0,5760,6336,1
sionna,PUSCH,Table 1,25,10,3.928571428571429,1.0,5760,6336,1
sionna,PUSCH,Table 1,25,10,5.714285714285715,1.0,5760,6336,1
sionna,PUSCH,Table 1,25,10,7.5,1.0,5760,6336,1
sionna,PUSCH,Table 1,25,10,9.285714285714286,1.0,5760,6336,1
sionna,PUSCH,Table 1,25,10,11.071428571428573,1.0,5760,6336,1
sionna,PUSCH,Table 1,25,10,12.857142857142858,1.0,5760,6336,1
sionna,PUSCH,Table 1,25,10,14.642857142857142,1.0,5760,6336,1
sionna,PUSCH,Table 1,25,10,16.42857142857143,0.9983333349227905,5760,6336,1
sionna,PUSCH,Table 1,25,10,18.214285714285715,0.0013333333190530539,5760,6336,1
sionna,PUSCH,Table 1,25,10,20.0,0.0,5760,6336,1
sionna,PUSCH,Table 1,25,100,-5.0,1.0,57376,8448,7
sionna,PUSCH,Table 1,25,100,-3.2142857142857144,1.0,57376,8448,7
sionna,PUSCH,Table 1,25,100,-1.4285714285714284,1.0,57376,8448,7
sionna,PUSCH,Table 1,25,100,0.35714285714285765,1.0,57376,8448,7
sionna,PUSCH,Table 1,25,100,2.1428571428571432,1.0,57376,8448,7
sionna,PUSCH,Table 1,25,100,3.928571428571429,1.0,57376,8448,7
sionna,PUSCH,Table 1,25,100,5.714285714285715,1.0,57376,8448,7
sionna,PUSCH,Table 1,25,100,7.5,1.0,57376,8448,7
sionna,PUSCH,Table 1,25,100,9.285714285714286,1.0,57376,8448,7
sionna,PUSCH,Table 1,25,100,11.071428571428573,1.0,57376,8448,7
sionna,PUSCH,Table 1,25,100,12.857142857142858,1.0,57376,8448,7
sionna,PUSCH,Table 1,25,100,14.642857142857142,1.0,57376,8448,7
sionna,PUSCH,Table 1,25,100,16.42857142857143,1.0,57376,8448,7
sionna,PUSCH,Table 1,25,100,18.214285714285715,0.009296082753269208,57376,8448,7
sionna,PUSCH,Table 1,25,100,20.0,0.0,57376,8448,7
sionna,PUSCH,Table 1,25,200,-5.0,1.0,114776,8448,14
sionna,PUSCH,Table 1,25,200,-3.2142857142857144,1.0,114776,8448,14
sionna,PUSCH,Table 1,25,200,-1.4285714285714284,1.0,114776,8448,14
sionna,PUSCH,Table 1,25,200,0.35714285714285765,1.0,114776,8448,14
sionna,PUSCH,Table 1,25,200,2.1428571428571432,1.0,114776,8448,14
sionna,PUSCH,Table 1,25,200,3.928571428571429,1.0,114776,8448,14
sionna,PUSCH,Table 1,25,200,5.714285714285715,1.0,114776,8448,14
sionna,PUSCH,Table 1,25,200,7.5,1.0,114776,8448,14
sionna,PUSCH,Table 1,25,200,9.285714285714286,1.0,114776,8448,14
sionna,PUSCH,Table 1,25,200,11.071428571428573,1.0,114776,8448,14
sionna,PUSCH,Table 1,25,200,12.857142857142858,1.0,114776,8448,14
sionna,PUSCH,Table 1,25,200,14.642857142857142,1.0,114776,8448,14
sionna,PUSCH,Table 1,25,200,16.42857142857143,1.0,114776,8448,14
sionna,PUSCH,Table 1,25,200,18.214285714285715,0.01850574835198282,114776,8448,14
sionna,PUSCH,Table 1,25,200,20.0,0.0,114776,8448,14
sionna,PUSCH,Table 1,26,10,-5.0,1.0,6144,6336,1
sionna,PUSCH,Table 1,26,10,-3.2142857142857144,1.0,6144,6336,1
sionna,PUSCH,Table 1,26,10,-1.4285714285714284,1.0,6144,6336,1
sionna,PUSCH,Table 1,26,10,0.35714285714285765,1.0,6144,6336,1
sionna,PUSCH,Table 1,26,10,2.1428571428571432,1.0,6144,6336,1
sionna,PUSCH,Table 1,26,10,3.928571428571429,1.0,6144,6336,1
sionna,PUSCH,Table 1,26,10,5.714285714285715,1.0,6144,6336,1
sionna,PUSCH,Table 1,26,10,7.5,1.0,6144,6336,1
sionna,PUSCH,Table 1,26,10,9.285714285714286,1.0,6144,6336,1
sionna,PUSCH,Table 1,26,10,11.071428571428573,1.0,6144,6336,1
sionna,PUSCH,Table 1,26,10,12.857142857142858,1.0,6144,6336,1
sionna,PUSCH,Table 1,26,10,14.642857142857142,1.0,6144,6336,1
sionna,PUSCH,Table 1,26,10,16.42857142857143,1.0,6144,6336,1
sionna,PUSCH,Table 1,26,10,18.214285714285715,0.2447618991136551,6144,6336,1
sionna,PUSCH,Table 1,26,10,20.0,0.0,6144,6336,1
sionna,PUSCH,Table 1,26,100,-5.0,1.0,61480,7744,8
sionna,PUSCH,Table 1,26,100,-3.2142857142857144,1.0,61480,7744,8
sionna,PUSCH,Table 1,26,100,-1.4285714285714284,1.0,61480,7744,8
sionna,PUSCH,Table 1,26,100,0.35714285714285765,1.0,61480,7744,8
sionna,PUSCH,Table 1,26,100,2.1428571428571432,1.0,61480,7744,8
sionna,PUSCH,Table 1,26,100,3.928571428571429,1.0,61480,7744,8
sionna,PUSCH,Table 1,26,100,5.714285714285715,1.0,61480,7744,8
sionna,PUSCH,Table 1,26,100,7.5,1.0,61480,7744,8
sionna,PUSCH,Table 1,26,100,9.285714285714286,1.0,61480,7744,8
sionna,PUSCH,Table 1,26,100,11.071428571428573,1.0,61480,7744,8
sionna,PUSCH,Table 1,26,100,12.857142857142858,1.0,61480,7744,8
sionna,PUSCH,Table 1,26,100,14.642857142857142,1.0,61480,7744,8
sionna,PUSCH,Table 1,26,100,16.42857142857143,1.0,61480,7744,8
sionna,PUSCH,Table 1,26,100,18.214285714285715,0.8941548087517821,61480,7744,8
sionna,PUSCH,Table 1,26,100,20.0,0.0,61480,7744,8
sionna,PUSCH,Table 1,26,200,-5.0,1.0,122976,8448,15
sionna,PUSCH,Table 1,26,200,-3.2142857142857144,1.0,122976,8448,15
sionna,PUSCH,Table 1,26,200,-1.4285714285714284,1.0,122976,8448,15
sionna,PUSCH,Table 1,26,200,0.35714285714285765,1.0,122976,8448,15
sionna,PUSCH,Table 1,26,200,2.1428571428571432,1.0,122976,8448,15
sionna,PUSCH,Table 1,26,200,3.928571428571429,1.0,122976,8448,15
sionna,PUSCH,Table 1,26,200,5.714285714285715,1.0,122976,8448,15
sionna,PUSCH,Table 1,26,200,7.5,1.0,122976,8448,15
sionna,PUSCH,Table 1,26,200,9.285714285714286,1.0,122976,8448,15
sionna,PUSCH,Table 1,26,200,11.071428571428573,1.0,122976,8448,15
sionna,PUSCH,Table 1,26,200,12.857142857142858,1.0,122976,8448,15
sionna,PUSCH,Table 1,26,200,14.642857142857142,1.0,122976,8448,15
sionna,PUSCH,Table 1,26,200,16.42857142857143,1.0,122976,8448,15
sionna,PUSCH,Table 1,26,200,18.214285714285715,0.9851659966608891,122976,8448,15
sionna,PUSCH,Table 1,26,200,20.0,0.0,122976,8448,15
sionna,PUSCH,Table 1,27,10,-5.0,1.0,6400,7040,1
sionna,PUSCH,Table 1,27,10,-3.2142857142857144,1.0,6400,7040,1
sionna,PUSCH,Table 1,27,10,-1.4285714285714284,1.0,6400,7040,1
sionna,PUSCH,Table 1,27,10,0.35714285714285765,1.0,6400,7040,1
sionna,PUSCH,Table 1,27,10,2.1428571428571432,1.0,6400,7040,1
sionna,PUSCH,Table 1,27,10,3.928571428571429,1.0,6400,7040,1
sionna,PUSCH,Table 1,27,10,5.714285714285715,1.0,6400,7040,1
sionna,PUSCH,Table 1,27,10,7.5,1.0,6400,7040,1
sionna,PUSCH,Table 1,27,10,9.285714285714286,1.0,6400,7040,1
sionna,PUSCH,Table 1,27,10,11.071428571428573,1.0,6400,7040,1
sionna,PUSCH,Table 1,27,10,12.857142857142858,1.0,6400,7040,1
sionna,PUSCH,Table 1,27,10,14.642857142857142,1.0,6400,7040,1
sionna,PUSCH,Table 1,27,10,16.42857142857143,1.0,6400,7040,1
sionna,PUSCH,Table 1,27,10,18.214285714285715,0.996666669845581,6400,7040,1
sionna,PUSCH,Table 1,27,10,20.0,0.003666666569188237,6400,7040,1
sionna,PUSCH,Table 1,27,100,-5.0,1.0,63528,8448,8
sionna,PUSCH,Table 1,27,100,-3.2142857142857144,1.0,63528,8448,8
sionna,PUSCH,Table 1,27,100,-1.4285714285714284,1.0,63528,8448,8
sionna,PUSCH,Table 1,27,100,0.35714285714285765,1.0,63528,8448,8
sionna,PUSCH,Table 1,27,100,2.1428571428571432,1.0,63528,8448,8
sionna,PUSCH,Table 1,27,100,3.928571428571429,1.0,63528,8448,8
sionna,PUSCH,Table 1,27,100,5.714285714285715,1.0,63528,8448,8
sionna,PUSCH,Table 1,27,100,7.5,1.0,63528,8448,8
sionna,PUSCH,Table 1,27,100,9.285714285714286,1.0,63528,8448,8
sionna,PUSCH,Table 1,27,100,11.071428571428573,1.0,63528,8448,8
sionna,PUSCH,Table 1,27,100,12.857142857142858,1.0,63528,8448,8
sionna,PUSCH,Table 1,27,100,14.642857142857142,1.0,63528,8448,8
sionna,PUSCH,Table 1,27,100,16.42857142857143,1.0,63528,8448,8
sionna,PUSCH,Table 1,27,100,18.214285714285715,1.0,63528,8448,8
sionna,PUSCH,Table 1,27,100,20.0,0.02895963610578145,63528,8448,8
sionna,PUSCH,Table 1,27,200,-5.0,1.0,127080,8448,16
sionna,PUSCH,Table 1,27,200,-3.2142857142857144,1.0,127080,8448,16
sionna,PUSCH,Table 1,27,200,-1.4285714285714284,1.0,127080,8448,16
sionna,PUSCH,Table 1,27,200,0.35714285714285765,1.0,127080,8448,16
sionna,PUSCH,Table 1,27,200,2.1428571428571432,1.0,127080,8448,16
sionna,PUSCH,Table 1,27,200,3.928571428571429,1.0,127080,8448,16
sionna,PUSCH,Table 1,27,200,5.714285714285715,1.0,127080,8448,16
sionna,PUSCH,Table 1,27,200,7.5,1.0,127080,8448,16
sionna,PUSCH,Table 1,27,200,9.285714285714286,1.0,127080,8448,16
sionna,PUSCH,Table 1,27,200,11.071428571428573,1.0,127080,8448,16
sionna,PUSCH,Table 1,27,200,12.857142857142858,1.0,127080,8448,16
sionna,PUSCH,Table 1,27,200,14.642857142857142,1.0,127080,8448,16
sionna,PUSCH,Table 1,27,200,16.42857142857143,1.0,127080,8448,16
sionna,PUSCH,Table 1,27,200,18.214285714285715,1.0,127080,8448,16
sionna,PUSCH,Table 1,27,200,20.0,0.05708061168818357,127080,8448,16
sionna,PUSCH,Table 2,9,10,-5.0,1.0,2976,3200,1
sionna,PUSCH,Table 2,9,10,-3.2142857142857144,0.9300000071525574,2976,3200,1
sionna,PUSCH,Table 2,9,10,-1.4285714285714284,0.0,2976,3200,1
sionna,PUSCH,Table 2,9,10,0.35714285714285765,0.0,2976,3200,1
sionna,PUSCH,Table 2,9,10,2.1428571428571432,0.0,2976,3200,1
sionna,PUSCH,Table 2,9,10,3.928571428571429,0.0,2976,3200,1
sionna,PUSCH,Table 2,9,10,5.714285714285715,0.0,2976,3200,1
sionna,PUSCH,Table 2,9,10,7.5,0.0,2976,3200,1
sionna,PUSCH,Table 2,9,10,9.285714285714286,0.0,2976,3200,1
sionna,PUSCH,Table 2,9,10,11.071428571428573,0.0,2976,3200,1
sionna,PUSCH,Table 2,9,10,12.857142857142858,0.0,2976,3200,1
sionna,PUSCH,Table 2,9,10,14.642857142857142,0.0,2976,3200,1
sionna,PUSCH,Table 2,9,10,16.42857142857143,0.0,2976,3200,1
sionna,PUSCH,Table 2,9,10,18.214285714285715,0.0,2976,3200,1
sionna,PUSCH,Table 2,9,10,20.0,0.0,2976,3200,1
sionna,PUSCH,Table 2,9,100,-5.0,1.0,28680,7744,4
sionna,PUSCH,Table 2,9,100,-3.2142857142857144,0.9999759900098133,28680,7744,4
sionna,PUSCH,Table 2,9,100,-1.4285714285714284,0.0,28680,7744,4
sionna,PUSCH,Table 2,9,100,0.35714285714285765,0.0,28680,7744,4
sionna,PUSCH,Table 2,9,100,2.1428571428571432,0.0,28680,7744,4
sionna,PUSCH,Table 2,9,100,3.928571428571429,0.0,28680,7744,4
sionna,PUSCH,Table 2,9,100,5.714285714285715,0.0,28680,7744,4
sionna,PUSCH,Table 2,9,100,7.5,0.0,28680,7744,4
sionna,PUSCH,Table 2,9,100,9.285714285714286,0.0,28680,7744,4
sionna,PUSCH,Table 2,9,100,11.071428571428573,0.0,28680,7744,4
sionna,PUSCH,Table 2,9,100,12.857142857142858,0.0,28680,7744,4
sionna,PUSCH,Table 2,9,100,14.642857142857142,0.0,28680,7744,4
sionna,PUSCH,Table 2,9,100,16.42857142857143,0.0,28680,7744,4
sionna,PUSCH,Table 2,9,100,18.214285714285715,0.0,28680,7744,4
sionna,PUSCH,Table 2,9,100,20.0,0.0,28680,7744,4
sionna,PUSCH,Table 2,9,200,-5.0,1.0,57376,8448,7
sionna,PUSCH,Table 2,9,200,-3.2142857142857144,0.9999999917645759,57376,8448,7
sionna,PUSCH,Table 2,9,200,-1.4285714285714284,0.0,57376,8448,7
sionna,PUSCH,Table 2,9,200,0.35714285714285765,0.0,57376,8448,7
sionna,PUSCH,Table 2,9,200,2.1428571428571432,0.0,57376,8448,7
sionna,PUSCH,Table 2,9,200,3.928571428571429,0.0,57376,8448,7
sionna,PUSCH,Table 2,9,200,5.714285714285715,0.0,57376,8448,7
sionna,PUSCH,Table 2,9,200,7.5,0.0,57376,8448,7
sionna,PUSCH,Table 2,9,200,9.285714285714286,0.0,57376,8448,7
sionna,PUSCH,Table 2,9,200,11.071428571428573,0.0,57376,8448,7
sionna,PUSCH,Table 2,9,200,12.857142857142858,0.0,57376,8448,7
sionna,PUSCH,Table 2,9,200,14.642857142857142,0.0,57376,8448,7
sionna,PUSCH,Table 2,9,200,16.42857142857143,0.0,57376,8448,7
sionna,PUSCH,Table 2,9,200,18.214285714285715,0.0,57376,8448,7
sionna,PUSCH,Table 2,9,200,20.0,0.0,57376,8448,7
sionna,PUSCH,Table 2,10,10,-5.0,1.0,3104,3200,1
sionna,PUSCH,Table 2,10,10,-3.2142857142857144,1.0,3104,3200,1
sionna,PUSCH,Table 2,10,10,-1.4285714285714284,0.003666666569188237,3104,3200,1
sionna,PUSCH,Table 2,10,10,0.35714285714285765,0.0,3104,3200,1
sionna,PUSCH,Table 2,10,10,2.1428571428571432,0.0,3104,3200,1
sionna,PUSCH,Table 2,10,10,3.928571428571429,0.0,3104,3200,1
sionna,PUSCH,Table 2,10,10,5.714285714285715,0.0,3104,3200,1
sionna,PUSCH,Table 2,10,10,7.5,0.0,3104,3200,1
sionna,PUSCH,Table 2,10,10,9.285714285714286,0.0,3104,3200,1
sionna,PUSCH,Table 2,10,10,11.071428571428573,0.0,3104,3200,1
sionna,PUSCH,Table 2,10,10,12.857142857142858,0.0,3104,3200,1
sionna,PUSCH,Table 2,10,10,14.642857142857142,0.0,3104,3200,1
sionna,PUSCH,Table 2,10,10,16.42857142857143,0.0,3104,3200,1
sionna,PUSCH,Table 2,10,10,18.214285714285715,0.0,3104,3200,1
sionna,PUSCH,Table 2,10,10,20.0,0.0,3104,3200,1
sionna,PUSCH,Table 2,10,100,-5.0,1.0,30728,7744,4
sionna,PUSCH,Table 2,10,100,-3.2142857142857144,1.0,30728,7744,4
sionna,PUSCH,Table 2,10,100,-1.4285714285714284,0.01458619661879168,30728,7744,4
sionna,PUSCH,Table 2,10,100,0.35714285714285765,0.0,30728,7744,4
sionna,PUSCH,Table 2,10,100,2.1428571428571432,0.0,30728,7744,4
sionna,PUSCH,Table 2,10,100,3.928571428571429,0.0,30728,7744,4
sionna,PUSCH,Table 2,10,100,5.714285714285715,0.0,30728,7744,4
sionna,PUSCH,Table 2,10,100,7.5,0.0,30728,7744,4
sionna,PUSCH,Table 2,10,100,9.285714285714286,0.0,30728,7744,4
sionna,PUSCH,Table 2,10,100,11.071428571428573,0.0,30728,7744,4
sionna,PUSCH,Table 2,10,100,12.857142857142858,0.0,30728,7744,4
sionna,PUSCH,Table 2,10,100,14.642857142857142,0.0,30728,7744,4
sionna,PUSCH,Table 2,10,100,16.42857142857143,0.0,30728,7744,4
sionna,PUSCH,Table 2,10,100,18.214285714285715,0.0,30728,7744,4
sionna,PUSCH,Table 2,10,100,20.0,0.0,30728,7744,4
sionna,PUSCH,Table 2,10,200,-5.0,1.0,61480,7744,8
sionna,PUSCH,Table 2,10,200,-3.2142857142857144,1.0,61480,7744,8
sionna,PUSCH,Table 2,10,200,-1.4285714285714284,0.02895963610578145,61480,7744,8
sionna,PUSCH,Table 2,10,200,0.35714285714285765,0.0,61480,7744,8
sionna,PUSCH,Table 2,10,200,2.1428571428571432,0.0,61480,7744,8
sionna,PUSCH,Table 2,10,200,3.928571428571429,0.0,61480,7744,8
sionna,PUSCH,Table 2,10,200,5.714285714285715,0.0,61480,7744,8
sionna,PUSCH,Table 2,10,200,7.5,0.0,61480,7744,8
sionna,PUSCH,Table 2,10,200,9.285714285714286,0.0,61480,7744,8
sionna,PUSCH,Table 2,10,200,11.071428571428573,0.0,61480,7744,8
sionna,PUSCH,Table 2,10,200,12.857142857142858,0.0,61480,7744,8
sionna,PUSCH,Table 2,10,200,14.642857142857142,0.0,61480,7744,8
sionna,PUSCH,Table 2,10,200,16.42857142857143,0.0,61480,7744,8
sionna,PUSCH,Table 2,10,200,18.214285714285715,0.0,61480,7744,8
sionna,PUSCH,Table 2,10,200,20.0,0.0,61480,7744,8
sionna,PUSCH,Table 2,11,10,-5.0,1.0,3368,3520,1
sionna,PUSCH,Table 2,11,10,-3.2142857142857144,1.0,3368,3520,1
sionna,PUSCH,Table 2,11,10,-1.4285714285714284,1.0,3368,3520,1
sionna,PUSCH,Table 2,11,10,0.35714285714285765,0.0,3368,3520,1
sionna,PUSCH,Table 2,11,10,2.1428571428571432,0.0,3368,3520,1
sionna,PUSCH,Table 2,11,10,3.928571428571429,0.0,3368,3520,1
sionna,PUSCH,Table 2,11,10,5.714285714285715,0.0,3368,3520,1
sionna,PUSCH,Table 2,11,10,7.5,0.0,3368,3520,1
sionna,PUSCH,Table 2,11,10,9.285714285714286,0.0,3368,3520,1
sionna,PUSCH,Table 2,11,10,11.071428571428573,0.0,3368,3520,1
sionna,PUSCH,Table 2,11,10,12.857142857142858,0.0,3368,3520,1
sionna,PUSCH,Table 2,11,10,14.642857142857142,0.0,3368,3520,1
sionna,PUSCH,Table 2,11,10,16.42857142857143,0.0,3368,3520,1
sionna,PUSCH,Table 2,11,10,18.214285714285715,0.0,3368,3520,1
sionna,PUSCH,Table 2,11,10,20.0,0.0,3368,3520,1
sionna,PUSCH,Table 2,11,100,-5.0,1.0,32776,8448,4
sionna,PUSCH,Table 2,11,100,-3.2142857142857144,1.0,32776,8448,4
sionna,PUSCH,Table 2,11,100,-1.4285714285714284,1.0,32776,8448,4
sionna,PUSCH,Table 2,11,100,0.35714285714285765,0.0,32776,8448,4
sionna,PUSCH,Table 2,11,100,2.1428571428571432,0.0,32776,8448,4
sionna,PUSCH,Table 2,11,100,3.928571428571429,0.0,32776,8448,4
sionna,PUSCH,Table 2,11,100,5.714285714285715,0.0,32776,8448,4
sionna,PUSCH,Table 2,11,100,7.5,0.0,32776,8448,4
sionna,PUSCH,Table 2,11,100,9.285714285714286,0.0,32776,8448,4
sionna,PUSCH,Table 2,11,100,11.071428571428573,0.0,32776,8448,4
sionna,PUSCH,Table 2,11,100,12.857142857142858,0.0,32776,8448,4
sionna,PUSCH,Table 2,11,100,14.642857142857142,0.0,32776,8448,4
sionna,PUSCH,Table 2,11,100,16.42857142857143,0.0,32776,8448,4
sionna,PUSCH,Table 2,11,100,18.214285714285715,0.0,32776,8448,4
sionna,PUSCH,Table 2,11,100,20.0,0.0,32776,8448,4
sionna,PUSCH,Table 2,11,200,-5.0,1.0,65576,8448,8
sionna,PUSCH,Table 2,11,200,-3.2142857142857144,1.0,65576,8448,8
sionna,PUSCH,Table 2,11,200,-1.4285714285714284,1.0,65576,8448,8
sionna,PUSCH,Table 2,11,200,0.35714285714285765,0.0,65576,8448,8
sionna,PUSCH,Table 2,11,200,2.1428571428571432,0.0,65576,8448,8
sionna,PUSCH,Table 2,11,200,3.928571428571429,0.0,65576,8448,8
sionna,PUSCH,Table 2,11,200,5.714285714285715,0.0,65576,8448,8
sionna,PUSCH,Table 2,11,200,7.5,0.0,65576,8448,8
sionna,PUSCH,Table 2,11,200,9.285714285714286,0.0,65576,8448,8
sionna,PUSCH,Table 2,11,200,11.071428571428573,0.0,65576,8448,8
sionna,PUSCH,Table 2,11,200,12.857142857142858,0.0,65576,8448,8
sionna,PUSCH,Table 2,11,200,14.642857142857142,0.0,65576,8448,8
sionna,PUSCH,Table 2,11,200,16.42857142857143,0.0,65576,8448,8
sionna,PUSCH,Table 2,11,200,18.214285714285715,0.0,65576,8448,8
sionna,PUSCH,Table 2,11,200,20.0,0.0,65576,8448,8
sionna,PUSCH,Table 2,12,10,-5.0,1.0,3624,3840,1
sionna,PUSCH,Table 2,12,10,-3.2142857142857144,1.0,3624,3840,1
sionna,PUSCH,Table 2,12,10,-1.4285714285714284,1.0,3624,3840,1
sionna,PUSCH,Table 2,12,10,0.35714285714285765,0.20160000026226044,3624,3840,1
sionna,PUSCH,Table 2,12,10,2.1428571428571432,0.0,3624,3840,1
sionna,PUSCH,Table 2,12,10,3.928571428571429,0.0,3624,3840,1
sionna,PUSCH,Table 2,12,10,5.714285714285715,0.0,3624,3840,1
sionna,PUSCH,Table 2,12,10,7.5,0.0,3624,3840,1
sionna,PUSCH,Table 2,12,10,9.285714285714286,0.0,3624,3840,1
sionna,PUSCH,Table 2,12,10,11.071428571428573,0.0,3624,3840,1
sionna,PUSCH,Table 2,12,10,12.857142857142858,0.0,3624,3840,1
sionna,PUSCH,Table 2,12,10,14.642857142857142,0.0,3624,3840,1
sionna,PUSCH,Table 2,12,10,16.42857142857143,0.0,3624,3840,1
sionna,PUSCH,Table 2,12,10,18.214285714285715,0.0,3624,3840,1
sionna,PUSCH,Table 2,12,10,20.0,0.0,3624,3840,1
sionna,PUSCH,Table 2,12,100,-5.0,1.0,35856,7744,5
sionna,PUSCH,Table 2,12,100,-3.2142857142857144,1.0,35856,7744,5
sionna,PUSCH,Table 2,12,100,-1.4285714285714284,1.0,35856,7744,5
sionna,PUSCH,Table 2,12,100,0.35714285714285765,0.6755837195210215,35856,7744,5
sionna,PUSCH,Table 2,12,100,2.1428571428571432,0.0,35856,7744,5
sionna,PUSCH,Table 2,12,100,3.928571428571429,0.0,35856,7744,5
sionna,PUSCH,Table 2,12,100,5.714285714285715,0.0,35856,7744,5
sionna,PUSCH,Table 2,12,100,7.5,0.0,35856,7744,5
sionna,PUSCH,Table 2,12,100,9.285714285714286,0.0,35856,7744,5
sionna,PUSCH,Table 2,12,100,11.071428571428573,0.0,35856,7744,5
sionna,PUSCH,Table 2,12,100,12.857142857142858,0.0,35856,7744,5
sionna,PUSCH,Table 2,12,100,14.642857142857142,0.0,35856,7744,5
sionna,PUSCH,Table 2,12,100,16.42857142857143,0.0,35856,7744,5
sionna,PUSCH,Table 2,12,100,18.214285714285715,0.0,35856,7744,5
sionna,PUSCH,Table 2,12,100,20.0,0.0,35856,7744,5
sionna,PUSCH,Table 2,12,200,-5.0,1.0,71688,8448,9
sionna,PUSCH,Table 2,12,200,-3.2142857142857144,1.0,71688,8448,9
sionna,PUSCH,Table 2,12,200,-1.4285714285714284,1.0,71688,8448,9
sionna,PUSCH,Table 2,12,200,0.35714285714285765,0.8681789540651469,71688,8448,9
sionna,PUSCH,Table 2,12,200,2.1428571428571432,0.0,71688,8448,9
sionna,PUSCH,Table 2,12,200,3.928571428571429,0.0,71688,8448,9
sionna,PUSCH,Table 2,12,200,5.714285714285715,0.0,71688,8448,9
sionna,PUSCH,Table 2,12,200,7.5,0.0,71688,8448,9
sionna,PUSCH,Table 2,12,200,9.285714285714286,0.0,71688,8448,9
sionna,PUSCH,Table 2,12,200,11.071428571428573,0.0,71688,8448,9
sionna,PUSCH,Table 2,12,200,12.857142857142858,0.0,71688,8448,9
sionna,PUSCH,Table 2,12,200,14.642857142857142,0.0,71688,8448,9
sionna,PUSCH,Table 2,12,200,16.42857142857143,0.0,71688,8448,9
sionna,PUSCH,Table 2,12,200,18.214285714285715,0.0,71688,8448,9
sionna,PUSCH,Table 2,12,200,20.0,0.0,71688,8448,9
sionna,PUSCH,Table 2,13,10,-5.0,1.0,3968,4224,1
sionna,PUSCH,Table 2,13,10,-3.2142857142857144,1.0,3968,4224,1
sionna,PUSCH,Table 2,13,10,-1.4285714285714284,1.0,3968,4224,1
sionna,PUSCH,Table 2,13,10,0.35714285714285765,1.0,3968,4224,1
sionna,PUSCH,Table 2,13,10,2.1428571428571432,0.0,3968,4224,1
sionna,PUSCH,Table 2,13,10,3.928571428571429,0.0,3968,4224,1
sionna,PUSCH,Table 2,13,10,5.714285714285715,0.0,3968,4224,1
sionna,PUSCH,Table 2,13,10,7.5,0.0,3968,4224,1
sionna,PUSCH,Table 2,13,10,9.285714285714286,0.0,3968,4224,1
sionna,PUSCH,Table 2,13,10,11.071428571428573,0.0,3968,4224,1
sionna,PUSCH,Table 2,13,10,12.857142857142858,0.0,3968,4224,1
sionna,PUSCH,Table 2,13,10,14.642857142857142,0.0,3968,4224,1
sionna,PUSCH,Table 2,13,10,16.42857142857143,0.0,3968,4224,1
sionna,PUSCH,Table 2,13,10,18.214285714285715,0.0,3968,4224,1
sionna,PUSCH,Table 2,13,10,20.0,0.0,3968,4224,1
sionna,PUSCH,Table 2,13,100,-5.0,1.0,39936,8448,5
sionna,PUSCH,Table 2,13,100,-3.2142857142857144,1.0,39936,8448,5
sionna,PUSCH,Table 2,13,100,-1.4285714285714284,1.0,39936,8448,5
sionna,PUSCH,Table 2,13,100,0.35714285714285765,1.0,39936,8448,5
sionna,PUSCH,Table 2,13,100,2.1428571428571432,0.0,39936,8448,5
sionna,PUSCH,Table 2,13,100,3.928571428571429,0.0,39936,8448,5
sionna,PUSCH,Table 2,13,100,5.714285714285715,0.0,39936,8448,5
sionna,PUSCH,Table 2,13,100,7.5,0.0,39936,8448,5
sionna,PUSCH,Table 2,13,100,9.285714285714286,0.0,39936,8448,5
sionna,PUSCH,Table 2,13,100,11.071428571428573,0.0,39936,8448,5
sionna,PUSCH,Table 2,13,100,12.857142857142858,0.0,39936,8448,5
sionna,PUSCH,Table 2,13,100,14.642857142857142,0.0,39936,8448,5
sionna,PUSCH,Table 2,13,100,16.42857142857143,0.0,39936,8448,5
sionna,PUSCH,Table 2,13,100,18.214285714285715,0.0,39936,8448,5
sionna,PUSCH,Table 2,13,100,20.0,0.0,39936,8448,5
sionna,PUSCH,Table 2,13,200,-5.0,1.0,79896,8448,10
sionna,PUSCH,Table 2,13,200,-3.2142857142857144,1.0,79896,8448,10
sionna,PUSCH,Table 2,13,200,-1.4285714285714284,1.0,79896,8448,10
sionna,PUSCH,Table 2,13,200,0.35714285714285765,1.0,79896,8448,10
sionna,PUSCH,Table 2,13,200,2.1428571428571432,0.0,79896,8448,10
sionna,PUSCH,Table 2,13,200,3.928571428571429,0.0,79896,8448,10
sionna,PUSCH,Table 2,13,200,5.714285714285715,0.0,79896,8448,10
sionna,PUSCH,Table 2,13,200,7.5,0.0,79896,8448,10
sionna,PUSCH,Table 2,13,200,9.285714285714286,0.0,79896,8448,10
sionna,PUSCH,Table 2,13,200,11.071428571428573,0.0,79896,8448,10
sionna,PUSCH,Table 2,13,200,12.857142857142858,0.0,79896,8448,10
sionna,PUSCH,Table 2,13,200,14.642857142857142,0.0,79896,8448,10
sionna,PUSCH,Table 2,13,200,16.42857142857143,0.0,79896,8448,10
sionna,PUSCH,Table 2,13,200,18.214285714285715,0.0,79896,8448,10
sionna,PUSCH,Table 2,13,200,20.0,0.0,79896,8448,10
sionna,PUSCH,Table 2,14,10,-5.0,1.0,4352,4576,1
sionna,PUSCH,Table 2,14,10,-3.2142857142857144,1.0,4352,4576,1
sionna,PUSCH,Table 2,14,10,-1.4285714285714284,1.0,4352,4576,1
sionna,PUSCH,Table 2,14,10,0.35714285714285765,1.0,4352,4576,1
sionna,PUSCH,Table 2,14,10,2.1428571428571432,0.3976922929286957,4352,4576,1
sionna,PUSCH,Table 2,14,10,3.928571428571429,0.0,4352,4576,1
sionna,PUSCH,Table 2,14,10,5.714285714285715,0.0,4352,4576,1
sionna,PUSCH,Table 2,14,10,7.5,0.0,4352,4576,1
sionna,PUSCH,Table 2,14,10,9.285714285714286,0.0,4352,4576,1
sionna,PUSCH,Table 2,14,10,11.071428571428573,0.0,4352,4576,1
sionna,PUSCH,Table 2,14,10,12.857142857142858,0.0,4352,4576,1
sionna,PUSCH,Table 2,14,10,14.642857142857142,0.0,4352,4576,1
sionna,PUSCH,Table 2,14,10,16.42857142857143,0.0,4352,4576,1
sionna,PUSCH,Table 2,14,10,18.214285714285715,0.0,4352,4576,1
sionna,PUSCH,Table 2,14,10,20.0,0.0,4352,4576,1
sionna,PUSCH,Table 2,14,100,-5.0,1.0,43032,7744,6
sionna,PUSCH,Table 2,14,100,-3.2142857142857144,1.0,43032,7744,6
sionna,PUSCH,Table 2,14,100,-1.4285714285714284,1.0,43032,7744,6
sionna,PUSCH,Table 2,14,100,0.35714285714285765,1.0,43032,7744,6
sionna,PUSCH,Table 2,14,100,2.1428571428571432,0.9522569101486437,43032,7744,6
sionna,PUSCH,Table 2,14,100,3.928571428571429,0.0,43032,7744,6
sionna,PUSCH,Table 2,14,100,5.714285714285715,0.0,43032,7744,6
sionna,PUSCH,Table 2,14,100,7.5,0.0,43032,7744,6
sionna,PUSCH,Table 2,14,100,9.285714285714286,0.0,43032,7744,6
sionna,PUSCH,Table 2,14,100,11.071428571428573,0.0,43032,7744,6
sionna,PUSCH,Table 2,14,100,12.857142857142858,0.0,43032,7744,6
sionna,PUSCH,Table 2,14,100,14.642857142857142,0.0,43032,7744,6
sionna,PUSCH,Table 2,14,100,16.42857142857143,0.0,43032,7744,6
sionna,PUSCH,Table 2,14,100,18.214285714285715,0.0,43032,7744,6
sionna,PUSCH,Table 2,14,100,20.0,0.0,43032,7744,6
sionna,PUSCH,Table 2,14,200,-5.0,1.0,86040,8448,11
sionna,PUSCH,Table 2,14,200,-3.2142857142857144,1.0,86040,8448,11
sionna,PUSCH,Table 2,14,200,-1.4285714285714284,1.0,86040,8448,11
sionna,PUSCH,Table 2,14,200,0.35714285714285765,1.0,86040,8448,11
sionna,PUSCH,Table 2,14,200,2.1428571428571432,0.9962155512841797,86040,8448,11
sionna,PUSCH,Table 2,14,200,3.928571428571429,0.0,86040,8448,11
sionna,PUSCH,Table 2,14,200,5.714285714285715,0.0,86040,8448,11
sionna,PUSCH,Table 2,14,200,7.5,0.0,86040,8448,11
sionna,PUSCH,Table 2,14,200,9.285714285714286,0.0,86040,8448,11
sionna,PUSCH,Table 2,14,200,11.071428571428573,0.0,86040,8448,11
sionna,PUSCH,Table 2,14,200,12.857142857142858,0.0,86040,8448,11
sionna,PUSCH,Table 2,14,200,14.642857142857142,0.0,86040,8448,11
sionna,PUSCH,Table 2,14,200,16.42857142857143,0.0,86040,8448,11
sionna,PUSCH,Table 2,14,200,18.214285714285715,0.0,86040,8448,11
sionna,PUSCH,Table 2,14,200,20.0,0.0,86040,8448,11
sionna,PUSCH,Table 2,15,10,-5.0,1.0,4608,4928,1
sionna,PUSCH,Table 2,15,10,-3.2142857142857144,1.0,4608,4928,1
sionna,PUSCH,Table 2,15,10,-1.4285714285714284,1.0,4608,4928,1
sionna,PUSCH,Table 2,15,10,0.35714285714285765,1.0,4608,4928,1
sionna,PUSCH,Table 2,15,10,2.1428571428571432,1.0,4608,4928,1
sionna,PUSCH,Table 2,15,10,3.928571428571429,0.0,4608,4928,1
sionna,PUSCH,Table 2,15,10,5.714285714285715,0.0,4608,4928,1
sionna,PUSCH,Table 2,15,10,7.5,0.0,4608,4928,1
sionna,PUSCH,Table 2,15,10,9.285714285714286,0.0,4608,4928,1
sionna,PUSCH,Table 2,15,10,11.071428571428573,0.0,4608,4928,1
sionna,PUSCH,Table 2,15,10,12.857142857142858,0.0,4608,4928,1
sionna,PUSCH,Table 2,15,10,14.642857142857142,0.0,4608,4928,1
sionna,PUSCH,Table 2,15,10,16.42857142857143,0.0,4608,4928,1
sionna,PUSCH,Table 2,15,10,18.214285714285715,0.0,4608,4928,1
sionna,PUSCH,Table 2,15,10,20.0,0.0,4608,4928,1
sionna,PUSCH,Table 2,15,100,-5.0,1.0,47112,8448,6
sionna,PUSCH,Table 2,15,100,-3.2142857142857144,1.0,47112,8448,6
sionna,PUSCH,Table 2,15,100,-1.4285714285714284,1.0,47112,8448,6
sionna,PUSCH,Table 2,15,100,0.35714285714285765,1.0,47112,8448,6
sionna,PUSCH,Table 2,15,100,2.1428571428571432,1.0,47112,8448,6
sionna,PUSCH,Table 2,15,100,3.928571428571429,0.0,47112,8448,6
sionna,PUSCH,Table 2,15,100,5.714285714285715,0.0,47112,8448,6
sionna,PUSCH,Table 2,15,100,7.5,0.0,47112,8448,6
sionna,PUSCH,Table 2,15,100,9.285714285714286,0.0,47112,8448,6
sionna,PUSCH,Table 2,15,100,11.071428571428573,0.0,47112,8448,6
sionna,PUSCH,Table 2,15,100,12.857142857142858,0.0,47112,8448,6
sionna,PUSCH,Table 2,15,100,14.642857142857142,0.0,47112,8448,6
sionna,PUSCH,Table 2,15,100,16.42857142857143,0.0,47112,8448,6
sionna,PUSCH,Table 2,15,100,18.214285714285715,0.0,47112,8448,6
sionna,PUSCH,Table 2,15,100,20.0,0.0,47112,8448,6
sionna,PUSCH,Table 2,15,200,-5.0,1.0,94248,8448,12
sionna,PUSCH,Table 2,15,200,-3.2142857142857144,1.0,94248,8448,12
sionna,PUSCH,Table 2,15,200,-1.4285714285714284,1.0,94248,8448,12
sionna,PUSCH,Table 2,15,200,0.35714285714285765,1.0,94248,8448,12
sionna,PUSCH,Table 2,15,200,2.1428571428571432,1.0,94248,8448,12
sionna,PUSCH,Table 2,15,200,3.928571428571429,0.0,94248,8448,12
sionna,PUSCH,Table 2,15,200,5.714285714285715,0.0,94248,8448,12
sionna,PUSCH,Table 2,15,200,7.5,0.0,94248,8448,12
sionna,PUSCH,Table 2,15,200,9.285714285714286,0.0,94248,8448,12
sionna,PUSCH,Table 2,15,200,11.071428571428573,0.0,94248,8448,12
sionna,PUSCH,Table 2,15,200,12.857142857142858,0.0,94248,8448,12
sionna,PUSCH,Table 2,15,200,14.642857142857142,0.0,94248,8448,12
sionna,PUSCH,Table 2,15,200,16.42857142857143,0.0,94248,8448,12
sionna,PUSCH,Table 2,15,200,18.214285714285715,0.0,94248,8448,12
sionna,PUSCH,Table 2,15,200,20.0,0.0,94248,8448,12
sionna,PUSCH,Table 2,16,10,-5.0,1.0,4992,5280,1
sionna,PUSCH,Table 2,16,10,-3.2142857142857144,1.0,4992,5280,1
sionna,PUSCH,Table 2,16,10,-1.4285714285714284,1.0,4992,5280,1
sionna,PUSCH,Table 2,16,10,0.35714285714285765,1.0,4992,5280,1
sionna,PUSCH,Table 2,16,10,2.1428571428571432,1.0,4992,5280,1
sionna,PUSCH,Table 2,16,10,3.928571428571429,0.48181816935539246,4992,5280,1
sionna,PUSCH,Table 2,16,10,5.714285714285715,0.0,4992,5280,1
sionna,PUSCH,Table 2,16,10,7.5,0.0,4992,5280,1
sionna,PUSCH,Table 2,16,10,9.285714285714286,0.0,4992,5280,1
sionna,PUSCH,Table 2,16,10,11.071428571428573,0.0,4992,5280,1
sionna,PUSCH,Table 2,16,10,12.857142857142858,0.0,4992,5280,1
sionna,PUSCH,Table 2,16,10,14.642857142857142,0.0,4992,5280,1
sionna,PUSCH,Table 2,16,10,16.42857142857143,0.0,4992,5280,1
sionna,PUSCH,Table 2,16,10,18.214285714285715,0.0,4992,5280,1
sionna,PUSCH,Table 2,16,10,20.0,0.0,4992,5280,1
sionna,PUSCH,Table 2,16,100,-5.0,1.0,50184,8448,6
sionna,PUSCH,Table 2,16,100,-3.2142857142857144,1.0,50184,8448,6
sionna,PUSCH,Table 2,16,100,-1.4285714285714284,1.0,50184,8448,6
sionna,PUSCH,Table 2,16,100,0.35714285714285765,1.0,50184,8448,6
sionna,PUSCH,Table 2,16,100,2.1428571428571432,1.0,50184,8448,6
sionna,PUSCH,Table 2,16,100,3.928571428571429,0.9806405468407903,50184,8448,6
sionna,PUSCH,Table 2,16,100,5.714285714285715,0.0,50184,8448,6
sionna,PUSCH,Table 2,16,100,7.5,0.0,50184,8448,6
sionna,PUSCH,Table 2,16,100,9.285714285714286,0.0,50184,8448,6
sionna,PUSCH,Table 2,16,100,11.071428571428573,0.0,50184,8448,6
sionna,PUSCH,Table 2,16,100,12.857142857142858,0.0,50184,8448,6
sionna,PUSCH,Table 2,16,100,14.642857142857142,0.0,50184,8448,6
sionna,PUSCH,Table 2,16,100,16.42857142857143,0.0,50184,8448,6
sionna,PUSCH,Table 2,16,100,18.214285714285715,0.0,50184,8448,6
sionna,PUSCH,Table 2,16,100,20.0,0.0,50184,8448,6
sionna,PUSCH,Table 2,16,200,-5.0,1.0,100392,8448,12
sionna,PUSCH,Table 2,16,200,-3.2142857142857144,1.0,100392,8448,12
sionna,PUSCH,Table 2,16,200,-1.4285714285714284,1.0,100392,8448,12
sionna,PUSCH,Table 2,16,200,0.35714285714285765,1.0,100392,8448,12
sionna,PUSCH,Table 2,16,200,2.1428571428571432,1.0,100392,8448,12
sionna,PUSCH,Table 2,16,200,3.928571428571429,0.9996252115733764,100392,8448,12
sionna,PUSCH,Table 2,16,200,5.714285714285715,0.0,100392,8448,12
sionna,PUSCH,Table 2,16,200,7.5,0.0,100392,8448,12
sionna,PUSCH,Table 2,16,200,9.285714285714286,0.0,100392,8448,12
sionna,PUSCH,Table 2,16,200,11.071428571428573,0.0,100392,8448,12
sionna,PUSCH,Table 2,16,200,12.857142857142858,0.0,100392,8448,12
sionna,PUSCH,Table 2,16,200,14.642857142857142,0.0,100392,8448,12
sionna,PUSCH,Table 2,16,200,16.42857142857143,0.0,100392,8448,12
sionna,PUSCH,Table 2,16,200,18.214285714285715,0.0,100392,8448,12
sionna,PUSCH,Table 2,16,200,20.0,0.0,100392,8448,12
sionna,PUSCH,Table 2,17,10,-5.0,1.0,5376,5632,1
sionna,PUSCH,Table 2,17,10,-3.2142857142857144,1.0,5376,5632,1
sionna,PUSCH,Table 2,17,10,-1.4285714285714284,1.0,5376,5632,1
sionna,PUSCH,Table 2,17,10,0.35714285714285765,1.0,5376,5632,1
sionna,PUSCH,Table 2,17,10,2.1428571428571432,1.0,5376,5632,1
sionna,PUSCH,Table 2,17,10,3.928571428571429,1.0,5376,5632,1
sionna,PUSCH,Table 2,17,10,5.714285714285715,0.0006666666595265269,5376,5632,1
sionna,PUSCH,Table 2,17,10,7.5,0.0,5376,5632,1
sionna,PUSCH,Table 2,17,10,9.285714285714286,0.0,5376,5632,1
sionna,PUSCH,Table 2,17,10,11.071428571428573,0.0,5376,5632,1
sionna,PUSCH,Table 2,17,10,12.857142857142858,0.0,5376,5632,1
sionna,PUSCH,Table 2,17,10,14.642857142857142,0.0,5376,5632,1
sionna,PUSCH,Table 2,17,10,16.42857142857143,0.0,5376,5632,1
sionna,PUSCH,Table 2,17,10,18.214285714285715,0.0,5376,5632,1
sionna,PUSCH,Table 2,17,10,20.0,0.0,5376,5632,1
sionna,PUSCH,Table 2,17,100,-5.0,1.0,54296,8448,7
sionna,PUSCH,Table 2,17,100,-3.2142857142857144,1.0,54296,8448,7
sionna,PUSCH,Table 2,17,100,-1.4285714285714284,1.0,54296,8448,7
sionna,PUSCH,Table 2,17,100,0.35714285714285765,1.0,54296,8448,7
sionna,PUSCH,Table 2,17,100,2.1428571428571432,1.0,54296,8448,7
sionna,PUSCH,Table 2,17,100,3.928571428571429,1.0,54296,8448,7
sionna,PUSCH,Table 2,17,100,5.714285714285715,0.004657343647011536,54296,8448,7
sionna,PUSCH,Table 2,17,100,7.5,0.0,54296,8448,7
sionna,PUSCH,Table 2,17,100,9.285714285714286,0.0,54296,8448,7
sionna,PUSCH,Table 2,17,100,11.071428571428573,0.0,54296,8448,7
sionna,PUSCH,Table 2,17,100,12.857142857142858,0.0,54296,8448,7
sionna,PUSCH,Table 2,17,100,14.642857142857142,0.0,54296,8448,7
sionna,PUSCH,Table 2,17,100,16.42857142857143,0.0,54296,8448,7
sionna,PUSCH,Table 2,17,100,18.214285714285715,0.0,54296,8448,7
sionna,PUSCH,Table 2,17,100,20.0,0.0,54296,8448,7
sionna,PUSCH,Table 2,17,200,-5.0,1.0,108552,8448,13
sionna,PUSCH,Table 2,17,200,-3.2142857142857144,1.0,108552,8448,13
sionna,PUSCH,Table 2,17,200,-1.4285714285714284,1.0,108552,8448,13
sionna,PUSCH,Table 2,17,200,0.35714285714285765,1.0,108552,8448,13
sionna,PUSCH,Table 2,17,200,2.1428571428571432,1.0,108552,8448,13
sionna,PUSCH,Table 2,17,200,3.928571428571429,1.0,108552,8448,13
sionna,PUSCH,Table 2,17,200,5.714285714285715,0.008632084507593563,108552,8448,13
sionna,PUSCH,Table 2,17,200,7.5,0.0,108552,8448,13
sionna,PUSCH,Table 2,17,200,9.285714285714286,0.0,108552,8448,13
sionna,PUSCH,Table 2,17,200,11.071428571428573,0.0,108552,8448,13
sionna,PUSCH,Table 2,17,200,12.857142857142858,0.0,108552,8448,13
sionna,PUSCH,Table 2,17,200,14.642857142857142,0.0,108552,8448,13
sionna,PUSCH,Table 2,17,200,16.42857142857143,0.0,108552,8448,13
sionna,PUSCH,Table 2,17,200,18.214285714285715,0.0,108552,8448,13
sionna,PUSCH,Table 2,17,200,20.0,0.0,108552,8448,13
sionna,PUSCH,Table 2,18,10,-5.0,1.0,5760,6336,1
sionna,PUSCH,Table 2,18,10,-3.2142857142857144,1.0,5760,6336,1
sionna,PUSCH,Table 2,18,10,-1.4285714285714284,1.0,5760,6336,1
sionna,PUSCH,Table 2,18,10,0.35714285714285765,1.0,5760,6336,1
sionna,PUSCH,Table 2,18,10,2.1428571428571432,1.0,5760,6336,1
sionna,PUSCH,Table 2,18,10,3.928571428571429,1.0,5760,6336,1
sionna,PUSCH,Table 2,18,10,5.714285714285715,0.6288889050483704,5760,6336,1
sionna,PUSCH,Table 2,18,10,7.5,0.0,5760,6336,1
sionna,PUSCH,Table 2,18,10,9.285714285714286,0.0,5760,6336,1
sionna,PUSCH,Table 2,18,10,11.071428571428573,0.0,5760,6336,1
sionna,PUSCH,Table 2,18,10,12.857142857142858,0.0,5760,6336,1
sionna,PUSCH,Table 2,18,10,14.642857142857142,0.0,5760,6336,1
sionna,PUSCH,Table 2,18,10,16.42857142857143,0.0,5760,6336,1
sionna,PUSCH,Table 2,18,10,18.214285714285715,0.0,5760,6336,1
sionna,PUSCH,Table 2,18,10,20.0,0.0,5760,6336,1
sionna,PUSCH,Table 2,18,100,-5.0,1.0,57376,8448,7
sionna,PUSCH,Table 2,18,100,-3.2142857142857144,1.0,57376,8448,7
sionna,PUSCH,Table 2,18,100,-1.4285714285714284,1.0,57376,8448,7
sionna,PUSCH,Table 2,18,100,0.35714285714285765,1.0,57376,8448,7
sionna,PUSCH,Table 2,18,100,2.1428571428571432,1.0,57376,8448,7
sionna,PUSCH,Table 2,18,100,3.928571428571429,1.0,57376,8448,7
sionna,PUSCH,Table 2,18,100,5.714285714285715,0.9990305451911774,57376,8448,7
sionna,PUSCH,Table 2,18,100,7.5,0.0,57376,8448,7
sionna,PUSCH,Table 2,18,100,9.285714285714286,0.0,57376,8448,7
sionna,PUSCH,Table 2,18,100,11.071428571428573,0.0,57376,8448,7
sionna,PUSCH,Table 2,18,100,12.857142857142858,0.0,57376,8448,7
sionna,PUSCH,Table 2,18,100,14.642857142857142,0.0,57376,8448,7
sionna,PUSCH,Table 2,18,100,16.42857142857143,0.0,57376,8448,7
sionna,PUSCH,Table 2,18,100,18.214285714285715,0.0,57376,8448,7
sionna,PUSCH,Table 2,18,100,20.0,0.0,57376,8448,7
sionna,PUSCH,Table 2,18,200,-5.0,1.0,114776,8448,14
sionna,PUSCH,Table 2,18,200,-3.2142857142857144,1.0,114776,8448,14
sionna,PUSCH,Table 2,18,200,-1.4285714285714284,1.0,114776,8448,14
sionna,PUSCH,Table 2,18,200,0.35714285714285765,1.0,114776,8448,14
sionna,PUSCH,Table 2,18,200,2.1428571428571432,1.0,114776,8448,14
sionna,PUSCH,Table 2,18,200,3.928571428571429,1.0,114776,8448,14
sionna,PUSCH,Table 2,18,200,5.714285714285715,0.9999990601573736,114776,8448,14
sionna,PUSCH,Table 2,18,200,7.5,0.0,114776,8448,14
sionna,PUSCH,Table 2,18,200,9.285714285714286,0.0,114776,8448,14
sionna,PUSCH,Table 2,18,200,11.071428571428573,0.0,114776,8448,14
sionna,PUSCH,Table 2,18,200,12.857142857142858,0.0,114776,8448,14
sionna,PUSCH,Table 2,18,200,14.642857142857142,0.0,114776,8448,14
sionna,PUSCH,Table 2,18,200,16.42857142857143,0.0,114776,8448,14
sionna,PUSCH,Table 2,18,200,18.214285714285715,0.0,114776,8448,14
sionna,PUSCH,Table 2,18,200,20.0,0.0,114776,8448,14
sionna,PUSCH,Table 2,19,10,-5.0,1.0,6144,6336,1
sionna,PUSCH,Table 2,19,10,-3.2142857142857144,1.0,6144,6336,1
sionna,PUSCH,Table 2,19,10,-1.4285714285714284,1.0,6144,6336,1
sionna,PUSCH,Table 2,19,10,0.35714285714285765,1.0,6144,6336,1
sionna,PUSCH,Table 2,19,10,2.1428571428571432,1.0,6144,6336,1
sionna,PUSCH,Table 2,19,10,3.928571428571429,1.0,6144,6336,1
sionna,PUSCH,Table 2,19,10,5.714285714285715,1.0,6144,6336,1
sionna,PUSCH,Table 2,19,10,7.5,0.0020000000949949026,6144,6336,1
sionna,PUSCH,Table 2,19,10,9.285714285714286,0.0,6144,6336,1
sionna,PUSCH,Table 2,19,10,11.071428571428573,0.0,6144,6336,1
sionna,PUSCH,Table 2,19,10,12.857142857142858,0.0,6144,6336,1
sionna,PUSCH,Table 2,19,10,14.642857142857142,0.0,6144,6336,1
sionna,PUSCH,Table 2,19,10,16.42857142857143,0.0,6144,6336,1
sionna,PUSCH,Table 2,19,10,18.214285714285715,0.0,6144,6336,1
sionna,PUSCH,Table 2,19,10,20.0,0.0,6144,6336,1
sionna,PUSCH,Table 2,19,100,-5.0,1.0,61480,7744,8
sionna,PUSCH,Table 2,19,100,-3.2142857142857144,1.0,61480,7744,8
sionna,PUSCH,Table 2,19,100,-1.4285714285714284,1.0,61480,7744,8
sionna,PUSCH,Table 2,19,100,0.35714285714285765,1.0,61480,7744,8
sionna,PUSCH,Table 2,19,100,2.1428571428571432,1.0,61480,7744,8
sionna,PUSCH,Table 2,19,100,3.928571428571429,1.0,61480,7744,8
sionna,PUSCH,Table 2,19,100,5.714285714285715,1.0,61480,7744,8
sionna,PUSCH,Table 2,19,100,7.5,0.015888447631173586,61480,7744,8
sionna,PUSCH,Table 2,19,100,9.285714285714286,0.0,61480,7744,8
sionna,PUSCH,Table 2,19,100,11.071428571428573,0.0,61480,7744,8
sionna,PUSCH,Table 2,19,100,12.857142857142858,0.0,61480,7744,8
sionna,PUSCH,Table 2,19,100,14.642857142857142,0.0,61480,7744,8
sionna,PUSCH,Table 2,19,100,16.42857142857143,0.0,61480,7744,8
sionna,PUSCH,Table 2,19,100,18.214285714285715,0.0,61480,7744,8
sionna,PUSCH,Table 2,19,100,20.0,0.0,61480,7744,8
sionna,PUSCH,Table 2,19,200,-5.0,1.0,122976,8448,15
sionna,PUSCH,Table 2,19,200,-3.2142857142857144,1.0,122976,8448,15
sionna,PUSCH,Table 2,19,200,-1.4285714285714284,1.0,122976,8448,15
sionna,PUSCH,Table 2,19,200,0.35714285714285765,1.0,122976,8448,15
sionna,PUSCH,Table 2,19,200,2.1428571428571432,1.0,122976,8448,15
sionna,PUSCH,Table 2,19,200,3.928571428571429,1.0,122976,8448,15
sionna,PUSCH,Table 2,19,200,5.714285714285715,1.0,122976,8448,15
sionna,PUSCH,Table 2,19,200,7.5,0.029583619641316727,122976,8448,15
sionna,PUSCH,Table 2,19,200,9.285714285714286,0.0,122976,8448,15
sionna,PUSCH,Table 2,19,200,11.071428571428573,0.0,122976,8448,15
sionna,PUSCH,Table 2,19,200,12.857142857142858,0.0,122976,8448,15
sionna,PUSCH,Table 2,19,200,14.642857142857142,0.0,122976,8448,15
sionna,PUSCH,Table 2,19,200,16.42857142857143,0.0,122976,8448,15
sionna,PUSCH,Table 2,19,200,18.214285714285715,0.0,122976,8448,15
sionna,PUSCH,Table 2,19,200,20.0,0.0,122976,8448,15
sionna,PUSCH,Table 2,20,10,-5.0,1.0,6400,7040,1
sionna,PUSCH,Table 2,20,10,-3.2142857142857144,1.0,6400,7040,1
sionna,PUSCH,Table 2,20,10,-1.4285714285714284,1.0,6400,7040,1
sionna,PUSCH,Table 2,20,10,0.35714285714285765,1.0,6400,7040,1
sionna,PUSCH,Table 2,20,10,2.1428571428571432,1.0,6400,7040,1
sionna,PUSCH,Table 2,20,10,3.928571428571429,1.0,6400,7040,1
sionna,PUSCH,Table 2,20,10,5.714285714285715,1.0,6400,7040,1
sionna,PUSCH,Table 2,20,10,7.5,0.871666669845581,6400,7040,1
sionna,PUSCH,Table 2,20,10,9.285714285714286,0.0,6400,7040,1
sionna,PUSCH,Table 2,20,10,11.071428571428573,0.0,6400,7040,1
sionna,PUSCH,Table 2,20,10,12.857142857142858,0.0,6400,7040,1
sionna,PUSCH,Table 2,20,10,14.642857142857142,0.0,6400,7040,1
sionna,PUSCH,Table 2,20,10,16.42857142857143,0.0,6400,7040,1
sionna,PUSCH,Table 2,20,10,18.214285714285715,0.0,6400,7040,1
sionna,PUSCH,Table 2,20,10,20.0,0.0,6400,7040,1
sionna,PUSCH,Table 2,20,100,-5.0,1.0,63528,8448,8
sionna,PUSCH,Table 2,20,100,-3.2142857142857144,1.0,63528,8448,8
sionna,PUSCH,Table 2,20,100,-1.4285714285714284,1.0,63528,8448,8
sionna,PUSCH,Table 2,20,100,0.35714285714285765,1.0,63528,8448,8
sionna,PUSCH,Table 2,20,100,2.1428571428571432,1.0,63528,8448,8
sionna,PUSCH,Table 2,20,100,3.928571428571429,1.0,63528,8448,8
sionna,PUSCH,Table 2,20,100,5.714285714285715,1.0,63528,8448,8
sionna,PUSCH,Table 2,20,100,7.5,0.9999999264274664,63528,8448,8
sionna,PUSCH,Table 2,20,100,9.285714285714286,0.0,63528,8448,8
sionna,PUSCH,Table 2,20,100,11.071428571428573,0.0,63528,8448,8
sionna,PUSCH,Table 2,20,100,12.857142857142858,0.0,63528,8448,8
sionna,PUSCH,Table 2,20,100,14.642857142857142,0.0,63528,8448,8
sionna,PUSCH,Table 2,20,100,16.42857142857143,0.0,63528,8448,8
sionna,PUSCH,Table 2,20,100,18.214285714285715,0.0,63528,8448,8
sionna,PUSCH,Table 2,20,100,20.0,0.0,63528,8448,8
sionna,PUSCH,Table 2,20,200,-5.0,1.0,127080,8448,16
sionna,PUSCH,Table 2,20,200,-3.2142857142857144,1.0,127080,8448,16
sionna,PUSCH,Table 2,20,200,-1.4285714285714284,1.0,127080,8448,16
sionna,PUSCH,Table 2,20,200,0.35714285714285765,1.0,127080,8448,16
sionna,PUSCH,Table 2,20,200,2.1428571428571432,1.0,127080,8448,16
sionna,PUSCH,Table 2,20,200,3.928571428571429,1.0,127080,8448,16
sionna,PUSCH,Table 2,20,200,5.714285714285715,1.0,127080,8448,16
sionna,PUSCH,Table 2,20,200,7.5,0.9999999999999946,127080,8448,16
sionna,PUSCH,Table 2,20,200,9.285714285714286,0.0,127080,8448,16
sionna,PUSCH,Table 2,20,200,11.071428571428573,0.0,127080,8448,16
sionna,PUSCH,Table 2,20,200,12.857142857142858,0.0,127080,8448,16
sionna,PUSCH,Table 2,20,200,14.642857142857142,0.0,127080,8448,16
sionna,PUSCH,Table 2,20,200,16.42857142857143,0.0,127080,8448,16
sionna,PUSCH,Table 2,20,200,18.214285714285715,0.0,127080,8448,16
sionna,PUSCH,Table 2,20,200,20.0,0.0,127080,8448,16
sionna,PUSCH,Table 2,21,10,-5.0,1.0,6656,7040,1
sionna,PUSCH,Table 2,21,10,-3.2142857142857144,1.0,6656,7040,1
sionna,PUSCH,Table 2,21,10,-1.4285714285714284,1.0,6656,7040,1
sionna,PUSCH,Table 2,21,10,0.35714285714285765,1.0,6656,7040,1
sionna,PUSCH,Table 2,21,10,2.1428571428571432,1.0,6656,7040,1
sionna,PUSCH,Table 2,21,10,3.928571428571429,1.0,6656,7040,1
sionna,PUSCH,Table 2,21,10,5.714285714285715,1.0,6656,7040,1
sionna,PUSCH,Table 2,21,10,7.5,1.0,6656,7040,1
sionna,PUSCH,Table 2,21,10,9.285714285714286,0.0,6656,7040,1
sionna,PUSCH,Table 2,21,10,11.071428571428573,0.0,6656,7040,1
sionna,PUSCH,Table 2,21,10,12.857142857142858,0.0,6656,7040,1
sionna,PUSCH,Table 2,21,10,14.642857142857142,0.0,6656,7040,1
sionna,PUSCH,Table 2,21,10,16.42857142857143,0.0,6656,7040,1
sionna,PUSCH,Table 2,21,10,18.214285714285715,0.0,6656,7040,1
sionna,PUSCH,Table 2,21,10,20.0,0.0,6656,7040,1
sionna,PUSCH,Table 2,21,100,-5.0,1.0,67584,7744,9
sionna,PUSCH,Table 2,21,100,-3.2142857142857144,1.0,67584,7744,9
sionna,PUSCH,Table 2,21,100,-1.4285714285714284,1.0,67584,7744,9
sionna,PUSCH,Table 2,21,100,0.35714285714285765,1.0,67584,7744,9
sionna,PUSCH,Table 2,21,100,2.1428571428571432,1.0,67584,7744,9
sionna,PUSCH,Table 2,21,100,3.928571428571429,1.0,67584,7744,9
sionna,PUSCH,Table 2,21,100,5.714285714285715,1.0,67584,7744,9
sionna,PUSCH,Table 2,21,100,7.5,1.0,67584,7744,9
sionna,PUSCH,Table 2,21,100,9.285714285714286,0.0,67584,7744,9
sionna,PUSCH,Table 2,21,100,11.071428571428573,0.0,67584,7744,9
sionna,PUSCH,Table 2,21,100,12.857142857142858,0.0,67584,7744,9
sionna,PUSCH,Table 2,21,100,14.642857142857142,0.0,67584,7744,9
sionna,PUSCH,Table 2,21,100,16.42857142857143,0.0,67584,7744,9
sionna,PUSCH,Table 2,21,100,18.214285714285715,0.0,67584,7744,9
sionna,PUSCH,Table 2,21,100,20.0,0.0,67584,7744,9
sionna,PUSCH,Table 2,21,200,-5.0,1.0,135296,8448,17
sionna,PUSCH,Table 2,21,200,-3.2142857142857144,1.0,135296,8448,17
sionna,PUSCH,Table 2,21,200,-1.4285714285714284,1.0,135296,8448,17
sionna,PUSCH,Table 2,21,200,0.35714285714285765,1.0,135296,8448,17
sionna,PUSCH,Table 2,21,200,2.1428571428571432,1.0,135296,8448,17
sionna,PUSCH,Table 2,21,200,3.928571428571429,1.0,135296,8448,17
sionna,PUSCH,Table 2,21,200,5.714285714285715,1.0,135296,8448,17
sionna,PUSCH,Table 2,21,200,7.5,1.0,135296,8448,17
sionna,PUSCH,Table 2,21,200,9.285714285714286,0.0,135296,8448,17
sionna,PUSCH,Table 2,21,200,11.071428571428573,0.0,135296,8448,17
sionna,PUSCH,Table 2,21,200,12.857142857142858,0.0,135296,8448,17
sionna,PUSCH,Table 2,21,200,14.642857142857142,0.0,135296,8448,17
sionna,PUSCH,Table 2,21,200,16.42857142857143,0.0,135296,8448,17
sionna,PUSCH,Table 2,21,200,18.214285714285715,0.0,135296,8448,17
sionna,PUSCH,Table 2,21,200,20.0,0.0,135296,8448,17
sionna,PUSCH,Table 2,22,10,-5.0,1.0,7040,7744,1
sionna,PUSCH,Table 2,22,10,-3.2142857142857144,1.0,7040,7744,1
sionna,PUSCH,Table 2,22,10,-1.4285714285714284,1.0,7040,7744,1
sionna,PUSCH,Table 2,22,10,0.35714285714285765,1.0,7040,7744,1
sionna,PUSCH,Table 2,22,10,2.1428571428571432,1.0,7040,7744,1
sionna,PUSCH,Table 2,22,10,3.928571428571429,1.0,7040,7744,1
sionna,PUSCH,Table 2,22,10,5.714285714285715,1.0,7040,7744,1
sionna,PUSCH,Table 2,22,10,7.5,1.0,7040,7744,1
sionna,PUSCH,Table 2,22,10,9.285714285714286,0.08133333176374435,7040,7744,1
sionna,PUSCH,Table 2,22,10,11.071428571428573,0.0,7040,7744,1
sionna,PUSCH,Table 2,22,10,12.857142857142858,0.0,7040,7744,1
sionna,PUSCH,Table 2,22,10,14.642857142857142,0.0,7040,7744,1
sionna,PUSCH,Table 2,22,10,16.42857142857143,0.0,7040,7744,1
sionna,PUSCH,Table 2,22,10,18.214285714285715,0.0,7040,7744,1
sionna,PUSCH,Table 2,22,10,20.0,0.0,7040,7744,1
sionna,PUSCH,Table 2,22,100,-5.0,1.0,71688,8448,9
sionna,PUSCH,Table 2,22,100,-3.2142857142857144,1.0,71688,8448,9
sionna,PUSCH,Table 2,22,100,-1.4285714285714284,1.0,71688,8448,9
sionna,PUSCH,Table 2,22,100,0.35714285714285765,1.0,71688,8448,9
sionna,PUSCH,Table 2,22,100,2.1428571428571432,1.0,71688,8448,9
sionna,PUSCH,Table 2,22,100,3.928571428571429,1.0,71688,8448,9
sionna,PUSCH,Table 2,22,100,5.714285714285715,1.0,71688,8448,9
sionna,PUSCH,Table 2,22,100,7.5,1.0,71688,8448,9
sionna,PUSCH,Table 2,22,100,9.285714285714286,0.5339616743122994,71688,8448,9
sionna,PUSCH,Table 2,22,100,11.071428571428573,0.0,71688,8448,9
sionna,PUSCH,Table 2,22,100,12.857142857142858,0.0,71688,8448,9
sionna,PUSCH,Table 2,22,100,14.642857142857142,0.0,71688,8448,9
sionna,PUSCH,Table 2,22,100,16.42857142857143,0.0,71688,8448,9
sionna,PUSCH,Table 2,22,100,18.214285714285715,0.0,71688,8448,9
sionna,PUSCH,Table 2,22,100,20.0,0.0,71688,8448,9
sionna,PUSCH,Table 2,22,200,-5.0,1.0,143400,8448,18
sionna,PUSCH,Table 2,22,200,-3.2142857142857144,1.0,143400,8448,18
sionna,PUSCH,Table 2,22,200,-1.4285714285714284,1.0,143400,8448,18
sionna,PUSCH,Table 2,22,200,0.35714285714285765,1.0,143400,8448,18
sionna,PUSCH,Table 2,22,200,2.1428571428571432,1.0,143400,8448,18
sionna,PUSCH,Table 2,22,200,3.928571428571429,1.0,143400,8448,18
sionna,PUSCH,Table 2,22,200,5.714285714285715,1.0,143400,8448,18
sionna,PUSCH,Table 2,22,200,7.5,1.0,143400,8448,18
sionna,PUSCH,Table 2,22,200,9.285714285714286,0.7828082789902047,143400,8448,18
sionna,PUSCH,Table 2,22,200,11.071428571428573,0.0,143400,8448,18
sionna,PUSCH,Table 2,22,200,12.857142857142858,0.0,143400,8448,18
sionna,PUSCH,Table 2,22,200,14.642857142857142,0.0,143400,8448,18
sionna,PUSCH,Table 2,22,200,16.42857142857143,0.0,143400,8448,18
sionna,PUSCH,Table 2,22,200,18.214285714285715,0.0,143400,8448,18
sionna,PUSCH,Table 2,22,200,20.0,0.0,143400,8448,18
sionna,PUSCH,Table 2,23,10,-5.0,1.0,7424,7744,1
sionna,PUSCH,Table 2,23,10,-3.2142857142857144,1.0,7424,7744,1
sionna,PUSCH,Table 2,23,10,-1.4285714285714284,1.0,7424,7744,1
sionna,PUSCH,Table 2,23,10,0.35714285714285765,1.0,7424,7744,1
sionna,PUSCH,Table 2,23,10,2.1428571428571432,1.0,7424,7744,1
sionna,PUSCH,Table 2,23,10,3.928571428571429,1.0,7424,7744,1
sionna,PUSCH,Table 2,23,10,5.714285714285715,1.0,7424,7744,1
sionna,PUSCH,Table 2,23,10,7.5,1.0,7424,7744,1
sionna,PUSCH,Table 2,23,10,9.285714285714286,0.9983333349227905,7424,7744,1
sionna,PUSCH,Table 2,23,10,11.071428571428573,0.0,7424,7744,1
sionna,PUSCH,Table 2,23,10,12.857142857142858,0.0,7424,7744,1
sionna,PUSCH,Table 2,23,10,14.642857142857142,0.0,7424,7744,1
sionna,PUSCH,Table 2,23,10,16.42857142857143,0.0,7424,7744,1
sionna,PUSCH,Table 2,23,10,18.214285714285715,0.0,7424,7744,1
sionna,PUSCH,Table 2,23,10,20.0,0.0,7424,7744,1
sionna,PUSCH,Table 2,23,100,-5.0,1.0,73776,8448,9
sionna,PUSCH,Table 2,23,100,-3.2142857142857144,1.0,73776,8448,9
sionna,PUSCH,Table 2,23,100,-1.4285714285714284,1.0,73776,8448,9
sionna,PUSCH,Table 2,23,100,0.35714285714285765,1.0,73776,8448,9
sionna,PUSCH,Table 2,23,100,2.1428571428571432,1.0,73776,8448,9
sionna,PUSCH,Table 2,23,100,3.928571428571429,1.0,73776,8448,9
sionna,PUSCH,Table 2,23,100,5.714285714285715,1.0,73776,8448,9
sionna,PUSCH,Table 2,23,100,7.5,1.0,73776,8448,9
sionna,PUSCH,Table 2,23,100,9.285714285714286,1.0,73776,8448,9
sionna,PUSCH,Table 2,23,100,11.071428571428573,0.0,73776,8448,9
sionna,PUSCH,Table 2,23,100,12.857142857142858,0.0,73776,8448,9
sionna,PUSCH,Table 2,23,100,14.642857142857142,0.0,73776,8448,9
sionna,PUSCH,Table 2,23,100,16.42857142857143,0.0,73776,8448,9
sionna,PUSCH,Table 2,23,100,18.214285714285715,0.0,73776,8448,9
sionna,PUSCH,Table 2,23,100,20.0,0.0,73776,8448,9
sionna,PUSCH,Table 2,23,200,-5.0,1.0,147576,8448,18
sionna,PUSCH,Table 2,23,200,-3.2142857142857144,1.0,147576,8448,18
sionna,PUSCH,Table 2,23,200,-1.4285714285714284,1.0,147576,8448,18
sionna,PUSCH,Table 2,23,200,0.35714285714285765,1.0,147576,8448,18
sionna,PUSCH,Table 2,23,200,2.1428571428571432,1.0,147576,8448,18
sionna,PUSCH,Table 2,23,200,3.928571428571429,1.0,147576,8448,18
sionna,PUSCH,Table 2,23,200,5.714285714285715,1.0,147576,8448,18
sionna,PUSCH,Table 2,23,200,7.5,1.0,147576,8448,18
sionna,PUSCH,Table 2,23,200,9.285714285714286,1.0,147576,8448,18
sionna,PUSCH,Table 2,23,200,11.071428571428573,0.0,147576,8448,18
sionna,PUSCH,Table 2,23,200,12.857142857142858,0.0,147576,8448,18
sionna,PUSCH,Table 2,23,200,14.642857142857142,0.0,147576,8448,18
sionna,PUSCH,Table 2,23,200,16.42857142857143,0.0,147576,8448,18
sionna,PUSCH,Table 2,23,200,18.214285714285715,0.0,147576,8448,18
sionna,PUSCH,Table 2,23,200,20.0,0.0,147576,8448,18
sionna,PUSCH,Table 2,24,10,-5.0,1.0,7808,8448,1
sionna,PUSCH,Table 2,24,10,-3.2142857142857144,1.0,7808,8448,1
sionna,PUSCH,Table 2,24,10,-1.4285714285714284,1.0,7808,8448,1
sionna,PUSCH,Table 2,24,10,0.35714285714285765,1.0,7808,8448,1
sionna,PUSCH,Table 2,24,10,2.1428571428571432,1.0,7808,8448,1
sionna,PUSCH,Table 2,24,10,3.928571428571429,1.0,7808,8448,1
sionna,PUSCH,Table 2,24,10,5.714285714285715,1.0,7808,8448,1
sionna,PUSCH,Table 2,24,10,7.5,1.0,7808,8448,1
sionna,PUSCH,Table 2,24,10,9.285714285714286,1.0,7808,8448,1
sionna,PUSCH,Table 2,24,10,11.071428571428573,0.9016666412353516,7808,8448,1
sionna,PUSCH,Table 2,24,10,12.857142857142858,0.0,7808,8448,1
sionna,PUSCH,Table 2,24,10,14.642857142857142,0.0,7808,8448,1
sionna,PUSCH,Table 2,24,10,16.42857142857143,0.0,7808,8448,1
sionna,PUSCH,Table 2,24,10,18.214285714285715,0.0,7808,8448,1
sionna,PUSCH,Table 2,24,10,20.0,0.0,7808,8448,1
sionna,PUSCH,Table 2,24,100,-5.0,1.0,77896,8448,10
sionna,PUSCH,Table 2,24,100,-3.2142857142857144,1.0,77896,8448,10
sionna,PUSCH,Table 2,24,100,-1.4285714285714284,1.0,77896,8448,10
sionna,PUSCH,Table 2,24,100,0.35714285714285765,1.0,77896,8448,10
sionna,PUSCH,Table 2,24,100,2.1428571428571432,1.0,77896,8448,10
sionna,PUSCH,Table 2,24,100,3.928571428571429,1.0,77896,8448,10
sionna,PUSCH,Table 2,24,100,5.714285714285715,1.0,77896,8448,10
sionna,PUSCH,Table 2,24,100,7.5,1.0,77896,8448,10
sionna,PUSCH,Table 2,24,100,9.285714285714286,1.0,77896,8448,10
sionna,PUSCH,Table 2,24,100,11.071428571428573,0.9999999999154704,77896,8448,10
sionna,PUSCH,Table 2,24,100,12.857142857142858,0.0,77896,8448,10
sionna,PUSCH,Table 2,24,100,14.642857142857142,0.0,77896,8448,10
sionna,PUSCH,Table 2,24,100,16.42857142857143,0.0,77896,8448,10
sionna,PUSCH,Table 2,24,100,18.214285714285715,0.0,77896,8448,10
sionna,PUSCH,Table 2,24,100,20.0,0.0,77896,8448,10
sionna,PUSCH,Table 2,24,200,-5.0,1.0,155776,8448,19
sionna,PUSCH,Table 2,24,200,-3.2142857142857144,1.0,155776,8448,19
sionna,PUSCH,Table 2,24,200,-1.4285714285714284,1.0,155776,8448,19
sionna,PUSCH,Table 2,24,200,0.35714285714285765,1.0,155776,8448,19
sionna,PUSCH,Table 2,24,200,2.1428571428571432,1.0,155776,8448,19
sionna,PUSCH,Table 2,24,200,3.928571428571429,1.0,155776,8448,19
sionna,PUSCH,Table 2,24,200,5.714285714285715,1.0,155776,8448,19
sionna,PUSCH,Table 2,24,200,7.5,1.0,155776,8448,19
sionna,PUSCH,Table 2,24,200,9.285714285714286,1.0,155776,8448,19
sionna,PUSCH,Table 2,24,200,11.071428571428573,1.0,155776,8448,19
sionna,PUSCH,Table 2,24,200,12.857142857142858,0.0,155776,8448,19
sionna,PUSCH,Table 2,24,200,14.642857142857142,0.0,155776,8448,19
sionna,PUSCH,Table 2,24,200,16.42857142857143,0.0,155776,8448,19
sionna,PUSCH,Table 2,24,200,18.214285714285715,0.0,155776,8448,19
sionna,PUSCH,Table 2,24,200,20.0,0.0,155776,8448,19
sionna,PUSCH,Table 2,25,10,-5.0,1.0,8192,8448,1
sionna,PUSCH,Table 2,25,10,-3.2142857142857144,1.0,8192,8448,1
sionna,PUSCH,Table 2,25,10,-1.4285714285714284,1.0,8192,8448,1
sionna,PUSCH,Table 2,25,10,0.35714285714285765,1.0,8192,8448,1
sionna,PUSCH,Table 2,25,10,2.1428571428571432,1.0,8192,8448,1
sionna,PUSCH,Table 2,25,10,3.928571428571429,1.0,8192,8448,1
sionna,PUSCH,Table 2,25,10,5.714285714285715,1.0,8192,8448,1
sionna,PUSCH,Table 2,25,10,7.5,1.0,8192,8448,1
sionna,PUSCH,Table 2,25,10,9.285714285714286,1.0,8192,8448,1
sionna,PUSCH,Table 2,25,10,11.071428571428573,1.0,8192,8448,1
sionna,PUSCH,Table 2,25,10,12.857142857142858,0.020999999716877937,8192,8448,1
sionna,PUSCH,Table 2,25,10,14.642857142857142,0.0,8192,8448,1
sionna,PUSCH,Table 2,25,10,16.42857142857143,0.0,8192,8448,1
sionna,PUSCH,Table 2,25,10,18.214285714285715,0.0,8192,8448,1
sionna,PUSCH,Table 2,25,10,20.0,0.0,8192,8448,1
sionna,PUSCH,Table 2,25,100,-5.0,1.0,83976,8448,10
sionna,PUSCH,Table 2,25,100,-3.2142857142857144,1.0,83976,8448,10
sionna,PUSCH,Table 2,25,100,-1.4285714285714284,1.0,83976,8448,10
sionna,PUSCH,Table 2,25,100,0.35714285714285765,1.0,83976,8448,10
sionna,PUSCH,Table 2,25,100,2.1428571428571432,1.0,83976,8448,10
sionna,PUSCH,Table 2,25,100,3.928571428571429,1.0,83976,8448,10
sionna,PUSCH,Table 2,25,100,5.714285714285715,1.0,83976,8448,10
sionna,PUSCH,Table 2,25,100,7.5,1.0,83976,8448,10
sionna,PUSCH,Table 2,25,100,9.285714285714286,1.0,83976,8448,10
sionna,PUSCH,Table 2,25,100,11.071428571428573,1.0,83976,8448,10
sionna,PUSCH,Table 2,25,100,12.857142857142858,0.1912264880480693,83976,8448,10
sionna,PUSCH,Table 2,25,100,14.642857142857142,0.0,83976,8448,10
sionna,PUSCH,Table 2,25,100,16.42857142857143,0.0,83976,8448,10
sionna,PUSCH,Table 2,25,100,18.214285714285715,0.0,83976,8448,10
sionna,PUSCH,Table 2,25,100,20.0,0.0,83976,8448,10
sionna,PUSCH,Table 2,25,200,-5.0,1.0,167976,8448,20
sionna,PUSCH,Table 2,25,200,-3.2142857142857144,1.0,167976,8448,20
sionna,PUSCH,Table 2,25,200,-1.4285714285714284,1.0,167976,8448,20
sionna,PUSCH,Table 2,25,200,0.35714285714285765,1.0,167976,8448,20
sionna,PUSCH,Table 2,25,200,2.1428571428571432,1.0,167976,8448,20
sionna,PUSCH,Table 2,25,200,3.928571428571429,1.0,167976,8448,20
sionna,PUSCH,Table 2,25,200,5.714285714285715,1.0,167976,8448,20
sionna,PUSCH,Table 2,25,200,7.5,1.0,167976,8448,20
sionna,PUSCH,Table 2,25,200,9.285714285714286,1.0,167976,8448,20
sionna,PUSCH,Table 2,25,200,11.071428571428573,1.0,167976,8448,20
sionna,PUSCH,Table 2,25,200,12.857142857142858,0.34588540636494014,167976,8448,20
sionna,PUSCH,Table 2,25,200,14.642857142857142,0.0,167976,8448,20
sionna,PUSCH,Table 2,25,200,16.42857142857143,0.0,167976,8448,20
sionna,PUSCH,Table 2,25,200,18.214285714285715,0.0,167976,8448,20
sionna,PUSCH,Table 2,25,200,20.0,0.0,167976,8448,20
sionna,PUSCH,Table 2,26,10,-5.0,1.0,8456,4576,2
sionna,PUSCH,Table 2,26,10,-3.2142857142857144,1.0,8456,4576,2
sionna,PUSCH,Table 2,26,10,-1.4285714285714284,1.0,8456,4576,2
sionna,PUSCH,Table 2,26,10,0.35714285714285765,1.0,8456,4576,2
sionna,PUSCH,Table 2,26,10,2.1428571428571432,1.0,8456,4576,2
sionna,PUSCH,Table 2,26,10,3.928571428571429,1.0,8456,4576,2
sionna,PUSCH,Table 2,26,10,5.714285714285715,1.0,8456,4576,2
sionna,PUSCH,Table 2,26,10,7.5,1.0,8456,4576,2
sionna,PUSCH,Table 2,26,10,9.285714285714286,1.0,8456,4576,2
sionna,PUSCH,Table 2,26,10,11.071428571428573,1.0,8456,4576,2
sionna,PUSCH,Table 2,26,10,12.857142857142858,0.9993750011920923,8456,4576,2
sionna,PUSCH,Table 2,26,10,14.642857142857142,0.0,8456,4576,2
sionna,PUSCH,Table 2,26,10,16.42857142857143,0.0,8456,4576,2
sionna,PUSCH,Table 2,26,10,18.214285714285715,0.0,8456,4576,2
sionna,PUSCH,Table 2,26,10,20.0,0.0,8456,4576,2
sionna,PUSCH,Table 2,26,100,-5.0,1.0,86040,8448,11
sionna,PUSCH,Table 2,26,100,-3.2142857142857144,1.0,86040,8448,11
sionna,PUSCH,Table 2,26,100,-1.4285714285714284,1.0,86040,8448,11
sionna,PUSCH,Table 2,26,100,0.35714285714285765,1.0,86040,8448,11
sionna,PUSCH,Table 2,26,100,2.1428571428571432,1.0,86040,8448,11
sionna,PUSCH,Table 2,26,100,3.928571428571429,1.0,86040,8448,11
sionna,PUSCH,Table 2,26,100,5.714285714285715,1.0,86040,8448,11
sionna,PUSCH,Table 2,26,100,7.5,1.0,86040,8448,11
sionna,PUSCH,Table 2,26,100,9.285714285714286,1.0,86040,8448,11
sionna,PUSCH,Table 2,26,100,11.071428571428573,1.0,86040,8448,11
sionna,PUSCH,Table 2,26,100,12.857142857142858,1.0,86040,8448,11
sionna,PUSCH,Table 2,26,100,14.642857142857142,0.0,86040,8448,11
sionna,PUSCH,Table 2,26,100,16.42857142857143,0.0,86040,8448,11
sionna,PUSCH,Table 2,26,100,18.214285714285715,0.0,86040,8448,11
sionna,PUSCH,Table 2,26,100,20.0,0.0,86040,8448,11
sionna,PUSCH,Table 2,26,200,-5.0,1.0,172176,8448,21
sionna,PUSCH,Table 2,26,200,-3.2142857142857144,1.0,172176,8448,21
sionna,PUSCH,Table 2,26,200,-1.4285714285714284,1.0,172176,8448,21
sionna,PUSCH,Table 2,26,200,0.35714285714285765,1.0,172176,8448,21
sionna,PUSCH,Table 2,26,200,2.1428571428571432,1.0,172176,8448,21
sionna,PUSCH,Table 2,26,200,3.928571428571429,1.0,172176,8448,21
sionna,PUSCH,Table 2,26,200,5.714285714285715,1.0,172176,8448,21
sionna,PUSCH,Table 2,26,200,7.5,1.0,172176,8448,21
sionna,PUSCH,Table 2,26,200,9.285714285714286,1.0,172176,8448,21
sionna,PUSCH,Table 2,26,200,11.071428571428573,1.0,172176,8448,21
sionna,PUSCH,Table 2,26,200,12.857142857142858,1.0,172176,8448,21
sionna,PUSCH,Table 2,26,200,14.642857142857142,0.0,172176,8448,21
sionna,PUSCH,Table 2,26,200,16.42857142857143,0.0,172176,8448,21
sionna,PUSCH,Table 2,26,200,18.214285714285715,0.0,172176,8448,21
sionna,PUSCH,Table 2,26,200,20.0,0.0,172176,8448,21
sionna,PUSCH,Table 2,27,10,-5.0,1.0,8968,4576,2
sionna,PUSCH,Table 2,27,10,-3.2142857142857144,1.0,8968,4576,2
sionna,PUSCH,Table 2,27,10,-1.4285714285714284,1.0,8968,4576,2
sionna,PUSCH,Table 2,27,10,0.35714285714285765,1.0,8968,4576,2
sionna,PUSCH,Table 2,27,10,2.1428571428571432,1.0,8968,4576,2
sionna,PUSCH,Table 2,27,10,3.928571428571429,1.0,8968,4576,2
sionna,PUSCH,Table 2,27,10,5.714285714285715,1.0,8968,4576,2
sionna,PUSCH,Table 2,27,10,7.5,1.0,8968,4576,2
sionna,PUSCH,Table 2,27,10,9.285714285714286,1.0,8968,4576,2
sionna,PUSCH,Table 2,27,10,11.071428571428573,1.0,8968,4576,2
sionna,PUSCH,Table 2,27,10,12.857142857142858,1.0,8968,4576,2
sionna,PUSCH,Table 2,27,10,14.642857142857142,0.9998222225613063,8968,4576,2
sionna,PUSCH,Table 2,27,10,16.42857142857143,0.0006665555484177688,8968,4576,2
sionna,PUSCH,Table 2,27,10,18.214285714285715,0.0,8968,4576,2
sionna,PUSCH,Table 2,27,10,20.0,0.0,8968,4576,2
sionna,PUSCH,Table 2,27,100,-5.0,1.0,88064,8448,11
sionna,PUSCH,Table 2,27,100,-3.2142857142857144,1.0,88064,8448,11
sionna,PUSCH,Table 2,27,100,-1.4285714285714284,1.0,88064,8448,11
sionna,PUSCH,Table 2,27,100,0.35714285714285765,1.0,88064,8448,11
sionna,PUSCH,Table 2,27,100,2.1428571428571432,1.0,88064,8448,11
sionna,PUSCH,Table 2,27,100,3.928571428571429,1.0,88064,8448,11
sionna,PUSCH,Table 2,27,100,5.714285714285715,1.0,88064,8448,11
sionna,PUSCH,Table 2,27,100,7.5,1.0,88064,8448,11
sionna,PUSCH,Table 2,27,100,9.285714285714286,1.0,88064,8448,11
sionna,PUSCH,Table 2,27,100,11.071428571428573,1.0,88064,8448,11
sionna,PUSCH,Table 2,27,100,12.857142857142858,1.0,88064,8448,11
sionna,PUSCH,Table 2,27,100,14.642857142857142,1.0,88064,8448,11
sionna,PUSCH,Table 2,27,100,16.42857142857143,0.003660561623454406,88064,8448,11
sionna,PUSCH,Table 2,27,100,18.214285714285715,0.0,88064,8448,11
sionna,PUSCH,Table 2,27,100,20.0,0.0,88064,8448,11
sionna,PUSCH,Table 2,27,200,-5.0,1.0,176208,8448,21
sionna,PUSCH,Table 2,27,200,-3.2142857142857144,1.0,176208,8448,21
sionna,PUSCH,Table 2,27,200,-1.4285714285714284,1.0,176208,8448,21
sionna,PUSCH,Table 2,27,200,0.35714285714285765,1.0,176208,8448,21
sionna,PUSCH,Table 2,27,200,2.1428571428571432,1.0,176208,8448,21
sionna,PUSCH,Table 2,27,200,3.928571428571429,1.0,176208,8448,21
sionna,PUSCH,Table 2,27,200,5.714285714285715,1.0,176208,8448,21
sionna,PUSCH,Table 2,27,200,7.5,1.0,176208,8448,21
sionna,PUSCH,Table 2,27,200,9.285714285714286,1.0,176208,8448,21
sionna,PUSCH,Table 2,27,200,11.071428571428573,1.0,176208,8448,21
sionna,PUSCH,Table 2,27,200,12.857142857142858,1.0,176208,8448,21
sionna,PUSCH,Table 2,27,200,14.642857142857142,1.0,176208,8448,21
sionna,PUSCH,Table 2,27,200,16.42857142857143,0.006976715777647469,176208,8448,21
sionna,PUSCH,Table 2,27,200,18.214285714285715,0.0,176208,8448,21
sionna,PUSCH,Table 2,27,200,20.0,0.0,176208,8448,21
